2025-11-28 08:23:58,948 - Knowledge - INFO - Created shared MongoDB connection pool
2025-11-28 08:23:58,948 - Knowledge - INFO - Starting Knowledge Graph processing with 20 threads
2025-11-28 08:23:58,948 - Knowledge - INFO - Initial configuration: chunk_size=65536, max_cache_size=500
2025-11-28 08:23:58,948 - Knowledge - INFO - Knowledge Graph concurrency configuration: workers=20, max_batch_size=25, max_concurrent_llm_calls=50
2025-11-28 08:23:59,995 - Knowledge - INFO - 🔍 _load_persisted_knowledge called - checking for Redis optimization
2025-11-28 08:23:59,995 - Knowledge - WARNING - ❌ load_from_redis method not found - Redis support not attached
2025-11-28 08:23:59,995 - Knowledge - INFO - load persisted knowledge: begin
2025-11-28 08:23:59,995 - Knowledge - INFO - Loaded 0 files from persisted knowledge
2025-11-28 08:23:59,995 - Knowledge - INFO - load persisted knowledge: end
2025-11-28 08:23:59,995 - Knowledge - WARNING - No persisted knowledge found. Files will be queued during start()
2025-11-28 08:24:00,097 - Knowledge - INFO - 🔧 add_redis_support_to_knowledge called - knowledge_instance.id: 1nyaOp-b49665h, build_ids: ['b49665h']
2025-11-28 08:24:00,097 - Knowledge - INFO - 🔧 Using build_ids[0] for Redis prefix: b49665h
2025-11-28 08:24:00,097 - Knowledge - INFO - 🔧 Redis prefix set to: knowledge:b49665h:
2025-11-28 08:24:00,097 - Knowledge - INFO - 🔧 Redis support added - prefix: knowledge:b49665h:, stored build_ids: ['b49665h']
2025-11-28 08:24:00,098 - Knowledge - INFO - Redis support added with prefix knowledge:b49665h:
2025-11-28 08:24:00,315 - Knowledge - INFO - Starting knowledge initialization for ID: 1nyaOp-b49665h
2025-11-28 08:24:00,315 - Knowledge - INFO - 🔍 Checking Redis for build_id: b49665h
2025-11-28 08:24:00,315 - Knowledge - INFO - 🔍 Full session ID: 1nyaOp-b49665h
2025-11-28 08:24:00,315 - Knowledge - INFO - 🔍 Redis prefix will be: knowledge:b49665h:
2025-11-28 08:24:00,315 - Knowledge - INFO - 🔍 Using attached load_from_redis() method
2025-11-28 08:24:00,315 - Knowledge - INFO - 🔍 Attempting to load knowledge from Redis...
2025-11-28 08:24:00,315 - Knowledge - INFO - 🔍 Using build_ids for Redis lookup: ['b49665h']
2025-11-28 08:24:00,315 - Knowledge - INFO - 🔍 GETTING FROM REDIS - Requested IDs: ['b49665h']
2025-11-28 08:24:00,315 - Knowledge - INFO - 🔍 GETTING FROM REDIS - ID: b49665h, Prefix: knowledge:b49665h:
2025-11-28 08:24:00,327 - Knowledge - WARNING - ❌ NO DATA FOUND in Redis for IDs: ['b49665h'], Prefixes tried: ['knowledge:b49665h:']
2025-11-28 08:24:00,327 - Knowledge - WARNING - ❌ No Redis cache found
2025-11-28 08:24:00,327 - Knowledge - INFO - 🔍 GETTING FROM REDIS - Requested IDs: ['b49665h']
2025-11-28 08:24:00,327 - Knowledge - INFO - 🔍 GETTING FROM REDIS - ID: b49665h, Prefix: knowledge:b49665h:
2025-11-28 08:24:00,336 - Knowledge - WARNING - ❌ NO DATA FOUND in Redis for IDs: ['b49665h'], Prefixes tried: ['knowledge:b49665h:']
2025-11-28 08:24:00,336 - Knowledge - INFO - 📁 Loading knowledge from disk...
2025-11-28 08:24:00,353 - Knowledge - INFO - load persisted docinfo: begin
2025-11-28 08:24:00,353 - Knowledge - INFO - load persisted docinfo: end
2025-11-28 08:24:00,353 - Knowledge - INFO - 🔍 _load_persisted_knowledge called - checking for Redis optimization
2025-11-28 08:24:00,353 - Knowledge - INFO - ✅ load_from_redis method found - attempting Redis load
2025-11-28 08:24:00,353 - Knowledge - INFO - 🔍 Attempting to load knowledge from Redis...
2025-11-28 08:24:00,354 - Knowledge - INFO - 🔍 Using build_ids for Redis lookup: ['b49665h']
2025-11-28 08:24:00,354 - Knowledge - INFO - 🔍 GETTING FROM REDIS - Requested IDs: ['b49665h']
2025-11-28 08:24:00,354 - Knowledge - INFO - 🔍 GETTING FROM REDIS - ID: b49665h, Prefix: knowledge:b49665h:
2025-11-28 08:24:00,362 - Knowledge - WARNING - ❌ NO DATA FOUND in Redis for IDs: ['b49665h'], Prefixes tried: ['knowledge:b49665h:']
2025-11-28 08:24:00,362 - Knowledge - WARNING - ❌ No Redis cache found
2025-11-28 08:24:00,362 - Knowledge - INFO - ❌ Redis load returned False - falling back to file loading
2025-11-28 08:24:00,363 - Knowledge - INFO - load persisted knowledge: begin
2025-11-28 08:24:00,363 - Knowledge - INFO - Loaded 0 files from persisted knowledge
2025-11-28 08:24:00,363 - Knowledge - INFO - load persisted knowledge: end
2025-11-28 08:24:00,363 - Knowledge - INFO - 📁 Disk load complete in 0.03s
2025-11-28 08:24:00,363 - Knowledge - INFO - Populating ingest queue with source files...
2025-11-28 08:24:00,376 - Knowledge - INFO - Added 474 files from /Users/veera/Documents/kavia-backend/graphnode-backend-api/data/rdk7542/786/b49665h/entservices-infra-786 to ingest queue
2025-11-28 08:24:00,376 - Knowledge - INFO - Worker kw1 created using shared MongoDB connection pool
2025-11-28 08:24:00,376 - Knowledge - INFO - knowledge worker kw1 start
2025-11-28 08:24:00,376 - Knowledge - INFO - Worker kw2 created using shared MongoDB connection pool
2025-11-28 08:24:00,376 - Knowledge - INFO - [kw1] Queue=474, InProgress=0, PendingWorkers=0/1, Completed=0/474 (0.0%)
2025-11-28 08:24:00,377 - Knowledge - INFO - knowledge worker kw2 start
2025-11-28 08:24:00,377 - Knowledge - INFO - Batch sizing: calculated=15, max_allowed=25, queue=474, active_workers=0/1
2025-11-28 08:24:00,377 - Knowledge - INFO - Worker kw3 created using shared MongoDB connection pool
2025-11-28 08:24:00,377 - Knowledge - INFO - [kw2] Queue=474, InProgress=0, PendingWorkers=0/2, Completed=0/474 (0.0%)
2025-11-28 08:24:00,377 - Knowledge - INFO - Worker kw1 processing /Users/veera/Documents/kavia-backend/graphnode-backend-api/data/rdk7542/786/b49665h/entservices-infra-786/ResourceManager/CMakeLists.txt
2025-11-28 08:24:00,377 - Knowledge - INFO - Batch sizing: calculated=15, max_allowed=25, queue=474, active_workers=1/2
2025-11-28 08:24:00,377 - Knowledge - INFO - knowledge worker kw3 start
2025-11-28 08:24:00,377 - Knowledge - INFO - Worker kw4 created using shared MongoDB connection pool
2025-11-28 08:24:00,377 - Knowledge - INFO - Fast-tracked /Users/veera/Documents/kavia-backend/graphnode-backend-api/data/rdk7542/786/b49665h/entservices-infra-786/ResourceManager/CMakeLists.txt (ext=.txt, size=2929)
2025-11-28 08:24:00,377 - Knowledge - INFO - Worker kw2 processing /Users/veera/Documents/kavia-backend/graphnode-backend-api/data/rdk7542/786/b49665h/entservices-infra-786/StorageManager/README.md
2025-11-28 08:24:00,377 - Knowledge - INFO - [kw3] Queue=444, InProgress=0, PendingWorkers=2/3, Completed=0/474 (0.0%)
2025-11-28 08:24:00,377 - Knowledge - INFO - knowledge worker kw4 start
2025-11-28 08:24:00,377 - Knowledge - INFO - Worker kw1 processing /Users/veera/Documents/kavia-backend/graphnode-backend-api/data/rdk7542/786/b49665h/entservices-infra-786/ResourceManager/CHANGELOG.md
2025-11-28 08:24:00,377 - Knowledge - INFO - Worker kw5 created using shared MongoDB connection pool
2025-11-28 08:24:00,377 - Knowledge - INFO - Fast-tracked /Users/veera/Documents/kavia-backend/graphnode-backend-api/data/rdk7542/786/b49665h/entservices-infra-786/StorageManager/README.md (ext=.md, size=666)
2025-11-28 08:24:00,377 - Knowledge - INFO - Batch sizing: calculated=15, max_allowed=25, queue=444, active_workers=2/4
2025-11-28 08:24:00,378 - Knowledge - INFO - [kw4] Queue=444, InProgress=0, PendingWorkers=2/4, Completed=0/474 (0.0%)
2025-11-28 08:24:00,378 - Knowledge - INFO - Fast-tracked /Users/veera/Documents/kavia-backend/graphnode-backend-api/data/rdk7542/786/b49665h/entservices-infra-786/ResourceManager/CHANGELOG.md (ext=.md, size=1015)
2025-11-28 08:24:00,378 - Knowledge - INFO - knowledge worker kw5 start
2025-11-28 08:24:00,378 - Knowledge - INFO - Worker kw6 created using shared MongoDB connection pool
2025-11-28 08:24:00,378 - Knowledge - INFO - Worker kw2 processing /Users/veera/Documents/kavia-backend/graphnode-backend-api/data/rdk7542/786/b49665h/entservices-infra-786/StorageManager/StorageManager.cpp
2025-11-28 08:24:00,378 - Knowledge - INFO - Batch sizing: calculated=15, max_allowed=25, queue=444, active_workers=3/5
2025-11-28 08:24:00,378 - Knowledge - INFO - Worker kw3 processing /Users/veera/Documents/kavia-backend/graphnode-backend-api/data/rdk7542/786/b49665h/entservices-infra-786/LifecycleManager/ApplicationContext.h
2025-11-28 08:24:00,378 - Knowledge - INFO - Worker kw1 processing /Users/veera/Documents/kavia-backend/graphnode-backend-api/data/rdk7542/786/b49665h/entservices-infra-786/ResourceManager/Module.cpp
2025-11-28 08:24:00,378 - Knowledge - INFO - [kw5] Queue=429, InProgress=0, PendingWorkers=3/5, Completed=0/474 (0.0%)
2025-11-28 08:24:00,378 - Knowledge - INFO - knowledge worker kw6 start
2025-11-28 08:24:00,378 - Knowledge - INFO - Worker kw7 created using shared MongoDB connection pool
2025-11-28 08:24:00,378 - Knowledge - INFO - Worker kw2 processing /Users/veera/Documents/kavia-backend/graphnode-backend-api/data/rdk7542/786/b49665h/entservices-infra-786/StorageManager/Module.h
2025-11-28 08:24:00,378 - Knowledge - INFO - Worker kw3 processing /Users/veera/Documents/kavia-backend/graphnode-backend-api/data/rdk7542/786/b49665h/entservices-infra-786/LifecycleManager/README.md
2025-11-28 08:24:00,378 - Knowledge - INFO - Worker kw4 processing /Users/veera/Documents/kavia-backend/graphnode-backend-api/data/rdk7542/786/b49665h/entservices-infra-786/AppManager/AppManager.h
2025-11-28 08:24:00,378 - Knowledge - INFO - Batch sizing: calculated=15, max_allowed=25, queue=429, active_workers=4/6
2025-11-28 08:24:00,379 - Knowledge - INFO - [kw6] Queue=414, InProgress=0, PendingWorkers=4/6, Completed=0/474 (0.0%)
2025-11-28 08:24:00,379 - Knowledge - INFO - Fast-tracked /Users/veera/Documents/kavia-backend/graphnode-backend-api/data/rdk7542/786/b49665h/entservices-infra-786/ResourceManager/Module.cpp (ext=.cpp, size=816)
2025-11-28 08:24:00,379 - Knowledge - INFO - knowledge worker kw7 start
2025-11-28 08:24:00,379 - Knowledge - INFO - Worker kw8 created using shared MongoDB connection pool
2025-11-28 08:24:00,379 - Knowledge - INFO - Fast-tracked /Users/veera/Documents/kavia-backend/graphnode-backend-api/data/rdk7542/786/b49665h/entservices-infra-786/StorageManager/Module.h (ext=.h, size=919)
2025-11-28 08:24:00,379 - Knowledge - INFO - Fast-tracked /Users/veera/Documents/kavia-backend/graphnode-backend-api/data/rdk7542/786/b49665h/entservices-infra-786/LifecycleManager/README.md (ext=.md, size=146)
2025-11-28 08:24:00,379 - Knowledge - INFO - Worker kw4 processing /Users/veera/Documents/kavia-backend/graphnode-backend-api/data/rdk7542/786/b49665h/entservices-infra-786/AppManager/LifecycleInterfaceConnector.h
2025-11-28 08:24:00,379 - Knowledge - INFO - Worker kw5 processing /Users/veera/Documents/kavia-backend/graphnode-backend-api/data/rdk7542/786/b49665h/entservices-infra-786/Monitor/Monitor.h
2025-11-28 08:24:00,379 - Knowledge - INFO - Batch sizing: calculated=15, max_allowed=25, queue=414, active_workers=5/7
2025-11-28 08:24:00,379 - Knowledge - INFO - Worker kw1 processing /Users/veera/Documents/kavia-backend/graphnode-backend-api/data/rdk7542/786/b49665h/entservices-infra-786/ResourceManager/README.md
2025-11-28 08:24:00,379 - Knowledge - INFO - [kw7] Queue=399, InProgress=0, PendingWorkers=5/7, Completed=0/474 (0.0%)
2025-11-28 08:24:00,379 - Knowledge - INFO - knowledge worker kw8 start
2025-11-28 08:24:00,379 - Knowledge - INFO - Worker kw2 processing /Users/veera/Documents/kavia-backend/graphnode-backend-api/data/rdk7542/786/b49665h/entservices-infra-786/LifecycleManager/StateTransitionHandler.h
2025-11-28 08:24:00,379 - Knowledge - INFO - Worker kw9 created using shared MongoDB connection pool
2025-11-28 08:24:00,379 - Knowledge - INFO - Worker kw3 processing /Users/veera/Documents/kavia-backend/graphnode-backend-api/data/rdk7542/786/b49665h/entservices-infra-786/LifecycleManager/WindowManagerHandler.cpp
2025-11-28 08:24:00,379 - Knowledge - INFO - Worker kw4 processing /Users/veera/Documents/kavia-backend/graphnode-backend-api/data/rdk7542/786/b49665h/entservices-infra-786/AppManager/AppManager.cpp
2025-11-28 08:24:00,379 - Knowledge - INFO - Worker kw5 processing /Users/veera/Documents/kavia-backend/graphnode-backend-api/data/rdk7542/786/b49665h/entservices-infra-786/Monitor/doc/MonitorPlugin.md
2025-11-28 08:24:00,380 - Knowledge - INFO - Worker kw6 processing /Users/veera/Documents/kavia-backend/graphnode-backend-api/data/rdk7542/786/b49665h/entservices-infra-786/RustAdapter/RemotePlugin.h
2025-11-28 08:24:00,380 - Knowledge - INFO - Fast-tracked /Users/veera/Documents/kavia-backend/graphnode-backend-api/data/rdk7542/786/b49665h/entservices-infra-786/ResourceManager/README.md (ext=.md, size=1333)
2025-11-28 08:24:00,380 - Knowledge - INFO - Batch sizing: calculated=15, max_allowed=25, queue=399, active_workers=6/8
2025-11-28 08:24:00,380 - Knowledge - INFO - [kw8] Queue=384, InProgress=0, PendingWorkers=6/8, Completed=0/474 (0.0%)
2025-11-28 08:24:00,380 - Knowledge - INFO - Fast-tracked /Users/veera/Documents/kavia-backend/graphnode-backend-api/data/rdk7542/786/b49665h/entservices-infra-786/LifecycleManager/StateTransitionHandler.h (ext=.h, size=1484)
2025-11-28 08:24:00,380 - Knowledge - INFO - knowledge worker kw9 start
2025-11-28 08:24:00,380 - Knowledge - INFO - Worker kw10 created using shared MongoDB connection pool
2025-11-28 08:24:00,380 - Knowledge - INFO - Worker kw3 processing /Users/veera/Documents/kavia-backend/graphnode-backend-api/data/rdk7542/786/b49665h/entservices-infra-786/LifecycleManager/LifecycleManagerTelemetryReporting.cpp
2025-11-28 08:24:00,380 - Knowledge - INFO - Worker kw4 processing /Users/veera/Documents/kavia-backend/graphnode-backend-api/data/rdk7542/786/b49665h/entservices-infra-786/AppManager/CMakeLists.txt
2025-11-28 08:24:00,380 - Knowledge - INFO - Fast-tracked /Users/veera/Documents/kavia-backend/graphnode-backend-api/data/rdk7542/786/b49665h/entservices-infra-786/Monitor/doc/MonitorPlugin.md (ext=.md, size=373)
2025-11-28 08:24:00,380 - Knowledge - INFO - Worker kw6 processing /Users/veera/Documents/kavia-backend/graphnode-backend-api/data/rdk7542/786/b49665h/entservices-infra-786/RustAdapter/CMakeLists.txt
2025-11-28 08:24:00,380 - Knowledge - INFO - Worker kw1 processing /Users/veera/Documents/kavia-backend/graphnode-backend-api/data/rdk7542/786/b49665h/entservices-infra-786/ResourceManager/Module.h
2025-11-28 08:24:00,381 - Knowledge - INFO - Batch sizing: calculated=15, max_allowed=25, queue=384, active_workers=7/9
2025-11-28 08:24:00,381 - Knowledge - INFO - Worker kw7 processing /Users/veera/Documents/kavia-backend/graphnode-backend-api/data/rdk7542/786/b49665h/entservices-infra-786/RDKShell/Module.cpp
2025-11-28 08:24:00,381 - Knowledge - INFO - Worker kw2 processing /Users/veera/Documents/kavia-backend/graphnode-backend-api/data/rdk7542/786/b49665h/entservices-infra-786/LifecycleManager/StateHandler.cpp
2025-11-28 08:24:00,382 - Knowledge - INFO - [kw9] Queue=369, InProgress=0, PendingWorkers=7/9, Completed=0/474 (0.0%)
2025-11-28 08:24:00,382 - Knowledge - INFO - knowledge worker kw10 start
2025-11-28 08:24:00,382 - Knowledge - INFO - Worker kw11 created using shared MongoDB connection pool
2025-11-28 08:24:00,382 - Knowledge - INFO - Worker kw3 processing /Users/veera/Documents/kavia-backend/graphnode-backend-api/data/rdk7542/786/b49665h/entservices-infra-786/LifecycleManager/RuntimeManagerHandler.cpp
2025-11-28 08:24:00,382 - Knowledge - INFO - Worker kw5 processing /Users/veera/Documents/kavia-backend/graphnode-backend-api/data/rdk7542/786/b49665h/entservices-infra-786/Monitor/Module.h
2025-11-28 08:24:00,382 - Knowledge - INFO - Fast-tracked /Users/veera/Documents/kavia-backend/graphnode-backend-api/data/rdk7542/786/b49665h/entservices-infra-786/AppManager/CMakeLists.txt (ext=.txt, size=3611)
2025-11-28 08:24:00,382 - Knowledge - INFO - Fast-tracked /Users/veera/Documents/kavia-backend/graphnode-backend-api/data/rdk7542/786/b49665h/entservices-infra-786/RustAdapter/CMakeLists.txt (ext=.txt, size=1478)
2025-11-28 08:24:00,382 - Knowledge - INFO - Fast-tracked /Users/veera/Documents/kavia-backend/graphnode-backend-api/data/rdk7542/786/b49665h/entservices-infra-786/ResourceManager/Module.h (ext=.h, size=930)
2025-11-28 08:24:00,382 - Knowledge - INFO - Worker kw8 processing /Users/veera/Documents/kavia-backend/graphnode-backend-api/data/rdk7542/786/b49665h/entservices-infra-786/cmake/FindSqliteSee.cmake
2025-11-28 08:24:00,382 - Knowledge - INFO - Fast-tracked /Users/veera/Documents/kavia-backend/graphnode-backend-api/data/rdk7542/786/b49665h/entservices-infra-786/RDKShell/Module.cpp (ext=.cpp, size=765)
2025-11-28 08:24:00,382 - Knowledge - INFO - Worker kw2 processing /Users/veera/Documents/kavia-backend/graphnode-backend-api/data/rdk7542/786/b49665h/entservices-infra-786/LifecycleManager/RequestHandler.h
2025-11-28 08:24:00,382 - Knowledge - INFO - Batch sizing: calculated=15, max_allowed=25, queue=369, active_workers=8/10
2025-11-28 08:24:00,382 - Knowledge - INFO - [kw10] Queue=354, InProgress=0, PendingWorkers=8/10, Completed=0/474 (0.0%)
2025-11-28 08:24:00,382 - Knowledge - INFO - knowledge worker kw11 start
2025-11-28 08:24:00,382 - Knowledge - INFO - Worker kw12 created using shared MongoDB connection pool
2025-11-28 08:24:00,382 - Knowledge - INFO - Worker kw3 processing /Users/veera/Documents/kavia-backend/graphnode-backend-api/data/rdk7542/786/b49665h/entservices-infra-786/LifecycleManager/WindowManagerHandler.h
2025-11-28 08:24:00,382 - Knowledge - INFO - Fast-tracked /Users/veera/Documents/kavia-backend/graphnode-backend-api/data/rdk7542/786/b49665h/entservices-infra-786/Monitor/Module.h (ext=.h, size=951)
2025-11-28 08:24:00,382 - Knowledge - INFO - Worker kw4 processing /Users/veera/Documents/kavia-backend/graphnode-backend-api/data/rdk7542/786/b49665h/entservices-infra-786/AppManager/Module.cpp
2025-11-28 08:24:00,382 - Knowledge - INFO - Worker kw6 processing /Users/veera/Documents/kavia-backend/graphnode-backend-api/data/rdk7542/786/b49665h/entservices-infra-786/RustAdapter/CHANGELOG.md
2025-11-28 08:24:00,383 - Knowledge - INFO - Worker kw1 processing /Users/veera/Documents/kavia-backend/graphnode-backend-api/data/rdk7542/786/b49665h/entservices-infra-786/ResourceManager/ResourceManager.cpp
2025-11-28 08:24:00,383 - Knowledge - INFO - Worker kw7 processing /Users/veera/Documents/kavia-backend/graphnode-backend-api/data/rdk7542/786/b49665h/entservices-infra-786/RDKShell/RDKShell.h
2025-11-28 08:24:00,383 - Knowledge - INFO - Fast-tracked /Users/veera/Documents/kavia-backend/graphnode-backend-api/data/rdk7542/786/b49665h/entservices-infra-786/cmake/FindSqliteSee.cmake (ext=.cmake, size=774)
2025-11-28 08:24:00,383 - Knowledge - INFO - Worker kw2 processing /Users/veera/Documents/kavia-backend/graphnode-backend-api/data/rdk7542/786/b49665h/entservices-infra-786/LifecycleManager/LifecycleManagerImplementation.h
2025-11-28 08:24:00,383 - Knowledge - INFO - Batch sizing: calculated=15, max_allowed=25, queue=354, active_workers=9/11
2025-11-28 08:24:00,383 - Knowledge - INFO - Worker kw9 processing /Users/veera/Documents/kavia-backend/graphnode-backend-api/data/rdk7542/786/b49665h/entservices-infra-786/CHANGELOG.md
2025-11-28 08:24:00,383 - Knowledge - INFO - [kw11] Queue=339, InProgress=0, PendingWorkers=9/11, Completed=0/474 (0.0%)
2025-11-28 08:24:00,383 - Knowledge - INFO - knowledge worker kw12 start
2025-11-28 08:24:00,383 - Knowledge - INFO - Worker kw13 created using shared MongoDB connection pool
2025-11-28 08:24:00,383 - Knowledge - INFO - Worker kw5 processing /Users/veera/Documents/kavia-backend/graphnode-backend-api/data/rdk7542/786/b49665h/entservices-infra-786/Monitor/MonitorJsonRpc.cpp
2025-11-28 08:24:00,383 - Knowledge - INFO - Worker kw3 processing /Users/veera/Documents/kavia-backend/graphnode-backend-api/data/rdk7542/786/b49665h/entservices-infra-786/LifecycleManager/RuntimeManagerHandler.h
2025-11-28 08:24:00,383 - Knowledge - INFO - Fast-tracked /Users/veera/Documents/kavia-backend/graphnode-backend-api/data/rdk7542/786/b49665h/entservices-infra-786/AppManager/Module.cpp (ext=.cpp, size=765)
2025-11-28 08:24:00,383 - Knowledge - INFO - Fast-tracked /Users/veera/Documents/kavia-backend/graphnode-backend-api/data/rdk7542/786/b49665h/entservices-infra-786/RustAdapter/CHANGELOG.md (ext=.md, size=1015)
2025-11-28 08:24:00,383 - Knowledge - INFO - Worker kw1 processing /Users/veera/Documents/kavia-backend/graphnode-backend-api/data/rdk7542/786/b49665h/entservices-infra-786/ResourceManager/ResourceManager.h
2025-11-28 08:24:00,383 - Knowledge - INFO - Worker kw7 processing /Users/veera/Documents/kavia-backend/graphnode-backend-api/data/rdk7542/786/b49665h/entservices-infra-786/RDKShell/README.md
2025-11-28 08:24:00,383 - Knowledge - INFO - Worker kw8 processing /Users/veera/Documents/kavia-backend/graphnode-backend-api/data/rdk7542/786/b49665h/entservices-infra-786/cmake/FindGStreamerVideo.cmake
2025-11-28 08:24:00,383 - Knowledge - INFO - Worker kw2 processing /Users/veera/Documents/kavia-backend/graphnode-backend-api/data/rdk7542/786/b49665h/entservices-infra-786/LifecycleManager/CMakeLists.txt
2025-11-28 08:24:00,383 - Knowledge - INFO - Batch sizing: calculated=15, max_allowed=25, queue=339, active_workers=10/12
2025-11-28 08:24:00,384 - Knowledge - INFO - Fast-tracked /Users/veera/Documents/kavia-backend/graphnode-backend-api/data/rdk7542/786/b49665h/entservices-infra-786/CHANGELOG.md (ext=.md, size=80987)
2025-11-28 08:24:00,384 - Knowledge - INFO - Worker kw10 processing /Users/veera/Documents/kavia-backend/graphnode-backend-api/data/rdk7542/786/b49665h/entservices-infra-786/OCIContainer/test/DobbySpecs/sleepy.json
2025-11-28 08:24:00,384 - Knowledge - INFO - [kw12] Queue=324, InProgress=0, PendingWorkers=10/12, Completed=0/474 (0.0%)
2025-11-28 08:24:00,384 - Knowledge - INFO - knowledge worker kw13 start
2025-11-28 08:24:00,384 - Knowledge - INFO - Worker kw14 created using shared MongoDB connection pool
2025-11-28 08:24:00,384 - Knowledge - INFO - Worker kw5 processing /Users/veera/Documents/kavia-backend/graphnode-backend-api/data/rdk7542/786/b49665h/entservices-infra-786/CMakeLists.txt
2025-11-28 08:24:00,384 - Knowledge - INFO - Worker kw4 processing /Users/veera/Documents/kavia-backend/graphnode-backend-api/data/rdk7542/786/b49665h/entservices-infra-786/AppManager/AppManagerImplementation.h
2025-11-28 08:24:00,384 - Knowledge - INFO - Worker kw3 processing /Users/veera/Documents/kavia-backend/graphnode-backend-api/data/rdk7542/786/b49665h/entservices-infra-786/LifecycleManager/StateHandler.h
2025-11-28 08:24:00,384 - Knowledge - INFO - Worker kw6 processing /Users/veera/Documents/kavia-backend/graphnode-backend-api/data/rdk7542/786/b49665h/entservices-infra-786/RustAdapter/Module.cpp
2025-11-28 08:24:00,384 - Knowledge - INFO - Fast-tracked /Users/veera/Documents/kavia-backend/graphnode-backend-api/data/rdk7542/786/b49665h/entservices-infra-786/RDKShell/README.md (ext=.md, size=5024)
2025-11-28 08:24:00,384 - Knowledge - INFO - Worker kw8 processing /Users/veera/Documents/kavia-backend/graphnode-backend-api/data/rdk7542/786/b49665h/entservices-infra-786/cmake/FindSqlite.cmake
2025-11-28 08:24:00,384 - Knowledge - INFO - Worker kw1 processing /Users/veera/Documents/kavia-backend/graphnode-backend-api/data/rdk7542/786/b49665h/entservices-infra-786/StorageManager/RequestHandler.h
2025-11-28 08:24:00,384 - Knowledge - INFO - Fast-tracked /Users/veera/Documents/kavia-backend/graphnode-backend-api/data/rdk7542/786/b49665h/entservices-infra-786/LifecycleManager/CMakeLists.txt (ext=.txt, size=3121)
2025-11-28 08:24:00,384 - Knowledge - INFO - Worker kw9 processing /Users/veera/Documents/kavia-backend/graphnode-backend-api/data/rdk7542/786/b49665h/entservices-infra-786/PreinstallManager/PreinstallManagerImplementation.h
2025-11-28 08:24:00,384 - Knowledge - INFO - Worker kw11 processing /Users/veera/Documents/kavia-backend/graphnode-backend-api/data/rdk7542/786/b49665h/entservices-infra-786/NativeJS/CMakeLists.txt
2025-11-28 08:24:00,384 - Knowledge - INFO - Batch sizing: calculated=15, max_allowed=25, queue=324, active_workers=11/13
2025-11-28 08:24:00,384 - Knowledge - INFO - Fast-tracked /Users/veera/Documents/kavia-backend/graphnode-backend-api/data/rdk7542/786/b49665h/entservices-infra-786/OCIContainer/test/DobbySpecs/sleepy.json (ext=.json, size=477)
2025-11-28 08:24:00,384 - Knowledge - INFO - [kw13] Queue=309, InProgress=0, PendingWorkers=11/13, Completed=0/474 (0.0%)
2025-11-28 08:24:00,385 - Knowledge - INFO - knowledge worker kw14 start
2025-11-28 08:24:00,385 - Knowledge - INFO - Worker kw15 created using shared MongoDB connection pool
2025-11-28 08:24:00,385 - Knowledge - INFO - Worker kw4 processing /Users/veera/Documents/kavia-backend/graphnode-backend-api/data/rdk7542/786/b49665h/entservices-infra-786/AppManager/AppManagerImplementation.cpp
2025-11-28 08:24:00,385 - Knowledge - INFO - Fast-tracked /Users/veera/Documents/kavia-backend/graphnode-backend-api/data/rdk7542/786/b49665h/entservices-infra-786/CMakeLists.txt (ext=.txt, size=4378)
2025-11-28 08:24:00,385 - Knowledge - INFO - Worker kw3 processing /Users/veera/Documents/kavia-backend/graphnode-backend-api/data/rdk7542/786/b49665h/entservices-infra-786/LifecycleManager/Module.h
2025-11-28 08:24:00,385 - Knowledge - INFO - Worker kw7 processing /Users/veera/Documents/kavia-backend/graphnode-backend-api/data/rdk7542/786/b49665h/entservices-infra-786/RDKShell/Module.h
2025-11-28 08:24:00,385 - Knowledge - INFO - Fast-tracked /Users/veera/Documents/kavia-backend/graphnode-backend-api/data/rdk7542/786/b49665h/entservices-infra-786/cmake/FindSqlite.cmake (ext=.cmake, size=771)
2025-11-28 08:24:00,385 - Knowledge - INFO - Fast-tracked /Users/veera/Documents/kavia-backend/graphnode-backend-api/data/rdk7542/786/b49665h/entservices-infra-786/RustAdapter/Module.cpp (ext=.cpp, size=780)
2025-11-28 08:24:00,385 - Knowledge - INFO - Worker kw2 processing /Users/veera/Documents/kavia-backend/graphnode-backend-api/data/rdk7542/786/b49665h/entservices-infra-786/LifecycleManager/RequestHandler.cpp
2025-11-28 08:24:00,385 - Knowledge - INFO - Worker kw9 processing /Users/veera/Documents/kavia-backend/graphnode-backend-api/data/rdk7542/786/b49665h/entservices-infra-786/PreinstallManager/CMakeLists.txt
2025-11-28 08:24:00,385 - Knowledge - INFO - Worker kw10 processing /Users/veera/Documents/kavia-backend/graphnode-backend-api/data/rdk7542/786/b49665h/entservices-infra-786/OCIContainer/test/DobbySpecs/wget.json
2025-11-28 08:24:00,385 - Knowledge - INFO - Worker kw1 processing /Users/veera/Documents/kavia-backend/graphnode-backend-api/data/rdk7542/786/b49665h/entservices-infra-786/StorageManager/StorageManagerImplementation.cpp
2025-11-28 08:24:00,385 - Knowledge - INFO - Fast-tracked /Users/veera/Documents/kavia-backend/graphnode-backend-api/data/rdk7542/786/b49665h/entservices-infra-786/NativeJS/CMakeLists.txt (ext=.txt, size=906)
2025-11-28 08:24:00,385 - Knowledge - INFO - Worker kw12 processing /Users/veera/Documents/kavia-backend/graphnode-backend-api/data/rdk7542/786/b49665h/entservices-infra-786/CloudStore/grpc/l2test/StubTest.cpp
2025-11-28 08:24:00,385 - Knowledge - INFO - Batch sizing: calculated=15, max_allowed=25, queue=309, active_workers=12/14
2025-11-28 08:24:00,386 - Knowledge - INFO - knowledge worker kw15 start
2025-11-28 08:24:00,386 - Knowledge - INFO - [kw14] Queue=294, InProgress=0, PendingWorkers=12/14, Completed=0/474 (0.0%)
2025-11-28 08:24:00,386 - Knowledge - INFO - Worker kw16 created using shared MongoDB connection pool
2025-11-28 08:24:00,386 - Knowledge - INFO - Worker kw4 processing /Users/veera/Documents/kavia-backend/graphnode-backend-api/data/rdk7542/786/b49665h/entservices-infra-786/AppManager/AppManagerTelemetryReporting.cpp
2025-11-28 08:24:00,386 - Knowledge - INFO - Worker kw5 processing /Users/veera/Documents/kavia-backend/graphnode-backend-api/data/rdk7542/786/b49665h/entservices-infra-786/TelemetryMetrics/TelemetryMetrics.h
2025-11-28 08:24:00,386 - Knowledge - INFO - Fast-tracked /Users/veera/Documents/kavia-backend/graphnode-backend-api/data/rdk7542/786/b49665h/entservices-infra-786/LifecycleManager/Module.h (ext=.h, size=880)
2025-11-28 08:24:00,386 - Knowledge - INFO - Worker kw8 processing /Users/veera/Documents/kavia-backend/graphnode-backend-api/data/rdk7542/786/b49665h/entservices-infra-786/cmake/FindBCM_HOST.cmake
2025-11-28 08:24:00,386 - Knowledge - INFO - Fast-tracked /Users/veera/Documents/kavia-backend/graphnode-backend-api/data/rdk7542/786/b49665h/entservices-infra-786/RDKShell/Module.h (ext=.h, size=872)
2025-11-28 08:24:00,386 - Knowledge - INFO - Worker kw6 processing /Users/veera/Documents/kavia-backend/graphnode-backend-api/data/rdk7542/786/b49665h/entservices-infra-786/RustAdapter/SocketServer.cpp
2025-11-28 08:24:00,386 - Knowledge - INFO - Worker kw6 processing /Users/veera/Documents/kavia-backend/graphnode-backend-api/data/rdk7542/786/b49665h/entservices-infra-786/RustAdapter/RemotePlugin.cpp
2025-11-28 08:24:00,386 - Knowledge - INFO - Worker kw2 processing /Users/veera/Documents/kavia-backend/graphnode-backend-api/data/rdk7542/786/b49665h/entservices-infra-786/LifecycleManager/CHANGELOG.md
2025-11-28 08:24:00,386 - Knowledge - INFO - Fast-tracked /Users/veera/Documents/kavia-backend/graphnode-backend-api/data/rdk7542/786/b49665h/entservices-infra-786/OCIContainer/test/DobbySpecs/wget.json (ext=.json, size=744)
2025-11-28 08:24:00,386 - Knowledge - INFO - Worker kw1 processing /Users/veera/Documents/kavia-backend/graphnode-backend-api/data/rdk7542/786/b49665h/entservices-infra-786/StorageManager/CMakeLists.txt
2025-11-28 08:24:00,386 - Knowledge - INFO - Worker kw11 processing /Users/veera/Documents/kavia-backend/graphnode-backend-api/data/rdk7542/786/b49665h/entservices-infra-786/NativeJS/Module.cpp
2025-11-28 08:24:00,386 - Knowledge - INFO - Worker kw12 processing /Users/veera/Documents/kavia-backend/graphnode-backend-api/data/rdk7542/786/b49665h/entservices-infra-786/CloudStore/Module.cpp
2025-11-28 08:24:00,387 - Knowledge - INFO - [kw15] Queue=279, InProgress=0, PendingWorkers=13/15, Completed=0/474 (0.0%)
2025-11-28 08:24:00,387 - Knowledge - INFO - Batch sizing: calculated=15, max_allowed=25, queue=294, active_workers=13/15
2025-11-28 08:24:00,387 - Knowledge - INFO - knowledge worker kw16 start
2025-11-28 08:24:00,387 - Knowledge - INFO - Worker kw13 processing /Users/veera/Documents/kavia-backend/graphnode-backend-api/data/rdk7542/786/b49665h/entservices-infra-786/DownloadManager/DownloadManagerImplementation.cpp
2025-11-28 08:24:00,387 - Knowledge - INFO - Worker kw5 processing /Users/veera/Documents/kavia-backend/graphnode-backend-api/data/rdk7542/786/b49665h/entservices-infra-786/TelemetryMetrics/CMakeLists.txt
2025-11-28 08:24:00,387 - Knowledge - INFO - Worker kw17 created using shared MongoDB connection pool
2025-11-28 08:24:00,387 - Knowledge - INFO - Worker kw3 processing /Users/veera/Documents/kavia-backend/graphnode-backend-api/data/rdk7542/786/b49665h/entservices-infra-786/LifecycleManager/State.h
2025-11-28 08:24:00,387 - Knowledge - INFO - Worker kw4 processing /Users/veera/Documents/kavia-backend/graphnode-backend-api/data/rdk7542/786/b49665h/entservices-infra-786/AppManager/Module.h
2025-11-28 08:24:00,387 - Knowledge - INFO - Worker kw7 processing /Users/veera/Documents/kavia-backend/graphnode-backend-api/data/rdk7542/786/b49665h/entservices-infra-786/RDKShell/RialtoConnector.h
2025-11-28 08:24:00,387 - Knowledge - INFO - Worker kw6 processing /Users/veera/Documents/kavia-backend/graphnode-backend-api/data/rdk7542/786/b49665h/entservices-infra-786/RustAdapter/LocalPlugin.h
2025-11-28 08:24:00,387 - Knowledge - INFO - Worker kw8 processing /Users/veera/Documents/kavia-backend/graphnode-backend-api/data/rdk7542/786/b49665h/entservices-infra-786/cmake/FindDL.cmake
2025-11-28 08:24:00,387 - Knowledge - INFO - Worker kw10 processing /Users/veera/Documents/kavia-backend/graphnode-backend-api/data/rdk7542/786/b49665h/entservices-infra-786/OCIContainer/test/ociContainerTest.sh
2025-11-28 08:24:00,387 - Knowledge - INFO - Fast-tracked /Users/veera/Documents/kavia-backend/graphnode-backend-api/data/rdk7542/786/b49665h/entservices-infra-786/StorageManager/CMakeLists.txt (ext=.txt, size=4359)
2025-11-28 08:24:00,387 - Knowledge - INFO - Fast-tracked /Users/veera/Documents/kavia-backend/graphnode-backend-api/data/rdk7542/786/b49665h/entservices-infra-786/PreinstallManager/CMakeLists.txt (ext=.txt, size=3211)
2025-11-28 08:24:00,387 - Knowledge - INFO - Fast-tracked /Users/veera/Documents/kavia-backend/graphnode-backend-api/data/rdk7542/786/b49665h/entservices-infra-786/LifecycleManager/CHANGELOG.md (ext=.md, size=1015)
2025-11-28 08:24:00,388 - Knowledge - INFO - Fast-tracked /Users/veera/Documents/kavia-backend/graphnode-backend-api/data/rdk7542/786/b49665h/entservices-infra-786/NativeJS/Module.cpp (ext=.cpp, size=765)
2025-11-28 08:24:00,388 - Knowledge - INFO - Fast-tracked /Users/veera/Documents/kavia-backend/graphnode-backend-api/data/rdk7542/786/b49665h/entservices-infra-786/CloudStore/Module.cpp (ext=.cpp, size=780)
2025-11-28 08:24:00,388 - Knowledge - INFO - Batch sizing: calculated=15, max_allowed=25, queue=279, active_workers=13/16
2025-11-28 08:24:00,388 - Knowledge - INFO - [kw16] Queue=264, InProgress=0, PendingWorkers=14/16, Completed=0/474 (0.0%)
2025-11-28 08:24:00,388 - Knowledge - INFO - Worker kw13 processing /Users/veera/Documents/kavia-backend/graphnode-backend-api/data/rdk7542/786/b49665h/entservices-infra-786/DownloadManager/DownloadManagerImplementation.h
2025-11-28 08:24:00,388 - Knowledge - INFO - Worker kw14 processing /Users/veera/Documents/kavia-backend/graphnode-backend-api/data/rdk7542/786/b49665h/entservices-infra-786/FbSettings/FbSettings.cpp
2025-11-28 08:24:00,388 - Knowledge - INFO - knowledge worker kw17 start
2025-11-28 08:24:00,388 - Knowledge - INFO - Fast-tracked /Users/veera/Documents/kavia-backend/graphnode-backend-api/data/rdk7542/786/b49665h/entservices-infra-786/TelemetryMetrics/CMakeLists.txt (ext=.txt, size=3149)
2025-11-28 08:24:00,388 - Knowledge - INFO - Worker kw18 created using shared MongoDB connection pool
2025-11-28 08:24:00,388 - Knowledge - INFO - Fast-tracked /Users/veera/Documents/kavia-backend/graphnode-backend-api/data/rdk7542/786/b49665h/entservices-infra-786/AppManager/Module.h (ext=.h, size=874)
2025-11-28 08:24:00,388 - Knowledge - INFO - Worker kw3 processing /Users/veera/Documents/kavia-backend/graphnode-backend-api/data/rdk7542/786/b49665h/entservices-infra-786/LifecycleManager/LifecycleManager.cpp
2025-11-28 08:24:00,388 - Knowledge - INFO - Worker kw7 processing /Users/veera/Documents/kavia-backend/graphnode-backend-api/data/rdk7542/786/b49665h/entservices-infra-786/RDKShell/RialtoConnector.cpp
2025-11-28 08:24:00,388 - Knowledge - INFO - Worker kw6 processing /Users/veera/Documents/kavia-backend/graphnode-backend-api/data/rdk7542/786/b49665h/entservices-infra-786/RustAdapter/RustPlugin.h
2025-11-28 08:24:00,389 - Knowledge - INFO - Fast-tracked /Users/veera/Documents/kavia-backend/graphnode-backend-api/data/rdk7542/786/b49665h/entservices-infra-786/OCIContainer/test/ociContainerTest.sh (ext=.sh, size=8327)
2025-11-28 08:24:00,389 - Knowledge - INFO - Worker kw1 processing /Users/veera/Documents/kavia-backend/graphnode-backend-api/data/rdk7542/786/b49665h/entservices-infra-786/StorageManager/RequestHandler.cpp
2025-11-28 08:24:00,389 - Knowledge - INFO - Worker kw1 processing /Users/veera/Documents/kavia-backend/graphnode-backend-api/data/rdk7542/786/b49665h/entservices-infra-786/StorageManager/CHANGELOG.md
2025-11-28 08:24:00,389 - Knowledge - INFO - Fast-tracked /Users/veera/Documents/kavia-backend/graphnode-backend-api/data/rdk7542/786/b49665h/entservices-infra-786/cmake/FindDL.cmake (ext=.cmake, size=796)
2025-11-28 08:24:00,389 - Knowledge - INFO - Worker kw2 processing /Users/veera/Documents/kavia-backend/graphnode-backend-api/data/rdk7542/786/b49665h/entservices-infra-786/LifecycleManager/Module.cpp
2025-11-28 08:24:00,389 - Knowledge - INFO - Worker kw11 processing /Users/veera/Documents/kavia-backend/graphnode-backend-api/data/rdk7542/786/b49665h/entservices-infra-786/NativeJS/README.md
2025-11-28 08:24:00,389 - Knowledge - INFO - Fast-tracked /Users/veera/Documents/kavia-backend/graphnode-backend-api/data/rdk7542/786/b49665h/entservices-infra-786/NativeJS/README.md (ext=.md, size=1105)
2025-11-28 08:24:00,389 - Knowledge - INFO - Batch sizing: calculated=15, max_allowed=25, queue=264, active_workers=15/17
2025-11-28 08:24:00,389 - Knowledge - INFO - Worker kw15 processing /Users/veera/Documents/kavia-backend/graphnode-backend-api/data/rdk7542/786/b49665h/entservices-infra-786/PackageManager/PackageManager.cpp
2025-11-28 08:24:00,389 - Knowledge - INFO - Worker kw13 processing /Users/veera/Documents/kavia-backend/graphnode-backend-api/data/rdk7542/786/b49665h/entservices-infra-786/DownloadManager/DownloadManagerHttpClient.h
2025-11-28 08:24:00,389 - Knowledge - INFO - Worker kw14 processing /Users/veera/Documents/kavia-backend/graphnode-backend-api/data/rdk7542/786/b49665h/entservices-infra-786/FbSettings/Module.cpp
2025-11-28 08:24:00,389 - Knowledge - INFO - Worker kw5 processing /Users/veera/Documents/kavia-backend/graphnode-backend-api/data/rdk7542/786/b49665h/entservices-infra-786/TelemetryMetrics/TelemetryFilters.h
2025-11-28 08:24:00,389 - Knowledge - INFO - [kw17] Queue=249, InProgress=0, PendingWorkers=15/17, Completed=0/474 (0.0%)
2025-11-28 08:24:00,389 - Knowledge - INFO - knowledge worker kw18 start
2025-11-28 08:24:00,389 - Knowledge - INFO - Worker kw4 processing /Users/veera/Documents/kavia-backend/graphnode-backend-api/data/rdk7542/786/b49665h/entservices-infra-786/AppManager/AppManagerTelemetryReporting.h
2025-11-28 08:24:00,389 - Knowledge - INFO - Worker kw3 processing /Users/veera/Documents/kavia-backend/graphnode-backend-api/data/rdk7542/786/b49665h/entservices-infra-786/LifecycleManager/IEventHandler.h
2025-11-28 08:24:00,389 - Knowledge - INFO - Worker kw19 created using shared MongoDB connection pool
2025-11-28 08:24:00,390 - Knowledge - INFO - Fast-tracked /Users/veera/Documents/kavia-backend/graphnode-backend-api/data/rdk7542/786/b49665h/entservices-infra-786/RustAdapter/RustPlugin.h (ext=.h, size=982)
2025-11-28 08:24:00,390 - Knowledge - INFO - Worker kw7 processing /Users/veera/Documents/kavia-backend/graphnode-backend-api/data/rdk7542/786/b49665h/entservices-infra-786/cmake/FindAamp.cmake
2025-11-28 08:24:00,390 - Knowledge - INFO - Worker kw10 processing /Users/veera/Documents/kavia-backend/graphnode-backend-api/data/rdk7542/786/b49665h/entservices-infra-786/OCIContainer/CHANGELOG.md
2025-11-28 08:24:00,390 - Knowledge - INFO - Worker kw9 processing /Users/veera/Documents/kavia-backend/graphnode-backend-api/data/rdk7542/786/b49665h/entservices-infra-786/PreinstallManager/PreinstallManagerPlugin.json
2025-11-28 08:24:00,390 - Knowledge - INFO - Worker kw8 processing /Users/veera/Documents/kavia-backend/graphnode-backend-api/data/rdk7542/786/b49665h/entservices-infra-786/cmake/FindUdev.cmake
2025-11-28 08:24:00,390 - Knowledge - INFO - Fast-tracked /Users/veera/Documents/kavia-backend/graphnode-backend-api/data/rdk7542/786/b49665h/entservices-infra-786/StorageManager/CHANGELOG.md (ext=.md, size=1015)
2025-11-28 08:24:00,390 - Knowledge - INFO - Worker kw11 processing /Users/veera/Documents/kavia-backend/graphnode-backend-api/data/rdk7542/786/b49665h/entservices-infra-786/NativeJS/Module.h
2025-11-28 08:24:00,390 - Knowledge - INFO - Fast-tracked /Users/veera/Documents/kavia-backend/graphnode-backend-api/data/rdk7542/786/b49665h/entservices-infra-786/LifecycleManager/Module.cpp (ext=.cpp, size=765)
2025-11-28 08:24:00,390 - Knowledge - INFO - Worker kw12 processing /Users/veera/Documents/kavia-backend/graphnode-backend-api/data/rdk7542/786/b49665h/entservices-infra-786/CloudStore/l0test/CMakeLists.txt
2025-11-28 08:24:00,390 - Knowledge - INFO - Worker kw15 processing /Users/veera/Documents/kavia-backend/graphnode-backend-api/data/rdk7542/786/b49665h/entservices-infra-786/PackageManager/HttpClient.cpp
2025-11-28 08:24:00,390 - Knowledge - INFO - Worker kw16 processing /Users/veera/Documents/kavia-backend/graphnode-backend-api/data/rdk7542/786/b49665h/entservices-infra-786/Tests/L2Tests/tests/Analytics_L2Test.cpp
2025-11-28 08:24:00,390 - Knowledge - INFO - Batch sizing: calculated=15, max_allowed=25, queue=249, active_workers=16/18
2025-11-28 08:24:00,390 - Knowledge - INFO - Worker kw5 processing /Users/veera/Documents/kavia-backend/graphnode-backend-api/data/rdk7542/786/b49665h/entservices-infra-786/TelemetryMetrics/Module.cpp
2025-11-28 08:24:00,390 - Knowledge - INFO - Fast-tracked /Users/veera/Documents/kavia-backend/graphnode-backend-api/data/rdk7542/786/b49665h/entservices-infra-786/FbSettings/Module.cpp (ext=.cpp, size=763)
2025-11-28 08:24:00,390 - Knowledge - INFO - Worker kw13 processing /Users/veera/Documents/kavia-backend/graphnode-backend-api/data/rdk7542/786/b49665h/entservices-infra-786/DownloadManager/Module.h
2025-11-28 08:24:00,391 - Knowledge - INFO - Worker kw4 processing /Users/veera/Documents/kavia-backend/graphnode-backend-api/data/rdk7542/786/b49665h/entservices-infra-786/AppManager/LifecycleInterfaceConnector.cpp
2025-11-28 08:24:00,391 - Knowledge - INFO - [kw18] Queue=234, InProgress=0, PendingWorkers=16/18, Completed=0/474 (0.0%)
2025-11-28 08:24:00,391 - Knowledge - INFO - Fast-tracked /Users/veera/Documents/kavia-backend/graphnode-backend-api/data/rdk7542/786/b49665h/entservices-infra-786/LifecycleManager/IEventHandler.h (ext=.h, size=1207)
2025-11-28 08:24:00,391 - Knowledge - INFO - Worker kw6 processing /Users/veera/Documents/kavia-backend/graphnode-backend-api/data/rdk7542/786/b49665h/entservices-infra-786/RustAdapter/SocketServer.h
2025-11-28 08:24:00,391 - Knowledge - INFO - knowledge worker kw19 start
2025-11-28 08:24:00,391 - Knowledge - INFO - Worker kw20 created using shared MongoDB connection pool
2025-11-28 08:24:00,391 - Knowledge - INFO - Worker kw7 processing /Users/veera/Documents/kavia-backend/graphnode-backend-api/data/rdk7542/786/b49665h/entservices-infra-786/cmake/FindPlabels.cmake
2025-11-28 08:24:00,391 - Knowledge - INFO - Fast-tracked /Users/veera/Documents/kavia-backend/graphnode-backend-api/data/rdk7542/786/b49665h/entservices-infra-786/OCIContainer/CHANGELOG.md (ext=.md, size=1015)
2025-11-28 08:24:00,391 - Knowledge - INFO - Fast-tracked /Users/veera/Documents/kavia-backend/graphnode-backend-api/data/rdk7542/786/b49665h/entservices-infra-786/PreinstallManager/PreinstallManagerPlugin.json (ext=.json, size=344)
2025-11-28 08:24:00,391 - Knowledge - INFO - Fast-tracked /Users/veera/Documents/kavia-backend/graphnode-backend-api/data/rdk7542/786/b49665h/entservices-infra-786/cmake/FindUdev.cmake (ext=.cmake, size=769)
2025-11-28 08:24:00,391 - Knowledge - INFO - Worker kw1 processing /Users/veera/Documents/kavia-backend/graphnode-backend-api/data/rdk7542/786/b49665h/entservices-infra-786/StorageManager/Module.cpp
2025-11-28 08:24:00,391 - Knowledge - INFO - Worker kw2 processing /Users/veera/Documents/kavia-backend/graphnode-backend-api/data/rdk7542/786/b49665h/entservices-infra-786/LifecycleManager/LifecycleManager.h
2025-11-28 08:24:00,391 - Knowledge - INFO - Fast-tracked /Users/veera/Documents/kavia-backend/graphnode-backend-api/data/rdk7542/786/b49665h/entservices-infra-786/NativeJS/Module.h (ext=.h, size=865)
2025-11-28 08:24:00,391 - Knowledge - INFO - Fast-tracked /Users/veera/Documents/kavia-backend/graphnode-backend-api/data/rdk7542/786/b49665h/entservices-infra-786/CloudStore/l0test/CMakeLists.txt (ext=.txt, size=1472)
2025-11-28 08:24:00,391 - Knowledge - INFO - Worker kw15 processing /Users/veera/Documents/kavia-backend/graphnode-backend-api/data/rdk7542/786/b49665h/entservices-infra-786/PackageManager/Module.h
2025-11-28 08:24:00,392 - Knowledge - INFO - Fast-tracked /Users/veera/Documents/kavia-backend/graphnode-backend-api/data/rdk7542/786/b49665h/entservices-infra-786/Tests/L2Tests/tests/Analytics_L2Test.cpp (ext=.cpp, size=17033)
2025-11-28 08:24:00,392 - Knowledge - INFO - Worker kw17 processing /Users/veera/Documents/kavia-backend/graphnode-backend-api/data/rdk7542/786/b49665h/entservices-infra-786/Tests/L1Tests/tests/test_PreinstallManager.cpp
2025-11-28 08:24:00,392 - Knowledge - INFO - Worker kw14 processing /Users/veera/Documents/kavia-backend/graphnode-backend-api/data/rdk7542/786/b49665h/entservices-infra-786/FbSettings/tests/CurlCmds.md
2025-11-28 08:24:00,392 - Knowledge - INFO - Fast-tracked /Users/veera/Documents/kavia-backend/graphnode-backend-api/data/rdk7542/786/b49665h/entservices-infra-786/TelemetryMetrics/Module.cpp (ext=.cpp, size=765)
2025-11-28 08:24:00,392 - Knowledge - INFO - Fast-tracked /Users/veera/Documents/kavia-backend/graphnode-backend-api/data/rdk7542/786/b49665h/entservices-infra-786/DownloadManager/Module.h (ext=.h, size=906)
2025-11-28 08:24:00,392 - Knowledge - INFO - Batch sizing: calculated=15, max_allowed=25, queue=234, active_workers=17/19
2025-11-28 08:24:00,392 - Knowledge - INFO - Worker kw3 processing /Users/veera/Documents/kavia-backend/graphnode-backend-api/data/rdk7542/786/b49665h/entservices-infra-786/LifecycleManager/LifecycleManagerTelemetryReporting.h
2025-11-28 08:24:00,392 - Knowledge - INFO - Worker kw4 processing /Users/veera/Documents/kavia-backend/graphnode-backend-api/data/rdk7542/786/b49665h/entservices-infra-786/Monitor/CMakeLists.txt
2025-11-28 08:24:00,392 - Knowledge - INFO - [kw19] Queue=219, InProgress=0, PendingWorkers=17/19, Completed=0/474 (0.0%)
2025-11-28 08:24:00,392 - Knowledge - INFO - knowledge worker kw20 start
2025-11-28 08:24:00,392 - Knowledge - INFO - Fast-tracked /Users/veera/Documents/kavia-backend/graphnode-backend-api/data/rdk7542/786/b49665h/entservices-infra-786/RustAdapter/SocketServer.h (ext=.h, size=1664)
2025-11-28 08:24:00,392 - Knowledge - INFO - Worker kw10 processing /Users/veera/Documents/kavia-backend/graphnode-backend-api/data/rdk7542/786/b49665h/entservices-infra-786/OCIContainer/Module.cpp
2025-11-28 08:24:00,392 - Knowledge - INFO - Fast-tracked /Users/veera/Documents/kavia-backend/graphnode-backend-api/data/rdk7542/786/b49665h/entservices-infra-786/cmake/FindPlabels.cmake (ext=.cmake, size=1051)
2025-11-28 08:24:00,392 - Knowledge - INFO - Worker kw9 processing /Users/veera/Documents/kavia-backend/graphnode-backend-api/data/rdk7542/786/b49665h/entservices-infra-786/PreinstallManager/PreinstallManagerImplementation.cpp
2025-11-28 08:24:00,393 - Knowledge - INFO - Worker kw8 processing /Users/veera/Documents/kavia-backend/graphnode-backend-api/data/rdk7542/786/b49665h/entservices-infra-786/cmake/FindDS.cmake
2025-11-28 08:24:00,393 - Knowledge - INFO - Fast-tracked /Users/veera/Documents/kavia-backend/graphnode-backend-api/data/rdk7542/786/b49665h/entservices-infra-786/StorageManager/Module.cpp (ext=.cpp, size=765)
2025-11-28 08:24:00,393 - Knowledge - INFO - Worker kw11 processing /Users/veera/Documents/kavia-backend/graphnode-backend-api/data/rdk7542/786/b49665h/entservices-infra-786/NativeJS/NativeJSPlugin.cpp
2025-11-28 08:24:00,393 - Knowledge - INFO - Worker kw2 processing /Users/veera/Documents/kavia-backend/graphnode-backend-api/data/rdk7542/786/b49665h/entservices-infra-786/LifecycleManager/State.cpp
2025-11-28 08:24:00,393 - Knowledge - INFO - Worker kw12 processing /Users/veera/Documents/kavia-backend/graphnode-backend-api/data/rdk7542/786/b49665h/entservices-infra-786/CloudStore/l0test/ServiceMock.h
2025-11-28 08:24:00,393 - Knowledge - INFO - Worker kw16 processing /Users/veera/Documents/kavia-backend/graphnode-backend-api/data/rdk7542/786/b49665h/entservices-infra-786/Tests/clang.cmake
2025-11-28 08:24:00,393 - Knowledge - INFO - Fast-tracked /Users/veera/Documents/kavia-backend/graphnode-backend-api/data/rdk7542/786/b49665h/entservices-infra-786/PackageManager/Module.h (ext=.h, size=905)
2025-11-28 08:24:00,393 - Knowledge - INFO - Fast-tracked /Users/veera/Documents/kavia-backend/graphnode-backend-api/data/rdk7542/786/b49665h/entservices-infra-786/Tests/L1Tests/tests/test_PreinstallManager.cpp (ext=.cpp, size=16727)
2025-11-28 08:24:00,393 - Knowledge - INFO - Worker kw5 processing /Users/veera/Documents/kavia-backend/graphnode-backend-api/data/rdk7542/786/b49665h/entservices-infra-786/TelemetryMetrics/TelemetryMetricsImplementation.cpp
2025-11-28 08:24:00,393 - Knowledge - INFO - Worker kw13 processing /Users/veera/Documents/kavia-backend/graphnode-backend-api/data/rdk7542/786/b49665h/entservices-infra-786/DownloadManager/DownloadManager.cpp
2025-11-28 08:24:00,393 - Knowledge - INFO - Fast-tracked /Users/veera/Documents/kavia-backend/graphnode-backend-api/data/rdk7542/786/b49665h/entservices-infra-786/FbSettings/tests/CurlCmds.md (ext=.md, size=3744)
2025-11-28 08:24:00,393 - Knowledge - INFO - Worker kw18 processing /Users/veera/Documents/kavia-backend/graphnode-backend-api/data/rdk7542/786/b49665h/entservices-infra-786/AppGateway/resolutions/resolution.base.json
2025-11-28 08:24:00,393 - Knowledge - INFO - Worker kw3 processing /Users/veera/Documents/kavia-backend/graphnode-backend-api/data/rdk7542/786/b49665h/entservices-infra-786/LifecycleManager/ApplicationContext.cpp
2025-11-28 08:24:00,393 - Knowledge - INFO - Batch sizing: calculated=15, max_allowed=25, queue=219, active_workers=18/20
2025-11-28 08:24:00,393 - Knowledge - INFO - Fast-tracked /Users/veera/Documents/kavia-backend/graphnode-backend-api/data/rdk7542/786/b49665h/entservices-infra-786/Monitor/CMakeLists.txt (ext=.txt, size=5128)
2025-11-28 08:24:00,393 - Knowledge - INFO - [kw20] Queue=204, InProgress=0, PendingWorkers=18/20, Completed=0/474 (0.0%)
2025-11-28 08:24:00,394 - Knowledge - INFO - Worker kw6 processing /Users/veera/Documents/kavia-backend/graphnode-backend-api/data/rdk7542/786/b49665h/entservices-infra-786/RustAdapter/Module.h
2025-11-28 08:24:00,394 - Knowledge - INFO - Fast-tracked /Users/veera/Documents/kavia-backend/graphnode-backend-api/data/rdk7542/786/b49665h/entservices-infra-786/OCIContainer/Module.cpp (ext=.cpp, size=765)
2025-11-28 08:24:00,394 - Knowledge - INFO - Worker kw7 processing /Users/veera/Documents/kavia-backend/graphnode-backend-api/data/rdk7542/786/b49665h/entservices-infra-786/cmake/FindCTRLM.cmake
2025-11-28 08:24:00,394 - Knowledge - INFO - Worker kw1 processing /Users/veera/Documents/kavia-backend/graphnode-backend-api/data/rdk7542/786/b49665h/entservices-infra-786/StorageManager/StorageManager.h
2025-11-28 08:24:00,394 - Knowledge - INFO - Worker kw9 processing /Users/veera/Documents/kavia-backend/graphnode-backend-api/data/rdk7542/786/b49665h/entservices-infra-786/PreinstallManager/Module.cpp
2025-11-28 08:24:00,394 - Knowledge - INFO - Fast-tracked /Users/veera/Documents/kavia-backend/graphnode-backend-api/data/rdk7542/786/b49665h/entservices-infra-786/cmake/FindDS.cmake (ext=.cmake, size=1842)
2025-11-28 08:24:00,394 - Knowledge - INFO - Worker kw2 processing /Users/veera/Documents/kavia-backend/graphnode-backend-api/data/rdk7542/786/b49665h/entservices-infra-786/LifecycleManager/StateTransitionHandler.cpp
2025-11-28 08:24:00,394 - Knowledge - INFO - Worker kw12 processing /Users/veera/Documents/kavia-backend/graphnode-backend-api/data/rdk7542/786/b49665h/entservices-infra-786/CloudStore/l0test/CloudStoreImplementationMock.h
2025-11-28 08:24:00,394 - Knowledge - INFO - Worker kw11 processing /Users/veera/Documents/kavia-backend/graphnode-backend-api/data/rdk7542/786/b49665h/entservices-infra-786/NativeJS/NativeJSImplementation.cpp
2025-11-28 08:24:00,394 - Knowledge - INFO - Fast-tracked /Users/veera/Documents/kavia-backend/graphnode-backend-api/data/rdk7542/786/b49665h/entservices-infra-786/Tests/clang.cmake (ext=.cmake, size=1339)
2025-11-28 08:24:00,394 - Knowledge - INFO - Worker kw15 processing /Users/veera/Documents/kavia-backend/graphnode-backend-api/data/rdk7542/786/b49665h/entservices-infra-786/Tests/gcc-with-coverage.cmake
2025-11-28 08:24:00,394 - Knowledge - INFO - Worker kw17 processing /Users/veera/Documents/kavia-backend/graphnode-backend-api/data/rdk7542/786/b49665h/entservices-infra-786/Tests/L1Tests/tests/test_USBDevice.cpp
2025-11-28 08:24:00,394 - Knowledge - INFO - Worker kw5 processing /Users/veera/Documents/kavia-backend/graphnode-backend-api/data/rdk7542/786/b49665h/entservices-infra-786/TelemetryMetrics/TelemetryMetricsImplementation.h
2025-11-28 08:24:00,394 - Knowledge - INFO - Worker kw14 processing /Users/veera/Documents/kavia-backend/graphnode-backend-api/data/rdk7542/786/b49665h/entservices-infra-786/FbSettings/delegate/UserSettingsDelegate.h
2025-11-28 08:24:00,394 - Knowledge - INFO - Worker kw13 processing /Users/veera/Documents/kavia-backend/graphnode-backend-api/data/rdk7542/786/b49665h/entservices-infra-786/USBMassStorage/USBMassStorageImplementation.h
2025-11-28 08:24:00,395 - Knowledge - INFO - Fast-tracked /Users/veera/Documents/kavia-backend/graphnode-backend-api/data/rdk7542/786/b49665h/entservices-infra-786/AppGateway/resolutions/resolution.base.json (ext=.json, size=9540)
2025-11-28 08:24:00,395 - Knowledge - INFO - Worker kw4 processing /Users/veera/Documents/kavia-backend/graphnode-backend-api/data/rdk7542/786/b49665h/entservices-infra-786/Monitor/CHANGELOG.md
2025-11-28 08:24:00,395 - Knowledge - INFO - Worker kw19 processing /Users/veera/Documents/kavia-backend/graphnode-backend-api/data/rdk7542/786/b49665h/entservices-infra-786/PersistentStore/l0test/PersistentStoreImplementationMock.h
2025-11-28 08:24:00,395 - Knowledge - INFO - Worker kw3 processing /Users/veera/Documents/kavia-backend/graphnode-backend-api/data/rdk7542/786/b49665h/entservices-infra-786/LifecycleManager/LifecycleManagerImplementation.cpp
2025-11-28 08:24:00,395 - Knowledge - INFO - Batch sizing: calculated=15, max_allowed=25, queue=204, active_workers=19/20
2025-11-28 08:24:00,395 - Knowledge - INFO - Worker kw10 processing /Users/veera/Documents/kavia-backend/graphnode-backend-api/data/rdk7542/786/b49665h/entservices-infra-786/OCIContainer/OCIContainerImplementation.h
2025-11-28 08:24:00,395 - Knowledge - INFO - Fast-tracked /Users/veera/Documents/kavia-backend/graphnode-backend-api/data/rdk7542/786/b49665h/entservices-infra-786/RustAdapter/Module.h (ext=.h, size=862)
2025-11-28 08:24:00,395 - Knowledge - INFO - Fast-tracked /Users/veera/Documents/kavia-backend/graphnode-backend-api/data/rdk7542/786/b49665h/entservices-infra-786/cmake/FindCTRLM.cmake (ext=.cmake, size=1245)
2025-11-28 08:24:00,395 - Knowledge - INFO - Worker kw8 processing /Users/veera/Documents/kavia-backend/graphnode-backend-api/data/rdk7542/786/b49665h/entservices-infra-786/cmake/FindTTS.cmake
2025-11-28 08:24:00,395 - Knowledge - INFO - Worker kw1 processing /Users/veera/Documents/kavia-backend/graphnode-backend-api/data/rdk7542/786/b49665h/entservices-infra-786/StorageManager/StorageManagerImplementation.h
2025-11-28 08:24:00,395 - Knowledge - INFO - Fast-tracked /Users/veera/Documents/kavia-backend/graphnode-backend-api/data/rdk7542/786/b49665h/entservices-infra-786/PreinstallManager/Module.cpp (ext=.cpp, size=762)
2025-11-28 08:24:00,395 - Knowledge - INFO - Worker kw11 processing /Users/veera/Documents/kavia-backend/graphnode-backend-api/data/rdk7542/786/b49665h/entservices-infra-786/CloudStore/CMakeLists.txt
2025-11-28 08:24:00,395 - Knowledge - INFO - Worker kw12 processing /Users/veera/Documents/kavia-backend/graphnode-backend-api/data/rdk7542/786/b49665h/entservices-infra-786/CloudStore/l0test/CloudStoreTest.cpp
2025-11-28 08:24:00,395 - Knowledge - INFO - Worker kw2 processing /Users/veera/Documents/kavia-backend/graphnode-backend-api/data/rdk7542/786/b49665h/entservices-infra-786/LifecycleManager/StateTransitionRequest.h
2025-11-28 08:24:00,395 - Knowledge - INFO - Worker kw16 processing /Users/veera/Documents/kavia-backend/graphnode-backend-api/data/rdk7542/786/b49665h/entservices-infra-786/Tests/README.md
2025-11-28 08:24:00,396 - Knowledge - INFO - Worker kw18 processing /Users/veera/Documents/kavia-backend/graphnode-backend-api/data/rdk7542/786/b49665h/entservices-infra-786/SharedStorage/SharedStorageImplementation.cpp
2025-11-28 08:24:00,396 - Knowledge - INFO - Worker kw14 processing /Users/veera/Documents/kavia-backend/graphnode-backend-api/data/rdk7542/786/b49665h/entservices-infra-786/FbSettings/delegate/SettingsDelegate.h
2025-11-28 08:24:00,396 - Knowledge - INFO - Fast-tracked /Users/veera/Documents/kavia-backend/graphnode-backend-api/data/rdk7542/786/b49665h/entservices-infra-786/Tests/L1Tests/tests/test_USBDevice.cpp (ext=.cpp, size=87965)
2025-11-28 08:24:00,396 - Knowledge - INFO - Fast-tracked /Users/veera/Documents/kavia-backend/graphnode-backend-api/data/rdk7542/786/b49665h/entservices-infra-786/Tests/gcc-with-coverage.cmake (ext=.cmake, size=756)
2025-11-28 08:24:00,396 - Knowledge - INFO - Worker kw13 processing /Users/veera/Documents/kavia-backend/graphnode-backend-api/data/rdk7542/786/b49665h/entservices-infra-786/USBMassStorage/USBMassStorage.h
2025-11-28 08:24:00,396 - Knowledge - INFO - Fast-tracked /Users/veera/Documents/kavia-backend/graphnode-backend-api/data/rdk7542/786/b49665h/entservices-infra-786/TelemetryMetrics/TelemetryMetricsImplementation.h (ext=.h, size=1778)
2025-11-28 08:24:00,396 - Knowledge - INFO - Worker kw19 processing /Users/veera/Documents/kavia-backend/graphnode-backend-api/data/rdk7542/786/b49665h/entservices-infra-786/PersistentStore/l0test/CMakeLists.txt
2025-11-28 08:24:00,396 - Knowledge - INFO - Fast-tracked /Users/veera/Documents/kavia-backend/graphnode-backend-api/data/rdk7542/786/b49665h/entservices-infra-786/Monitor/CHANGELOG.md (ext=.md, size=1160)
2025-11-28 08:24:00,396 - Knowledge - INFO - Worker kw6 processing /Users/veera/Documents/kavia-backend/graphnode-backend-api/data/rdk7542/786/b49665h/entservices-infra-786/RustAdapter/Logger.h
2025-11-28 08:24:00,396 - Knowledge - INFO - Worker kw20 processing /Users/veera/Documents/kavia-backend/graphnode-backend-api/data/rdk7542/786/b49665h/entservices-infra-786/USBDevice/USBDeviceImplementation.cpp
2025-11-28 08:24:00,396 - Knowledge - INFO - Worker kw10 processing /Users/veera/Documents/kavia-backend/graphnode-backend-api/data/rdk7542/786/b49665h/entservices-infra-786/OCIContainer/OCIContainerImplementation.cpp
2025-11-28 08:24:00,396 - Knowledge - INFO - Worker kw7 processing /Users/veera/Documents/kavia-backend/graphnode-backend-api/data/rdk7542/786/b49665h/entservices-infra-786/cmake/FindNopoll.cmake
2025-11-28 08:24:00,396 - Knowledge - INFO - Fast-tracked /Users/veera/Documents/kavia-backend/graphnode-backend-api/data/rdk7542/786/b49665h/entservices-infra-786/cmake/FindNopoll.cmake (ext=.cmake, size=1155)
2025-11-28 08:24:00,396 - Knowledge - INFO - Worker kw9 processing /Users/veera/Documents/kavia-backend/graphnode-backend-api/data/rdk7542/786/b49665h/entservices-infra-786/PreinstallManager/PreinstallManager.cpp
2025-11-28 08:24:00,397 - Knowledge - INFO - Fast-tracked /Users/veera/Documents/kavia-backend/graphnode-backend-api/data/rdk7542/786/b49665h/entservices-infra-786/CloudStore/CMakeLists.txt (ext=.txt, size=4525)
2025-11-28 08:24:00,397 - Knowledge - INFO - Fast-tracked /Users/veera/Documents/kavia-backend/graphnode-backend-api/data/rdk7542/786/b49665h/entservices-infra-786/Tests/README.md (ext=.md, size=4041)
2025-11-28 08:24:00,397 - Knowledge - INFO - Fast-tracked /Users/veera/Documents/kavia-backend/graphnode-backend-api/data/rdk7542/786/b49665h/entservices-infra-786/LifecycleManager/StateTransitionRequest.h (ext=.h, size=676)
2025-11-28 08:24:00,397 - Knowledge - INFO - Worker kw17 processing /Users/veera/Documents/kavia-backend/graphnode-backend-api/data/rdk7542/786/b49665h/entservices-infra-786/Tests/L1Tests/tests/test_UtilsFile.cpp
2025-11-28 08:24:00,397 - Knowledge - INFO - Worker kw14 processing /Users/veera/Documents/kavia-backend/graphnode-backend-api/data/rdk7542/786/b49665h/entservices-infra-786/FbSettings/delegate/NetworkDelegate.h
2025-11-28 08:24:00,397 - Knowledge - INFO - Worker kw12 processing /Users/veera/Documents/kavia-backend/graphnode-backend-api/data/rdk7542/786/b49665h/entservices-infra-786/CloudStore/CloudStoreImplementation.h
2025-11-28 08:24:00,397 - Knowledge - INFO - Worker kw18 processing /Users/veera/Documents/kavia-backend/graphnode-backend-api/data/rdk7542/786/b49665h/entservices-infra-786/SharedStorage/CMakeLists.txt
2025-11-28 08:24:00,397 - Knowledge - INFO - Worker kw15 processing /Users/veera/Documents/kavia-backend/graphnode-backend-api/data/rdk7542/786/b49665h/entservices-infra-786/Tests/L2Tests/CMakeLists.txt
2025-11-28 08:24:00,398 - Knowledge - INFO - Worker kw5 processing /Users/veera/Documents/kavia-backend/graphnode-backend-api/data/rdk7542/786/b49665h/entservices-infra-786/TelemetryMetrics/TelemetryMetrics.cpp
2025-11-28 08:24:00,398 - Knowledge - INFO - Worker kw13 processing /Users/veera/Documents/kavia-backend/graphnode-backend-api/data/rdk7542/786/b49665h/entservices-infra-786/USBMassStorage/CMakeLists.txt
2025-11-28 08:24:00,398 - Knowledge - INFO - Worker kw4 processing /Users/veera/Documents/kavia-backend/graphnode-backend-api/data/rdk7542/786/b49665h/entservices-infra-786/Monitor/Module.cpp
2025-11-28 08:24:00,398 - Knowledge - INFO - Fast-tracked /Users/veera/Documents/kavia-backend/graphnode-backend-api/data/rdk7542/786/b49665h/entservices-infra-786/PersistentStore/l0test/CMakeLists.txt (ext=.txt, size=1508)
2025-11-28 08:24:00,398 - Knowledge - INFO - Fast-tracked /Users/veera/Documents/kavia-backend/graphnode-backend-api/data/rdk7542/786/b49665h/entservices-infra-786/RustAdapter/Logger.h (ext=.h, size=1519)
2025-11-28 08:24:00,398 - Knowledge - INFO - Worker kw10 processing /Users/veera/Documents/kavia-backend/graphnode-backend-api/data/rdk7542/786/b49665h/entservices-infra-786/OCIContainer/OCIContainer.cpp
2025-11-28 08:24:00,398 - Knowledge - INFO - Worker kw20 processing /Users/veera/Documents/kavia-backend/graphnode-backend-api/data/rdk7542/786/b49665h/entservices-infra-786/USBDevice/USBDevice.cpp
2025-11-28 08:24:00,398 - Knowledge - INFO - Worker kw7 processing /Users/veera/Documents/kavia-backend/graphnode-backend-api/data/rdk7542/786/b49665h/entservices-infra-786/cmake/FindLMPLAYER.cmake
2025-11-28 08:24:00,398 - Knowledge - INFO - Fast-tracked /Users/veera/Documents/kavia-backend/graphnode-backend-api/data/rdk7542/786/b49665h/entservices-infra-786/cmake/FindTTS.cmake (ext=.cmake, size=1379)
2025-11-28 08:24:00,398 - Knowledge - INFO - Worker kw11 processing /Users/veera/Documents/kavia-backend/graphnode-backend-api/data/rdk7542/786/b49665h/entservices-infra-786/CloudStore/CHANGELOG.md
2025-11-28 08:24:00,400 - Knowledge - INFO - Worker kw9 processing /Users/veera/Documents/kavia-backend/graphnode-backend-api/data/rdk7542/786/b49665h/entservices-infra-786/PreinstallManager/PreinstallManager.h
2025-11-28 08:24:00,400 - Knowledge - INFO - Worker kw16 processing /Users/veera/Documents/kavia-backend/graphnode-backend-api/data/rdk7542/786/b49665h/entservices-infra-786/Tests/L1Tests/CMakeLists.txt
2025-11-28 08:24:00,407 - Knowledge - INFO - Fast-tracked /Users/veera/Documents/kavia-backend/graphnode-backend-api/data/rdk7542/786/b49665h/entservices-infra-786/Tests/L1Tests/tests/test_UtilsFile.cpp (ext=.cpp, size=1934)
2025-11-28 08:24:00,408 - Knowledge - INFO - Worker kw14 processing /Users/veera/Documents/kavia-backend/graphnode-backend-api/data/rdk7542/786/b49665h/entservices-infra-786/FbSettings/delegate/SystemDelegate.h
2025-11-28 08:24:00,408 - Knowledge - INFO - Worker kw12 processing /Users/veera/Documents/kavia-backend/graphnode-backend-api/data/rdk7542/786/b49665h/entservices-infra-786/CloudStore/CloudStore.cpp
2025-11-28 08:24:00,408 - Knowledge - INFO - Fast-tracked /Users/veera/Documents/kavia-backend/graphnode-backend-api/data/rdk7542/786/b49665h/entservices-infra-786/SharedStorage/CMakeLists.txt (ext=.txt, size=2454)
2025-11-28 08:24:00,408 - Knowledge - INFO - Fast-tracked /Users/veera/Documents/kavia-backend/graphnode-backend-api/data/rdk7542/786/b49665h/entservices-infra-786/Tests/L2Tests/CMakeLists.txt (ext=.txt, size=3570)
2025-11-28 08:24:00,408 - Knowledge - INFO - Worker kw5 processing /Users/veera/Documents/kavia-backend/graphnode-backend-api/data/rdk7542/786/b49665h/entservices-infra-786/TelemetryMetrics/Module.h
2025-11-28 08:24:00,408 - Knowledge - INFO - Fast-tracked /Users/veera/Documents/kavia-backend/graphnode-backend-api/data/rdk7542/786/b49665h/entservices-infra-786/Monitor/Module.cpp (ext=.cpp, size=781)
2025-11-28 08:24:00,408 - Knowledge - INFO - Fast-tracked /Users/veera/Documents/kavia-backend/graphnode-backend-api/data/rdk7542/786/b49665h/entservices-infra-786/USBMassStorage/CMakeLists.txt (ext=.txt, size=3543)
2025-11-28 08:24:00,408 - Knowledge - INFO - Worker kw19 processing /Users/veera/Documents/kavia-backend/graphnode-backend-api/data/rdk7542/786/b49665h/entservices-infra-786/PersistentStore/l0test/ServiceMock.h
2025-11-28 08:24:00,409 - Knowledge - INFO - Worker kw6 processing /Users/veera/Documents/kavia-backend/graphnode-backend-api/data/rdk7542/786/b49665h/entservices-infra-786/RustAdapter/LocalPlugin.cpp
2025-11-28 08:24:00,410 - Knowledge - INFO - Worker kw10 processing /Users/veera/Documents/kavia-backend/graphnode-backend-api/data/rdk7542/786/b49665h/entservices-infra-786/OCIContainer/README.md
2025-11-28 08:24:00,411 - Knowledge - INFO - Worker kw20 processing /Users/veera/Documents/kavia-backend/graphnode-backend-api/data/rdk7542/786/b49665h/entservices-infra-786/USBDevice/CMakeLists.txt
2025-11-28 08:24:00,411 - Knowledge - INFO - Fast-tracked /Users/veera/Documents/kavia-backend/graphnode-backend-api/data/rdk7542/786/b49665h/entservices-infra-786/cmake/FindLMPLAYER.cmake (ext=.cmake, size=1899)
2025-11-28 08:24:00,413 - Knowledge - INFO - Worker kw8 processing /Users/veera/Documents/kavia-backend/graphnode-backend-api/data/rdk7542/786/b49665h/entservices-infra-786/cmake/Findjsoncpp.cmake
2025-11-28 08:24:00,414 - Knowledge - INFO - Fast-tracked /Users/veera/Documents/kavia-backend/graphnode-backend-api/data/rdk7542/786/b49665h/entservices-infra-786/CloudStore/CHANGELOG.md (ext=.md, size=1012)
2025-11-28 08:24:00,415 - Knowledge - INFO - Worker kw9 processing /Users/veera/Documents/kavia-backend/graphnode-backend-api/data/rdk7542/786/b49665h/entservices-infra-786/PreinstallManager/Module.h
2025-11-28 08:24:00,415 - Knowledge - INFO - Fast-tracked /Users/veera/Documents/kavia-backend/graphnode-backend-api/data/rdk7542/786/b49665h/entservices-infra-786/Tests/L1Tests/CMakeLists.txt (ext=.txt, size=8950)
2025-11-28 08:24:00,416 - Knowledge - INFO - Worker kw17 processing /Users/veera/Documents/kavia-backend/graphnode-backend-api/data/rdk7542/786/b49665h/entservices-infra-786/AppGateway/CMakeLists.txt
2025-11-28 08:24:00,417 - Knowledge - INFO - Worker kw14 processing /Users/veera/Documents/kavia-backend/graphnode-backend-api/data/rdk7542/786/b49665h/entservices-infra-786/FbSettings/Module.h
2025-11-28 08:24:00,417 - Knowledge - INFO - Worker kw18 processing /Users/veera/Documents/kavia-backend/graphnode-backend-api/data/rdk7542/786/b49665h/entservices-infra-786/SharedStorage/CHANGELOG.md
2025-11-28 08:24:00,417 - Knowledge - INFO - Worker kw15 processing /Users/veera/Documents/kavia-backend/graphnode-backend-api/data/rdk7542/786/b49665h/entservices-infra-786/Tests/L2Tests/tests/StorageManager_L2Test.cpp
2025-11-28 08:24:00,417 - Knowledge - INFO - Worker kw12 processing /Users/veera/Documents/kavia-backend/graphnode-backend-api/data/rdk7542/786/b49665h/entservices-infra-786/CloudStore/CloudStore.h
2025-11-28 08:24:00,419 - Knowledge - INFO - Fast-tracked /Users/veera/Documents/kavia-backend/graphnode-backend-api/data/rdk7542/786/b49665h/entservices-infra-786/TelemetryMetrics/Module.h (ext=.h, size=880)
2025-11-28 08:24:00,421 - Knowledge - INFO - Fast-tracked /Users/veera/Documents/kavia-backend/graphnode-backend-api/data/rdk7542/786/b49665h/entservices-infra-786/LifecycleManager/WindowManagerHandler.h (small file (2919 bytes))
2025-11-28 08:24:00,422 - Knowledge - INFO - Worker kw4 processing /Users/veera/Documents/kavia-backend/graphnode-backend-api/data/rdk7542/786/b49665h/entservices-infra-786/Monitor/Monitor.cpp
2025-11-28 08:24:00,423 - Knowledge - INFO - Worker kw13 processing /Users/veera/Documents/kavia-backend/graphnode-backend-api/data/rdk7542/786/b49665h/entservices-infra-786/USBMassStorage/CHANGELOG.md
2025-11-28 08:24:00,423 - Knowledge - INFO - Fast-tracked /Users/veera/Documents/kavia-backend/graphnode-backend-api/data/rdk7542/786/b49665h/entservices-infra-786/LifecycleManager/RequestHandler.h (small file (2292 bytes))
2025-11-28 08:24:00,424 - Knowledge - INFO - Worker kw19 processing /Users/veera/Documents/kavia-backend/graphnode-backend-api/data/rdk7542/786/b49665h/entservices-infra-786/PersistentStore/l0test/PersistentStoreTest.cpp
2025-11-28 08:24:00,425 - Knowledge - INFO - Worker kw6 processing /Users/veera/Documents/kavia-backend/graphnode-backend-api/data/rdk7542/786/b49665h/entservices-infra-786/RDKShell/RDKShell.cpp
2025-11-28 08:24:00,425 - Knowledge - INFO - Fast-tracked /Users/veera/Documents/kavia-backend/graphnode-backend-api/data/rdk7542/786/b49665h/entservices-infra-786/OCIContainer/README.md (ext=.md, size=8825)
2025-11-28 08:24:00,425 - Knowledge - INFO - Fast-tracked /Users/veera/Documents/kavia-backend/graphnode-backend-api/data/rdk7542/786/b49665h/entservices-infra-786/USBDevice/CMakeLists.txt (ext=.txt, size=3489)
2025-11-28 08:24:00,425 - Knowledge - INFO - Worker kw7 processing /Users/veera/Documents/kavia-backend/graphnode-backend-api/data/rdk7542/786/b49665h/entservices-infra-786/cmake/FindCurl.cmake
2025-11-28 08:24:00,425 - Knowledge - INFO - Worker kw11 processing /Users/veera/Documents/kavia-backend/graphnode-backend-api/data/rdk7542/786/b49665h/entservices-infra-786/CloudStore/grpc/Store2.h
2025-11-28 08:24:00,425 - Knowledge - INFO - Fast-tracked /Users/veera/Documents/kavia-backend/graphnode-backend-api/data/rdk7542/786/b49665h/entservices-infra-786/cmake/Findjsoncpp.cmake (ext=.cmake, size=1853)
2025-11-28 08:24:00,425 - Knowledge - INFO - Worker kw16 processing /Users/veera/Documents/kavia-backend/graphnode-backend-api/data/rdk7542/786/b49665h/entservices-infra-786/Tests/L1Tests/tests/test_RunTimeManager.cpp
2025-11-28 08:24:00,425 - Knowledge - INFO - Fast-tracked /Users/veera/Documents/kavia-backend/graphnode-backend-api/data/rdk7542/786/b49665h/entservices-infra-786/PreinstallManager/Module.h (ext=.h, size=879)
2025-11-28 08:24:00,425 - Knowledge - INFO - Fast-tracked /Users/veera/Documents/kavia-backend/graphnode-backend-api/data/rdk7542/786/b49665h/entservices-infra-786/AppGateway/CMakeLists.txt (ext=.txt, size=2877)
2025-11-28 08:24:00,429 - Knowledge - INFO - Fast-tracked /Users/veera/Documents/kavia-backend/graphnode-backend-api/data/rdk7542/786/b49665h/entservices-infra-786/FbSettings/Module.h (ext=.h, size=872)
2025-11-28 08:24:00,429 - Knowledge - INFO - Fast-tracked /Users/veera/Documents/kavia-backend/graphnode-backend-api/data/rdk7542/786/b49665h/entservices-infra-786/SharedStorage/CHANGELOG.md (ext=.md, size=1014)
2025-11-28 08:24:00,430 - Knowledge - INFO - Fast-tracked /Users/veera/Documents/kavia-backend/graphnode-backend-api/data/rdk7542/786/b49665h/entservices-infra-786/StorageManager/StorageManager.h (small file (2180 bytes))
2025-11-28 08:24:00,431 - Knowledge - INFO - Fast-tracked /Users/veera/Documents/kavia-backend/graphnode-backend-api/data/rdk7542/786/b49665h/entservices-infra-786/Tests/L2Tests/tests/StorageManager_L2Test.cpp (ext=.cpp, size=41131)
2025-11-28 08:24:00,431 - Knowledge - INFO - Worker kw5 processing /Users/veera/Documents/kavia-backend/graphnode-backend-api/data/rdk7542/786/b49665h/entservices-infra-786/RustAdapter/RustAdapter.cpp
2025-11-28 08:24:00,431 - Knowledge - INFO - Worker kw12 processing /Users/veera/Documents/kavia-backend/graphnode-backend-api/data/rdk7542/786/b49665h/entservices-infra-786/CloudStore/CloudStoreImplementation.cpp
2025-11-28 08:24:00,431 - Knowledge - INFO - Fast-tracked /Users/veera/Documents/kavia-backend/graphnode-backend-api/data/rdk7542/786/b49665h/entservices-infra-786/USBMassStorage/CHANGELOG.md (ext=.md, size=1013)
2025-11-28 08:24:00,431 - Knowledge - INFO - Worker kw19 processing /Users/veera/Documents/kavia-backend/graphnode-backend-api/data/rdk7542/786/b49665h/entservices-infra-786/PersistentStore/l1test/CMakeLists.txt
2025-11-28 08:24:00,431 - Knowledge - INFO - Fast-tracked /Users/veera/Documents/kavia-backend/graphnode-backend-api/data/rdk7542/786/b49665h/entservices-infra-786/RDKShell/RDKShell.cpp (ext=.cpp, size=334918)
2025-11-28 08:24:00,431 - Knowledge - INFO - Worker kw10 processing /Users/veera/Documents/kavia-backend/graphnode-backend-api/data/rdk7542/786/b49665h/entservices-infra-786/OCIContainer/DobbyInterface.cpp
2025-11-28 08:24:00,431 - Knowledge - INFO - Worker kw20 processing /Users/veera/Documents/kavia-backend/graphnode-backend-api/data/rdk7542/786/b49665h/entservices-infra-786/USBDevice/USBDeviceImplementation.h
2025-11-28 08:24:00,431 - Knowledge - INFO - Fast-tracked /Users/veera/Documents/kavia-backend/graphnode-backend-api/data/rdk7542/786/b49665h/entservices-infra-786/cmake/FindCurl.cmake (ext=.cmake, size=1002)
2025-11-28 08:24:00,432 - Knowledge - INFO - Worker kw8 processing /Users/veera/Documents/kavia-backend/graphnode-backend-api/data/rdk7542/786/b49665h/entservices-infra-786/cmake/FindIARMBus.cmake
2025-11-28 08:24:00,432 - Knowledge - INFO - Worker kw11 processing /Users/veera/Documents/kavia-backend/graphnode-backend-api/data/rdk7542/786/b49665h/entservices-infra-786/CloudStore/grpc/l0test/CMakeLists.txt
2025-11-28 08:24:00,432 - Knowledge - INFO - Fast-tracked /Users/veera/Documents/kavia-backend/graphnode-backend-api/data/rdk7542/786/b49665h/entservices-infra-786/Tests/L1Tests/tests/test_RunTimeManager.cpp (ext=.cpp, size=71522)
2025-11-28 08:24:00,432 - Knowledge - INFO - Worker kw9 processing /Users/veera/Documents/kavia-backend/graphnode-backend-api/data/rdk7542/786/b49665h/entservices-infra-786/OCIContainer/stubs/omi_proxy.hpp
2025-11-28 08:24:00,432 - Knowledge - INFO - Worker kw17 processing /Users/veera/Documents/kavia-backend/graphnode-backend-api/data/rdk7542/786/b49665h/entservices-infra-786/AppGateway/Module.cpp
2025-11-28 08:24:00,433 - Knowledge - INFO - Worker kw14 processing /Users/veera/Documents/kavia-backend/graphnode-backend-api/data/rdk7542/786/b49665h/entservices-infra-786/PackageManager/PackageManager.h
2025-11-28 08:24:00,433 - Knowledge - INFO - Worker kw18 processing /Users/veera/Documents/kavia-backend/graphnode-backend-api/data/rdk7542/786/b49665h/entservices-infra-786/SharedStorage/Module.cpp
2025-11-28 08:24:00,434 - Knowledge - INFO - Fast-tracked /Users/veera/Documents/kavia-backend/graphnode-backend-api/data/rdk7542/786/b49665h/entservices-infra-786/LifecycleManager/StateHandler.h (small file (2544 bytes))
2025-11-28 08:24:00,434 - Knowledge - INFO - Worker kw15 processing /Users/veera/Documents/kavia-backend/graphnode-backend-api/data/rdk7542/786/b49665h/entservices-infra-786/Tests/L2Tests/tests/UsbMassStorage_L2Test.cpp
2025-11-28 08:24:00,434 - Knowledge - INFO - Worker kw5 processing /Users/veera/Documents/kavia-backend/graphnode-backend-api/data/rdk7542/786/b49665h/entservices-infra-786/RustAdapter/RustAdapter.h
2025-11-28 08:24:00,434 - Knowledge - INFO - Fast-tracked /Users/veera/Documents/kavia-backend/graphnode-backend-api/data/rdk7542/786/b49665h/entservices-infra-786/StorageManager/StorageManagerImplementation.h (small file (3012 bytes))
2025-11-28 08:24:00,436 - Knowledge - INFO - Worker kw13 processing /Users/veera/Documents/kavia-backend/graphnode-backend-api/data/rdk7542/786/b49665h/entservices-infra-786/USBMassStorage/Module.cpp
2025-11-28 08:24:00,436 - Knowledge - INFO - Fast-tracked /Users/veera/Documents/kavia-backend/graphnode-backend-api/data/rdk7542/786/b49665h/entservices-infra-786/CloudStore/CloudStoreImplementation.cpp (ext=.cpp, size=1693)
2025-11-28 08:24:00,438 - Knowledge - INFO - Fast-tracked /Users/veera/Documents/kavia-backend/graphnode-backend-api/data/rdk7542/786/b49665h/entservices-infra-786/PersistentStore/l1test/CMakeLists.txt (ext=.txt, size=1508)
2025-11-28 08:24:00,438 - Knowledge - INFO - Worker kw6 processing /Users/veera/Documents/kavia-backend/graphnode-backend-api/data/rdk7542/786/b49665h/entservices-infra-786/RDKShell/CMakeLists.txt
2025-11-28 08:24:00,439 - Knowledge - INFO - Worker kw10 processing /Users/veera/Documents/kavia-backend/graphnode-backend-api/data/rdk7542/786/b49665h/entservices-infra-786/OCIContainer/OCIContainer.h
2025-11-28 08:24:00,439 - Knowledge - INFO - Worker kw7 processing /Users/veera/Documents/kavia-backend/graphnode-backend-api/data/rdk7542/786/b49665h/entservices-infra-786/cmake/FindGLIB.cmake
2025-11-28 08:24:00,439 - Knowledge - INFO - Worker kw20 processing /Users/veera/Documents/kavia-backend/graphnode-backend-api/data/rdk7542/786/b49665h/entservices-infra-786/USBDevice/CHANGELOG.md
2025-11-28 08:24:00,439 - Knowledge - INFO - Fast-tracked /Users/veera/Documents/kavia-backend/graphnode-backend-api/data/rdk7542/786/b49665h/entservices-infra-786/cmake/FindIARMBus.cmake (ext=.cmake, size=1860)
2025-11-28 08:24:00,439 - Knowledge - INFO - Fast-tracked /Users/veera/Documents/kavia-backend/graphnode-backend-api/data/rdk7542/786/b49665h/entservices-infra-786/CloudStore/grpc/l0test/CMakeLists.txt (ext=.txt, size=2415)
2025-11-28 08:24:00,439 - Knowledge - INFO - Worker kw16 processing /Users/veera/Documents/kavia-backend/graphnode-backend-api/data/rdk7542/786/b49665h/entservices-infra-786/Tests/L1Tests/tests/test_Telemetry.cpp
2025-11-28 08:24:00,440 - Knowledge - INFO - Fast-tracked /Users/veera/Documents/kavia-backend/graphnode-backend-api/data/rdk7542/786/b49665h/entservices-infra-786/OCIContainer/stubs/omi_proxy.hpp (ext=.hpp, size=1493)
2025-11-28 08:24:00,440 - Knowledge - INFO - Fast-tracked /Users/veera/Documents/kavia-backend/graphnode-backend-api/data/rdk7542/786/b49665h/entservices-infra-786/AppGateway/Module.cpp (ext=.cpp, size=763)
2025-11-28 08:24:00,440 - Knowledge - INFO - Worker kw14 processing /Users/veera/Documents/kavia-backend/graphnode-backend-api/data/rdk7542/786/b49665h/entservices-infra-786/PackageManager/CMakeLists.txt
2025-11-28 08:24:00,441 - Knowledge - INFO - Fast-tracked /Users/veera/Documents/kavia-backend/graphnode-backend-api/data/rdk7542/786/b49665h/entservices-infra-786/Tests/L2Tests/tests/UsbMassStorage_L2Test.cpp (ext=.cpp, size=68003)
2025-11-28 08:24:00,442 - Knowledge - INFO - Fast-tracked /Users/veera/Documents/kavia-backend/graphnode-backend-api/data/rdk7542/786/b49665h/entservices-infra-786/SharedStorage/Module.cpp (ext=.cpp, size=765)
2025-11-28 08:24:00,445 - Knowledge - INFO - Fast-tracked /Users/veera/Documents/kavia-backend/graphnode-backend-api/data/rdk7542/786/b49665h/entservices-infra-786/USBMassStorage/Module.cpp (ext=.cpp, size=763)
2025-11-28 08:24:00,445 - Knowledge - INFO - Worker kw12 processing /Users/veera/Documents/kavia-backend/graphnode-backend-api/data/rdk7542/786/b49665h/entservices-infra-786/CloudStore/Module.h
2025-11-28 08:24:00,446 - Knowledge - INFO - Worker kw19 processing /Users/veera/Documents/kavia-backend/graphnode-backend-api/data/rdk7542/786/b49665h/entservices-infra-786/PersistentStore/l1test/ServiceMock.h
2025-11-28 08:24:00,446 - Knowledge - INFO - Fast-tracked /Users/veera/Documents/kavia-backend/graphnode-backend-api/data/rdk7542/786/b49665h/entservices-infra-786/RDKShell/CMakeLists.txt (ext=.txt, size=3209)
2025-11-28 08:24:00,447 - Knowledge - INFO - Worker kw10 processing /Users/veera/Documents/kavia-backend/graphnode-backend-api/data/rdk7542/786/b49665h/entservices-infra-786/OCIContainer/Module.h
2025-11-28 08:24:00,448 - Knowledge - INFO - Worker kw8 processing /Users/veera/Documents/kavia-backend/graphnode-backend-api/data/rdk7542/786/b49665h/entservices-infra-786/cmake/FindRDKStorageManager.cmake
2025-11-28 08:24:00,448 - Knowledge - INFO - Worker kw7 processing /Users/veera/Documents/kavia-backend/graphnode-backend-api/data/rdk7542/786/b49665h/entservices-infra-786/cmake/FindGStreamer.cmake
2025-11-28 08:24:00,448 - Knowledge - INFO - Fast-tracked /Users/veera/Documents/kavia-backend/graphnode-backend-api/data/rdk7542/786/b49665h/entservices-infra-786/USBDevice/CHANGELOG.md (ext=.md, size=1013)
2025-11-28 08:24:00,449 - Knowledge - INFO - Fast-tracked /Users/veera/Documents/kavia-backend/graphnode-backend-api/data/rdk7542/786/b49665h/entservices-infra-786/Tests/L1Tests/tests/test_Telemetry.cpp (ext=.cpp, size=21821)
2025-11-28 08:24:00,449 - Knowledge - INFO - Fast-tracked /Users/veera/Documents/kavia-backend/graphnode-backend-api/data/rdk7542/786/b49665h/entservices-infra-786/cmake/FindRDKStorageManager.cmake (ext=.cmake, size=983)
2025-11-28 08:24:00,449 - Knowledge - INFO - Worker kw9 processing /Users/veera/Documents/kavia-backend/graphnode-backend-api/data/rdk7542/786/b49665h/entservices-infra-786/OCIContainer/stubs/i_omi_proxy.hpp
2025-11-28 08:24:00,450 - Knowledge - INFO - Worker kw17 processing /Users/veera/Documents/kavia-backend/graphnode-backend-api/data/rdk7542/786/b49665h/entservices-infra-786/AppGateway/AppGatewayResponderImplementation.h
2025-11-28 08:24:00,450 - Knowledge - INFO - Fast-tracked /Users/veera/Documents/kavia-backend/graphnode-backend-api/data/rdk7542/786/b49665h/entservices-infra-786/PackageManager/CMakeLists.txt (ext=.txt, size=2847)
2025-11-28 08:24:00,450 - Knowledge - INFO - Worker kw15 processing /Users/veera/Documents/kavia-backend/graphnode-backend-api/data/rdk7542/786/b49665h/entservices-infra-786/Tests/L2Tests/tests/UsbDevice_L2Test.cpp
2025-11-28 08:24:00,451 - Knowledge - INFO - Worker kw18 processing /Users/veera/Documents/kavia-backend/graphnode-backend-api/data/rdk7542/786/b49665h/entservices-infra-786/SharedStorage/SharedStorage.cpp
2025-11-28 08:24:00,453 - Knowledge - INFO - Worker kw13 processing /Users/veera/Documents/kavia-backend/graphnode-backend-api/data/rdk7542/786/b49665h/entservices-infra-786/USBMassStorage/USBMassStorageImplementation.cpp
2025-11-28 08:24:00,456 - Knowledge - INFO - Fast-tracked /Users/veera/Documents/kavia-backend/graphnode-backend-api/data/rdk7542/786/b49665h/entservices-infra-786/CloudStore/Module.h (ext=.h, size=1343)
2025-11-28 08:24:00,462 - Knowledge - INFO - Worker kw19 processing /Users/veera/Documents/kavia-backend/graphnode-backend-api/data/rdk7542/786/b49665h/entservices-infra-786/PersistentStore/l1test/PersistentStoreTest.cpp
2025-11-28 08:24:00,463 - Knowledge - INFO - Worker kw6 processing /Users/veera/Documents/kavia-backend/graphnode-backend-api/data/rdk7542/786/b49665h/entservices-infra-786/RDKShell/CHANGELOG.md
2025-11-28 08:24:00,466 - Knowledge - INFO - Worker kw11 processing /Users/veera/Documents/kavia-backend/graphnode-backend-api/data/rdk7542/786/b49665h/entservices-infra-786/CloudStore/grpc/l0test/WorkerPoolImplementation.h
2025-11-28 08:24:00,467 - Knowledge - INFO - Fast-tracked /Users/veera/Documents/kavia-backend/graphnode-backend-api/data/rdk7542/786/b49665h/entservices-infra-786/OCIContainer/Module.h (ext=.h, size=876)
2025-11-28 08:24:00,468 - Knowledge - INFO - Worker kw7 processing /Users/veera/Documents/kavia-backend/graphnode-backend-api/data/rdk7542/786/b49665h/entservices-infra-786/cmake/FindNEXUS.cmake
2025-11-28 08:24:00,468 - Knowledge - INFO - Worker kw20 processing /Users/veera/Documents/kavia-backend/graphnode-backend-api/data/rdk7542/786/b49665h/entservices-infra-786/USBDevice/Module.cpp
2025-11-28 08:24:00,468 - Knowledge - INFO - Worker kw16 processing /Users/veera/Documents/kavia-backend/graphnode-backend-api/data/rdk7542/786/b49665h/entservices-infra-786/Tests/L1Tests/tests/test_MessageControl.cpp
2025-11-28 08:24:00,471 - Knowledge - INFO - Worker kw8 processing /Users/veera/Documents/kavia-backend/graphnode-backend-api/data/rdk7542/786/b49665h/entservices-infra-786/cmake/FindCEC.cmake
2025-11-28 08:24:00,471 - Knowledge - INFO - Fast-tracked /Users/veera/Documents/kavia-backend/graphnode-backend-api/data/rdk7542/786/b49665h/entservices-infra-786/LifecycleManager/LifecycleManagerTelemetryReporting.h (small file (2280 bytes))
2025-11-28 08:24:00,471 - Knowledge - INFO - Worker kw9 processing /Users/veera/Documents/kavia-backend/graphnode-backend-api/data/rdk7542/786/b49665h/entservices-infra-786/OCIContainer/CMakeLists.txt
2025-11-28 08:24:00,472 - Knowledge - INFO - Worker kw17 processing /Users/veera/Documents/kavia-backend/graphnode-backend-api/data/rdk7542/786/b49665h/entservices-infra-786/AppGateway/AppGatewayResponderImplementation.cpp
2025-11-28 08:24:00,472 - Knowledge - INFO - Worker kw14 processing /Users/veera/Documents/kavia-backend/graphnode-backend-api/data/rdk7542/786/b49665h/entservices-infra-786/PackageManager/PackageManagerImplementation.cpp
2025-11-28 08:24:00,472 - Knowledge - INFO - Fast-tracked /Users/veera/Documents/kavia-backend/graphnode-backend-api/data/rdk7542/786/b49665h/entservices-infra-786/Tests/L2Tests/tests/UsbDevice_L2Test.cpp (ext=.cpp, size=117076)
2025-11-28 08:24:00,472 - Knowledge - INFO - Worker kw18 processing /Users/veera/Documents/kavia-backend/graphnode-backend-api/data/rdk7542/786/b49665h/entservices-infra-786/SharedStorage/SharedStorage.h
2025-11-28 08:24:00,472 - Knowledge - INFO - Worker kw13 processing /Users/veera/Documents/kavia-backend/graphnode-backend-api/data/rdk7542/786/b49665h/entservices-infra-786/USBMassStorage/Module.h
2025-11-28 08:24:00,472 - Knowledge - INFO - Worker kw12 processing /Users/veera/Documents/kavia-backend/graphnode-backend-api/data/rdk7542/786/b49665h/entservices-infra-786/DownloadManager/DownloadManagerHttpClient.cpp
2025-11-28 08:24:00,472 - Knowledge - INFO - Worker kw19 processing /Users/veera/Documents/kavia-backend/graphnode-backend-api/data/rdk7542/786/b49665h/entservices-infra-786/PersistentStore/sqlite/Store2.h
2025-11-28 08:24:00,472 - Knowledge - INFO - Fast-tracked /Users/veera/Documents/kavia-backend/graphnode-backend-api/data/rdk7542/786/b49665h/entservices-infra-786/CloudStore/grpc/l0test/WorkerPoolImplementation.h (ext=.h, size=1980)
2025-11-28 08:24:00,472 - Knowledge - INFO - Fast-tracked /Users/veera/Documents/kavia-backend/graphnode-backend-api/data/rdk7542/786/b49665h/entservices-infra-786/RDKShell/CHANGELOG.md (ext=.md, size=1015)
2025-11-28 08:24:00,472 - Knowledge - INFO - Worker kw10 processing /Users/veera/Documents/kavia-backend/graphnode-backend-api/data/rdk7542/786/b49665h/entservices-infra-786/OCIContainer/IEventHandler.h
2025-11-28 08:24:00,473 - Knowledge - INFO - Fast-tracked /Users/veera/Documents/kavia-backend/graphnode-backend-api/data/rdk7542/786/b49665h/entservices-infra-786/USBDevice/Module.cpp (ext=.cpp, size=763)
2025-11-28 08:24:00,473 - Knowledge - INFO - Fast-tracked /Users/veera/Documents/kavia-backend/graphnode-backend-api/data/rdk7542/786/b49665h/entservices-infra-786/Tests/L1Tests/tests/test_MessageControl.cpp (ext=.cpp, size=24234)
2025-11-28 08:24:00,473 - Knowledge - INFO - Fast-tracked /Users/veera/Documents/kavia-backend/graphnode-backend-api/data/rdk7542/786/b49665h/entservices-infra-786/cmake/FindCEC.cmake (ext=.cmake, size=1947)
2025-11-28 08:24:00,473 - Knowledge - INFO - Fast-tracked /Users/veera/Documents/kavia-backend/graphnode-backend-api/data/rdk7542/786/b49665h/entservices-infra-786/OCIContainer/CMakeLists.txt (ext=.txt, size=3592)
2025-11-28 08:24:00,473 - Knowledge - INFO - Worker kw17 processing /Users/veera/Documents/kavia-backend/graphnode-backend-api/data/rdk7542/786/b49665h/entservices-infra-786/AppGateway/tests/CurlCmds.md
2025-11-28 08:24:00,473 - Knowledge - INFO - Worker kw15 processing /Users/veera/Documents/kavia-backend/graphnode-backend-api/data/rdk7542/786/b49665h/entservices-infra-786/Tests/L2Tests/tests/ResourceManager_L2Test.cpp
2025-11-28 08:24:00,473 - Knowledge - INFO - Worker kw14 processing /Users/veera/Documents/kavia-backend/graphnode-backend-api/data/rdk7542/786/b49665h/entservices-infra-786/PackageManager/cmake/FindCurl.cmake
2025-11-28 08:24:00,473 - Knowledge - INFO - Worker kw18 processing /Users/veera/Documents/kavia-backend/graphnode-backend-api/data/rdk7542/786/b49665h/entservices-infra-786/SharedStorage/SharedStorageImplementation.h
2025-11-28 08:24:00,474 - Knowledge - INFO - Worker kw12 processing /Users/veera/Documents/kavia-backend/graphnode-backend-api/data/rdk7542/786/b49665h/entservices-infra-786/DownloadManager/CMakeLists.txt
2025-11-28 08:24:00,474 - Knowledge - INFO - Fast-tracked /Users/veera/Documents/kavia-backend/graphnode-backend-api/data/rdk7542/786/b49665h/entservices-infra-786/USBMassStorage/Module.h (ext=.h, size=876)
2025-11-28 08:24:00,474 - Knowledge - INFO - Worker kw19 processing /Users/veera/Documents/kavia-backend/graphnode-backend-api/data/rdk7542/786/b49665h/entservices-infra-786/PersistentStore/sqlite/l1test/Store2NotificationMock.h
2025-11-28 08:24:00,474 - Knowledge - INFO - Worker kw11 processing /Users/veera/Documents/kavia-backend/graphnode-backend-api/data/rdk7542/786/b49665h/entservices-infra-786/CloudStore/grpc/l0test/Store2Test.cpp
2025-11-28 08:24:00,474 - Knowledge - INFO - Worker kw20 processing /Users/veera/Documents/kavia-backend/graphnode-backend-api/data/rdk7542/786/b49665h/entservices-infra-786/USBDevice/Module.h
2025-11-28 08:24:00,474 - Knowledge - INFO - Worker kw16 processing /Users/veera/Documents/kavia-backend/graphnode-backend-api/data/rdk7542/786/b49665h/entservices-infra-786/Tests/L1Tests/tests/test_ResourceManager.cpp
2025-11-28 08:24:00,474 - Knowledge - INFO - Fast-tracked /Users/veera/Documents/kavia-backend/graphnode-backend-api/data/rdk7542/786/b49665h/entservices-infra-786/OCIContainer/IEventHandler.h (ext=.h, size=1183)
2025-11-28 08:24:00,474 - Knowledge - INFO - Worker kw8 processing /Users/veera/Documents/kavia-backend/graphnode-backend-api/data/rdk7542/786/b49665h/entservices-infra-786/cmake/FindAC.cmake
2025-11-28 08:24:00,474 - Knowledge - INFO - Worker kw9 processing /Users/veera/Documents/kavia-backend/graphnode-backend-api/data/rdk7542/786/b49665h/entservices-infra-786/OCIContainer/DobbyInterface.h
2025-11-28 08:24:00,475 - Knowledge - INFO - Fast-tracked /Users/veera/Documents/kavia-backend/graphnode-backend-api/data/rdk7542/786/b49665h/entservices-infra-786/Tests/L2Tests/tests/ResourceManager_L2Test.cpp (ext=.cpp, size=6784)
2025-11-28 08:24:00,475 - Knowledge - INFO - Fast-tracked /Users/veera/Documents/kavia-backend/graphnode-backend-api/data/rdk7542/786/b49665h/entservices-infra-786/AppGateway/tests/CurlCmds.md (ext=.md, size=1006)
2025-11-28 08:24:00,475 - Knowledge - INFO - Fast-tracked /Users/veera/Documents/kavia-backend/graphnode-backend-api/data/rdk7542/786/b49665h/entservices-infra-786/PackageManager/cmake/FindCurl.cmake (ext=.cmake, size=816)
2025-11-28 08:24:00,475 - Knowledge - INFO - Worker kw18 processing /Users/veera/Documents/kavia-backend/graphnode-backend-api/data/rdk7542/786/b49665h/entservices-infra-786/SharedStorage/Module.h
2025-11-28 08:24:00,475 - Knowledge - INFO - Worker kw13 processing /Users/veera/Documents/kavia-backend/graphnode-backend-api/data/rdk7542/786/b49665h/entservices-infra-786/USBMassStorage/USBMassStorage.cpp
2025-11-28 08:24:00,475 - Knowledge - INFO - Fast-tracked /Users/veera/Documents/kavia-backend/graphnode-backend-api/data/rdk7542/786/b49665h/entservices-infra-786/DownloadManager/CMakeLists.txt (ext=.txt, size=2668)
2025-11-28 08:24:00,475 - Knowledge - INFO - Fast-tracked /Users/veera/Documents/kavia-backend/graphnode-backend-api/data/rdk7542/786/b49665h/entservices-infra-786/PersistentStore/sqlite/l1test/Store2NotificationMock.h (ext=.h, size=1193)
2025-11-28 08:24:00,475 - Knowledge - INFO - Worker kw11 processing /Users/veera/Documents/kavia-backend/graphnode-backend-api/data/rdk7542/786/b49665h/entservices-infra-786/CloudStore/grpc/l0test/SecureStorageServiceMock.h
2025-11-28 08:24:00,475 - Knowledge - INFO - Fast-tracked /Users/veera/Documents/kavia-backend/graphnode-backend-api/data/rdk7542/786/b49665h/entservices-infra-786/USBDevice/Module.h (ext=.h, size=871)
2025-11-28 08:24:00,475 - Knowledge - INFO - Fast-tracked /Users/veera/Documents/kavia-backend/graphnode-backend-api/data/rdk7542/786/b49665h/entservices-infra-786/Tests/L1Tests/tests/test_ResourceManager.cpp (ext=.cpp, size=6953)
2025-11-28 08:24:00,475 - Knowledge - INFO - Worker kw10 processing /Users/veera/Documents/kavia-backend/graphnode-backend-api/data/rdk7542/786/b49665h/entservices-infra-786/NativeJS/NativeJSPlugin.h
2025-11-28 08:24:00,475 - Knowledge - INFO - Fast-tracked /Users/veera/Documents/kavia-backend/graphnode-backend-api/data/rdk7542/786/b49665h/entservices-infra-786/cmake/FindAC.cmake (ext=.cmake, size=1567)
2025-11-28 08:24:00,475 - Knowledge - INFO - Worker kw15 processing /Users/veera/Documents/kavia-backend/graphnode-backend-api/data/rdk7542/786/b49665h/entservices-infra-786/Tests/L2Tests/tests/SharedStorage_L2Test.cpp
2025-11-28 08:24:00,476 - Knowledge - INFO - Worker kw17 processing /Users/veera/Documents/kavia-backend/graphnode-backend-api/data/rdk7542/786/b49665h/entservices-infra-786/AppGateway/AppGateway.h
2025-11-28 08:24:00,476 - Knowledge - INFO - Worker kw9 processing /Users/veera/Documents/kavia-backend/graphnode-backend-api/data/rdk7542/786/b49665h/entservices-infra-786/OCIContainer/test/thunder-ocicontainer-test.js
2025-11-28 08:24:00,476 - Knowledge - INFO - Worker kw14 processing /Users/veera/Documents/kavia-backend/graphnode-backend-api/data/rdk7542/786/b49665h/entservices-infra-786/PackageManager/Module.cpp
2025-11-28 08:24:00,476 - Knowledge - INFO - Fast-tracked /Users/veera/Documents/kavia-backend/graphnode-backend-api/data/rdk7542/786/b49665h/entservices-infra-786/PackageManager/Module.cpp (ext=.cpp, size=765)
2025-11-28 08:24:00,476 - Knowledge - INFO - Worker kw12 processing /Users/veera/Documents/kavia-backend/graphnode-backend-api/data/rdk7542/786/b49665h/entservices-infra-786/DownloadManager/DownloadManager.h
2025-11-28 08:24:00,476 - Knowledge - INFO - Worker kw13 processing /Users/veera/Documents/kavia-backend/graphnode-backend-api/data/rdk7542/786/b49665h/entservices-infra-786/FbSettings/FbSettings.h
2025-11-28 08:24:00,476 - Knowledge - INFO - Worker kw19 processing /Users/veera/Documents/kavia-backend/graphnode-backend-api/data/rdk7542/786/b49665h/entservices-infra-786/PersistentStore/sqlite/l1test/CMakeLists.txt
2025-11-28 08:24:00,476 - Knowledge - INFO - Worker kw20 processing /Users/veera/Documents/kavia-backend/graphnode-backend-api/data/rdk7542/786/b49665h/entservices-infra-786/USBDevice/USBDevice.h
2025-11-28 08:24:00,476 - Knowledge - INFO - Worker kw16 processing /Users/veera/Documents/kavia-backend/graphnode-backend-api/data/rdk7542/786/b49665h/entservices-infra-786/Tests/L1Tests/tests/test_StorageManager.cpp
2025-11-28 08:24:00,476 - Knowledge - INFO - Worker kw11 processing /Users/veera/Documents/kavia-backend/graphnode-backend-api/data/rdk7542/786/b49665h/entservices-infra-786/CloudStore/grpc/l0test/Server.h
2025-11-28 08:24:00,476 - Knowledge - INFO - Worker kw8 processing /Users/veera/Documents/kavia-backend/graphnode-backend-api/data/rdk7542/786/b49665h/entservices-infra-786/cmake/FindLibSoup.cmake
2025-11-28 08:24:00,476 - Knowledge - INFO - Worker kw10 processing /Users/veera/Documents/kavia-backend/graphnode-backend-api/data/rdk7542/786/b49665h/entservices-infra-786/NativeJS/NativeJSImplementation.h
2025-11-28 08:24:00,476 - Knowledge - INFO - Fast-tracked /Users/veera/Documents/kavia-backend/graphnode-backend-api/data/rdk7542/786/b49665h/entservices-infra-786/Tests/L2Tests/tests/SharedStorage_L2Test.cpp (ext=.cpp, size=51281)
2025-11-28 08:24:00,476 - Knowledge - INFO - Worker kw17 processing /Users/veera/Documents/kavia-backend/graphnode-backend-api/data/rdk7542/786/b49665h/entservices-infra-786/AppGateway/AppGateway.cpp
2025-11-28 08:24:00,476 - Knowledge - INFO - Fast-tracked /Users/veera/Documents/kavia-backend/graphnode-backend-api/data/rdk7542/786/b49665h/entservices-infra-786/OCIContainer/test/thunder-ocicontainer-test.js (ext=.js, size=12423)
2025-11-28 08:24:00,476 - Knowledge - INFO - Fast-tracked /Users/veera/Documents/kavia-backend/graphnode-backend-api/data/rdk7542/786/b49665h/entservices-infra-786/SharedStorage/Module.h (ext=.h, size=848)
2025-11-28 08:24:00,476 - Knowledge - INFO - Worker kw14 processing /Users/veera/Documents/kavia-backend/graphnode-backend-api/data/rdk7542/786/b49665h/entservices-infra-786/PackageManager/HttpClient.h
2025-11-28 08:24:00,477 - Knowledge - INFO - Worker kw13 processing /Users/veera/Documents/kavia-backend/graphnode-backend-api/data/rdk7542/786/b49665h/entservices-infra-786/FbSettings/CMakeLists.txt
2025-11-28 08:24:00,477 - Knowledge - INFO - Worker kw12 processing /Users/veera/Documents/kavia-backend/graphnode-backend-api/data/rdk7542/786/b49665h/entservices-infra-786/DownloadManager/Module.cpp
2025-11-28 08:24:00,477 - Knowledge - INFO - Fast-tracked /Users/veera/Documents/kavia-backend/graphnode-backend-api/data/rdk7542/786/b49665h/entservices-infra-786/PersistentStore/sqlite/l1test/CMakeLists.txt (ext=.txt, size=1464)
2025-11-28 08:24:00,478 - Knowledge - INFO - Worker kw20 processing /Users/veera/Documents/kavia-backend/graphnode-backend-api/data/rdk7542/786/b49665h/entservices-infra-786/README.md
2025-11-28 08:24:00,479 - Knowledge - INFO - Fast-tracked /Users/veera/Documents/kavia-backend/graphnode-backend-api/data/rdk7542/786/b49665h/entservices-infra-786/Tests/L1Tests/tests/test_StorageManager.cpp (ext=.cpp, size=43244)
2025-11-28 08:24:00,481 - Knowledge - INFO - Fast-tracked /Users/veera/Documents/kavia-backend/graphnode-backend-api/data/rdk7542/786/b49665h/entservices-infra-786/CloudStore/grpc/l0test/Server.h (ext=.h, size=1209)
2025-11-28 08:24:00,483 - Knowledge - INFO - Fast-tracked /Users/veera/Documents/kavia-backend/graphnode-backend-api/data/rdk7542/786/b49665h/entservices-infra-786/cmake/FindLibSoup.cmake (ext=.cmake, size=1398)
2025-11-28 08:24:00,484 - Knowledge - INFO - Fast-tracked /Users/veera/Documents/kavia-backend/graphnode-backend-api/data/rdk7542/786/b49665h/entservices-infra-786/TelemetryMetrics/TelemetryMetrics.h (small file (2028 bytes))
2025-11-28 08:24:00,490 - Knowledge - INFO - Worker kw15 processing /Users/veera/Documents/kavia-backend/graphnode-backend-api/data/rdk7542/786/b49665h/entservices-infra-786/Tests/L2Tests/tests/OCIContainer_L2Test.cpp
2025-11-28 08:24:00,499 - Knowledge - INFO - Worker kw17 processing /Users/veera/Documents/kavia-backend/graphnode-backend-api/data/rdk7542/786/b49665h/entservices-infra-786/AppGateway/Resolver.h
2025-11-28 08:24:00,499 - Knowledge - INFO - Fast-tracked /Users/veera/Documents/kavia-backend/graphnode-backend-api/data/rdk7542/786/b49665h/entservices-infra-786/RDKShell/RialtoConnector.h (small file (2442 bytes))
2025-11-28 08:24:00,500 - Knowledge - INFO - Worker kw9 processing /Users/veera/Documents/kavia-backend/graphnode-backend-api/data/rdk7542/786/b49665h/entservices-infra-786/OCIContainer/test/DobbySpecs/helloworld.json
2025-11-28 08:24:00,501 - Knowledge - INFO - Worker kw18 processing /Users/veera/Documents/kavia-backend/graphnode-backend-api/data/rdk7542/786/b49665h/entservices-infra-786/PersistentStore/CMakeLists.txt
2025-11-28 08:24:00,503 - Knowledge - INFO - Worker kw14 processing /Users/veera/Documents/kavia-backend/graphnode-backend-api/data/rdk7542/786/b49665h/entservices-infra-786/PackageManager/PackageManagerImplementation.h
2025-11-28 08:24:00,504 - Knowledge - INFO - Fast-tracked /Users/veera/Documents/kavia-backend/graphnode-backend-api/data/rdk7542/786/b49665h/entservices-infra-786/FbSettings/CMakeLists.txt (ext=.txt, size=2424)
2025-11-28 08:24:00,504 - Knowledge - INFO - Fast-tracked /Users/veera/Documents/kavia-backend/graphnode-backend-api/data/rdk7542/786/b49665h/entservices-infra-786/DownloadManager/Module.cpp (ext=.cpp, size=765)
2025-11-28 08:24:00,504 - Knowledge - INFO - Worker kw19 processing /Users/veera/Documents/kavia-backend/graphnode-backend-api/data/rdk7542/786/b49665h/entservices-infra-786/PersistentStore/sqlite/l1test/WorkerPoolImplementation.h
2025-11-28 08:24:00,506 - Knowledge - INFO - Worker kw16 processing /Users/veera/Documents/kavia-backend/graphnode-backend-api/data/rdk7542/786/b49665h/entservices-infra-786/Tests/L1Tests/tests/test_UserSettings.cpp
2025-11-28 08:24:00,506 - Knowledge - INFO - Fast-tracked /Users/veera/Documents/kavia-backend/graphnode-backend-api/data/rdk7542/786/b49665h/entservices-infra-786/README.md (ext=.md, size=70)
2025-11-28 08:24:00,506 - Knowledge - INFO - Worker kw11 processing /Users/veera/Documents/kavia-backend/graphnode-backend-api/data/rdk7542/786/b49665h/entservices-infra-786/CloudStore/grpc/l2test/CMakeLists.txt
2025-11-28 08:24:00,515 - Knowledge - INFO - Worker kw8 processing /Users/veera/Documents/kavia-backend/graphnode-backend-api/data/rdk7542/786/b49665h/entservices-infra-786/cmake/FindNXCLIENT.cmake
2025-11-28 08:24:00,520 - Knowledge - INFO - Fast-tracked /Users/veera/Documents/kavia-backend/graphnode-backend-api/data/rdk7542/786/b49665h/entservices-infra-786/Tests/L2Tests/tests/OCIContainer_L2Test.cpp (ext=.cpp, size=117274)
2025-11-28 08:24:00,521 - Knowledge - INFO - Worker kw17 processing /Users/veera/Documents/kavia-backend/graphnode-backend-api/data/rdk7542/786/b49665h/entservices-infra-786/AppGateway/AppGatewayImplementation.h
2025-11-28 08:24:00,533 - Knowledge - INFO - Fast-tracked /Users/veera/Documents/kavia-backend/graphnode-backend-api/data/rdk7542/786/b49665h/entservices-infra-786/OCIContainer/test/DobbySpecs/helloworld.json (ext=.json, size=480)
2025-11-28 08:24:00,534 - Knowledge - INFO - Fast-tracked /Users/veera/Documents/kavia-backend/graphnode-backend-api/data/rdk7542/786/b49665h/entservices-infra-786/PersistentStore/CMakeLists.txt (ext=.txt, size=3274)
2025-11-28 08:24:00,538 - Knowledge - INFO - Fast-tracked /Users/veera/Documents/kavia-backend/graphnode-backend-api/data/rdk7542/786/b49665h/entservices-infra-786/PersistentStore/sqlite/l1test/WorkerPoolImplementation.h (ext=.h, size=1980)
2025-11-28 08:24:00,542 - Knowledge - INFO - Worker kw20 processing /Users/veera/Documents/kavia-backend/graphnode-backend-api/data/rdk7542/786/b49665h/entservices-infra-786/services.cmake
2025-11-28 08:24:00,543 - Knowledge - INFO - Fast-tracked /Users/veera/Documents/kavia-backend/graphnode-backend-api/data/rdk7542/786/b49665h/entservices-infra-786/Tests/L1Tests/tests/test_UserSettings.cpp (ext=.cpp, size=34809)
2025-11-28 08:24:00,547 - Knowledge - INFO - Fast-tracked /Users/veera/Documents/kavia-backend/graphnode-backend-api/data/rdk7542/786/b49665h/entservices-infra-786/CloudStore/grpc/l2test/CMakeLists.txt (ext=.txt, size=2202)
2025-11-28 08:24:00,548 - Knowledge - INFO - Worker kw15 processing /Users/veera/Documents/kavia-backend/graphnode-backend-api/data/rdk7542/786/b49665h/entservices-infra-786/Tests/L2Tests/tests/AppManager_L2Test.cpp
2025-11-28 08:24:00,548 - Knowledge - INFO - Fast-tracked /Users/veera/Documents/kavia-backend/graphnode-backend-api/data/rdk7542/786/b49665h/entservices-infra-786/cmake/FindNXCLIENT.cmake (ext=.cmake, size=1813)
2025-11-28 08:24:00,552 - Knowledge - INFO - Fast-tracked /Users/veera/Documents/kavia-backend/graphnode-backend-api/data/rdk7542/786/b49665h/entservices-infra-786/AppManager/AppManagerTelemetryReporting.h (small file (2482 bytes))
2025-11-28 08:24:00,553 - Knowledge - INFO - Worker kw17 processing /Users/veera/Documents/kavia-backend/graphnode-backend-api/data/rdk7542/786/b49665h/entservices-infra-786/AppGateway/Resolver.cpp
2025-11-28 08:24:00,555 - Knowledge - INFO - Worker kw18 processing /Users/veera/Documents/kavia-backend/graphnode-backend-api/data/rdk7542/786/b49665h/entservices-infra-786/PersistentStore/PersistentStoreImplementation.cpp
2025-11-28 08:24:00,558 - Knowledge - INFO - Worker kw19 processing /Users/veera/Documents/kavia-backend/graphnode-backend-api/data/rdk7542/786/b49665h/entservices-infra-786/PersistentStore/sqlite/l1test/Store2Test.cpp
2025-11-28 08:24:00,560 - Knowledge - INFO - Worker kw20 processing /Users/veera/Documents/kavia-backend/graphnode-backend-api/data/rdk7542/786/b49665h/entservices-infra-786/UserSettings/UserSettingsImplementation.h
2025-11-28 08:24:00,560 - Knowledge - INFO - Worker kw16 processing /Users/veera/Documents/kavia-backend/graphnode-backend-api/data/rdk7542/786/b49665h/entservices-infra-786/Tests/L1Tests/tests/test_AppManager.cpp
2025-11-28 08:24:00,561 - Knowledge - INFO - Fast-tracked /Users/veera/Documents/kavia-backend/graphnode-backend-api/data/rdk7542/786/b49665h/entservices-infra-786/Tests/L2Tests/tests/AppManager_L2Test.cpp (ext=.cpp, size=75600)
2025-11-28 08:24:00,564 - Knowledge - INFO - Fast-tracked /Users/veera/Documents/kavia-backend/graphnode-backend-api/data/rdk7542/786/b49665h/entservices-infra-786/cmake/FindGStreamerVideo.cmake (small file (2892 bytes))
2025-11-28 08:24:00,564 - Knowledge - INFO - Worker kw17 processing /Users/veera/Documents/kavia-backend/graphnode-backend-api/data/rdk7542/786/b49665h/entservices-infra-786/AppGateway/Module.h
2025-11-28 08:24:00,564 - Knowledge - INFO - Worker kw18 processing /Users/veera/Documents/kavia-backend/graphnode-backend-api/data/rdk7542/786/b49665h/entservices-infra-786/PersistentStore/PersistentStoreJsonRpc.cpp
2025-11-28 08:24:00,565 - Knowledge - INFO - Worker kw19 processing /Users/veera/Documents/kavia-backend/graphnode-backend-api/data/rdk7542/786/b49665h/entservices-infra-786/PersistentStore/PersistentStore.cpp
2025-11-28 08:24:00,565 - Knowledge - INFO - Fast-tracked /Users/veera/Documents/kavia-backend/graphnode-backend-api/data/rdk7542/786/b49665h/entservices-infra-786/Tests/L1Tests/tests/test_AppManager.cpp (ext=.cpp, size=141374)
2025-11-28 08:24:00,565 - Knowledge - INFO - Worker kw16 processing /Users/veera/Documents/kavia-backend/graphnode-backend-api/data/rdk7542/786/b49665h/entservices-infra-786/Tests/L1Tests/tests/test_USBMassStorage.cpp
2025-11-28 08:24:00,565 - Knowledge - INFO - Fast-tracked /Users/veera/Documents/kavia-backend/graphnode-backend-api/data/rdk7542/786/b49665h/entservices-infra-786/cmake/FindAamp.cmake (small file (2167 bytes))
2025-11-28 08:24:00,565 - Knowledge - INFO - Worker kw20 processing /Users/veera/Documents/kavia-backend/graphnode-backend-api/data/rdk7542/786/b49665h/entservices-infra-786/UserSettings/CMakeLists.txt
2025-11-28 08:24:00,565 - Knowledge - INFO - Fast-tracked /Users/veera/Documents/kavia-backend/graphnode-backend-api/data/rdk7542/786/b49665h/entservices-infra-786/AppGateway/Module.h (ext=.h, size=872)
2025-11-28 08:24:00,565 - Knowledge - INFO - Worker kw18 processing /Users/veera/Documents/kavia-backend/graphnode-backend-api/data/rdk7542/786/b49665h/entservices-infra-786/PersistentStore/CHANGELOG.md
2025-11-28 08:24:00,565 - Knowledge - INFO - Worker kw15 processing /Users/veera/Documents/kavia-backend/graphnode-backend-api/data/rdk7542/786/b49665h/entservices-infra-786/Tests/L2Tests/tests/UsbAccess_L2Test.cpp
2025-11-28 08:24:00,566 - Knowledge - INFO - Worker kw19 processing /Users/veera/Documents/kavia-backend/graphnode-backend-api/data/rdk7542/786/b49665h/entservices-infra-786/PersistentStore/Module.h
2025-11-28 08:24:00,566 - Knowledge - INFO - Fast-tracked /Users/veera/Documents/kavia-backend/graphnode-backend-api/data/rdk7542/786/b49665h/entservices-infra-786/Tests/L1Tests/tests/test_USBMassStorage.cpp (ext=.cpp, size=41386)
2025-11-28 08:24:00,566 - Knowledge - INFO - Fast-tracked /Users/veera/Documents/kavia-backend/graphnode-backend-api/data/rdk7542/786/b49665h/entservices-infra-786/cmake/FindBCM_HOST.cmake (small file (2134 bytes))
2025-11-28 08:24:00,572 - Knowledge - INFO - Worker kw17 processing /Users/veera/Documents/kavia-backend/graphnode-backend-api/data/rdk7542/786/b49665h/entservices-infra-786/AppGateway/AppGatewayImplementation.cpp
2025-11-28 08:24:00,572 - Knowledge - INFO - Fast-tracked /Users/veera/Documents/kavia-backend/graphnode-backend-api/data/rdk7542/786/b49665h/entservices-infra-786/UserSettings/CMakeLists.txt (ext=.txt, size=2724)
2025-11-28 08:24:00,573 - Knowledge - INFO - Fast-tracked /Users/veera/Documents/kavia-backend/graphnode-backend-api/data/rdk7542/786/b49665h/entservices-infra-786/PersistentStore/CHANGELOG.md (ext=.md, size=1013)
2025-11-28 08:24:00,573 - Knowledge - INFO - Fast-tracked /Users/veera/Documents/kavia-backend/graphnode-backend-api/data/rdk7542/786/b49665h/entservices-infra-786/Tests/L2Tests/tests/UsbAccess_L2Test.cpp (ext=.cpp, size=25780)
2025-11-28 08:24:00,573 - Knowledge - INFO - Fast-tracked /Users/veera/Documents/kavia-backend/graphnode-backend-api/data/rdk7542/786/b49665h/entservices-infra-786/PersistentStore/Module.h (ext=.h, size=1122)
2025-11-28 08:24:00,573 - Knowledge - INFO - Worker kw16 processing /Users/veera/Documents/kavia-backend/graphnode-backend-api/data/rdk7542/786/b49665h/entservices-infra-786/Tests/L1Tests/tests/test_OCIContainer.cpp
2025-11-28 08:24:00,573 - Knowledge - INFO - Worker kw20 processing /Users/veera/Documents/kavia-backend/graphnode-backend-api/data/rdk7542/786/b49665h/entservices-infra-786/UserSettings/CHANGELOG.md
2025-11-28 08:24:00,573 - Knowledge - INFO - Worker kw18 processing /Users/veera/Documents/kavia-backend/graphnode-backend-api/data/rdk7542/786/b49665h/entservices-infra-786/PersistentStore/PersistentStoreImplementation.h
2025-11-28 08:24:00,573 - Knowledge - INFO - Processing batch of 15 files
2025-11-28 08:24:00,574 - Knowledge - INFO - Worker kw15 processing /Users/veera/Documents/kavia-backend/graphnode-backend-api/data/rdk7542/786/b49665h/entservices-infra-786/Tests/L2Tests/tests/UserSettings_L2Test.cpp
2025-11-28 08:24:00,574 - Knowledge - INFO - Worker kw19 processing /Users/veera/Documents/kavia-backend/graphnode-backend-api/data/rdk7542/786/b49665h/entservices-infra-786/PersistentStore/PersistentStore.h
2025-11-28 08:24:00,574 - Knowledge - INFO - Fast-tracked /Users/veera/Documents/kavia-backend/graphnode-backend-api/data/rdk7542/786/b49665h/entservices-infra-786/Tests/L1Tests/tests/test_OCIContainer.cpp (ext=.cpp, size=11902)
2025-11-28 08:24:00,574 - Knowledge - INFO - Fast-tracked /Users/veera/Documents/kavia-backend/graphnode-backend-api/data/rdk7542/786/b49665h/entservices-infra-786/UserSettings/CHANGELOG.md (ext=.md, size=2080)
2025-11-28 08:24:00,574 - Knowledge - INFO - Worker kw18 processing /Users/veera/Documents/kavia-backend/graphnode-backend-api/data/rdk7542/786/b49665h/entservices-infra-786/PersistentStore/Module.cpp
2025-11-28 08:24:00,575 - Knowledge - INFO - process ingested knowledge for /Users/veera/Documents/kavia-backend/graphnode-backend-api/data/rdk7542/786/b49665h/entservices-infra-786/cmake/FindSqliteSee.cmake
2025-11-28 08:24:00,575 - Knowledge - INFO - process ingested knowledge for /Users/veera/Documents/kavia-backend/graphnode-backend-api/data/rdk7542/786/b49665h/entservices-infra-786/cmake/FindGStreamerVideo.cmake
2025-11-28 08:24:00,575 - Knowledge - INFO - Worker kw16 processing /Users/veera/Documents/kavia-backend/graphnode-backend-api/data/rdk7542/786/b49665h/entservices-infra-786/Tests/L1Tests/tests/test_LifecycleManager.cpp
2025-11-28 08:24:00,575 - Knowledge - INFO - Worker kw20 processing /Users/veera/Documents/kavia-backend/graphnode-backend-api/data/rdk7542/786/b49665h/entservices-infra-786/UserSettings/Module.cpp
2025-11-28 08:24:00,575 - Knowledge - INFO - Fast-tracked /Users/veera/Documents/kavia-backend/graphnode-backend-api/data/rdk7542/786/b49665h/entservices-infra-786/PersistentStore/Module.cpp (ext=.cpp, size=765)
2025-11-28 08:24:00,575 - Knowledge - INFO - process ingested knowledge for /Users/veera/Documents/kavia-backend/graphnode-backend-api/data/rdk7542/786/b49665h/entservices-infra-786/cmake/FindSqlite.cmake
2025-11-28 08:24:00,575 - Knowledge - INFO - Fast-tracked /Users/veera/Documents/kavia-backend/graphnode-backend-api/data/rdk7542/786/b49665h/entservices-infra-786/Tests/L2Tests/tests/UserSettings_L2Test.cpp (ext=.cpp, size=167636)
2025-11-28 08:24:00,575 - Knowledge - INFO - Fast-tracked /Users/veera/Documents/kavia-backend/graphnode-backend-api/data/rdk7542/786/b49665h/entservices-infra-786/Tests/L1Tests/tests/test_LifecycleManager.cpp (ext=.cpp, size=64508)
2025-11-28 08:24:00,575 - Knowledge - INFO - Fast-tracked /Users/veera/Documents/kavia-backend/graphnode-backend-api/data/rdk7542/786/b49665h/entservices-infra-786/UserSettings/Module.cpp (ext=.cpp, size=763)
2025-11-28 08:24:00,575 - Knowledge - INFO - process ingested knowledge for /Users/veera/Documents/kavia-backend/graphnode-backend-api/data/rdk7542/786/b49665h/entservices-infra-786/cmake/FindBCM_HOST.cmake
2025-11-28 08:24:00,576 - Knowledge - INFO - Worker kw15 processing /Users/veera/Documents/kavia-backend/graphnode-backend-api/data/rdk7542/786/b49665h/entservices-infra-786/Tests/L2Tests/tests/Telemetry_L2Test.cpp
2025-11-28 08:24:00,576 - Knowledge - INFO - Worker kw16 processing /Users/veera/Documents/kavia-backend/graphnode-backend-api/data/rdk7542/786/b49665h/entservices-infra-786/Tests/L1Tests/tests/test_RDKShell.cpp
2025-11-28 08:24:00,578 - Knowledge - INFO - Worker kw20 processing /Users/veera/Documents/kavia-backend/graphnode-backend-api/data/rdk7542/786/b49665h/entservices-infra-786/UserSettings/UserSettingsImplementation.cpp
2025-11-28 08:24:00,582 - Knowledge - INFO - process ingested knowledge for /Users/veera/Documents/kavia-backend/graphnode-backend-api/data/rdk7542/786/b49665h/entservices-infra-786/cmake/FindDL.cmake
2025-11-28 08:24:00,592 - Knowledge - INFO - Fast-tracked /Users/veera/Documents/kavia-backend/graphnode-backend-api/data/rdk7542/786/b49665h/entservices-infra-786/Tests/L2Tests/tests/Telemetry_L2Test.cpp (ext=.cpp, size=50614)
2025-11-28 08:24:00,599 - Knowledge - INFO - Fast-tracked /Users/veera/Documents/kavia-backend/graphnode-backend-api/data/rdk7542/786/b49665h/entservices-infra-786/Tests/L1Tests/tests/test_RDKShell.cpp (ext=.cpp, size=41553)
2025-11-28 08:24:00,623 - Knowledge - INFO - process ingested knowledge for /Users/veera/Documents/kavia-backend/graphnode-backend-api/data/rdk7542/786/b49665h/entservices-infra-786/cmake/FindUdev.cmake
2025-11-28 08:24:00,633 - Knowledge - INFO - process ingested knowledge for /Users/veera/Documents/kavia-backend/graphnode-backend-api/data/rdk7542/786/b49665h/entservices-infra-786/cmake/FindDS.cmake
2025-11-28 08:24:00,641 - Knowledge - INFO - process ingested knowledge for /Users/veera/Documents/kavia-backend/graphnode-backend-api/data/rdk7542/786/b49665h/entservices-infra-786/cmake/FindTTS.cmake
2025-11-28 08:24:00,649 - Knowledge - INFO - Fast-tracked /Users/veera/Documents/kavia-backend/graphnode-backend-api/data/rdk7542/786/b49665h/entservices-infra-786/cmake/FindGStreamer.cmake (small file (2703 bytes))
2025-11-28 08:24:00,649 - Knowledge - INFO - process ingested knowledge for /Users/veera/Documents/kavia-backend/graphnode-backend-api/data/rdk7542/786/b49665h/entservices-infra-786/cmake/Findjsoncpp.cmake
2025-11-28 08:24:00,663 - Knowledge - INFO - Fast-tracked /Users/veera/Documents/kavia-backend/graphnode-backend-api/data/rdk7542/786/b49665h/entservices-infra-786/cmake/FindNEXUS.cmake (small file (2835 bytes))
2025-11-28 08:24:00,664 - Knowledge - INFO - process ingested knowledge for /Users/veera/Documents/kavia-backend/graphnode-backend-api/data/rdk7542/786/b49665h/entservices-infra-786/cmake/FindIARMBus.cmake
2025-11-28 08:24:00,673 - Knowledge - INFO - process ingested knowledge for /Users/veera/Documents/kavia-backend/graphnode-backend-api/data/rdk7542/786/b49665h/entservices-infra-786/cmake/FindRDKStorageManager.cmake
2025-11-28 08:24:00,674 - Knowledge - INFO - process ingested knowledge for /Users/veera/Documents/kavia-backend/graphnode-backend-api/data/rdk7542/786/b49665h/entservices-infra-786/cmake/FindCEC.cmake
2025-11-28 08:24:00,680 - Knowledge - INFO - process ingested knowledge for /Users/veera/Documents/kavia-backend/graphnode-backend-api/data/rdk7542/786/b49665h/entservices-infra-786/cmake/FindAC.cmake
2025-11-28 08:24:00,680 - Knowledge - INFO - process ingested knowledge for /Users/veera/Documents/kavia-backend/graphnode-backend-api/data/rdk7542/786/b49665h/entservices-infra-786/cmake/FindLibSoup.cmake
2025-11-28 08:24:00,680 - Knowledge - INFO - process ingested knowledge for /Users/veera/Documents/kavia-backend/graphnode-backend-api/data/rdk7542/786/b49665h/entservices-infra-786/cmake/FindNXCLIENT.cmake
2025-11-28 08:24:01,073 - Knowledge - INFO - Fast-tracked /Users/veera/Documents/kavia-backend/graphnode-backend-api/data/rdk7542/786/b49665h/entservices-infra-786/AppGateway/AppGateway.h (small file (2939 bytes))
2025-11-28 08:24:01,099 - Knowledge - INFO - Fast-tracked /Users/veera/Documents/kavia-backend/graphnode-backend-api/data/rdk7542/786/b49665h/entservices-infra-786/DownloadManager/DownloadManagerHttpClient.h (small file (2593 bytes))
2025-11-28 08:24:01,244 - Knowledge - INFO - Fast-tracked /Users/veera/Documents/kavia-backend/graphnode-backend-api/data/rdk7542/786/b49665h/entservices-infra-786/NativeJS/NativeJSPlugin.h (small file (2844 bytes))
2025-11-28 08:24:01,267 - Knowledge - INFO - Fast-tracked /Users/veera/Documents/kavia-backend/graphnode-backend-api/data/rdk7542/786/b49665h/entservices-infra-786/NativeJS/NativeJSImplementation.h (small file (2063 bytes))
2025-11-28 08:24:01,327 - Knowledge - INFO - Fast-tracked /Users/veera/Documents/kavia-backend/graphnode-backend-api/data/rdk7542/786/b49665h/entservices-infra-786/OCIContainer/stubs/i_omi_proxy.hpp (small file (2537 bytes))
2025-11-28 08:24:01,392 - Knowledge - INFO - Fast-tracked /Users/veera/Documents/kavia-backend/graphnode-backend-api/data/rdk7542/786/b49665h/entservices-infra-786/CloudStore/grpc/l0test/SecureStorageServiceMock.h (small file (2124 bytes))
2025-11-28 08:24:01,483 - Knowledge - INFO - Fast-tracked /Users/veera/Documents/kavia-backend/graphnode-backend-api/data/rdk7542/786/b49665h/entservices-infra-786/PersistentStore/PersistentStoreImplementation.cpp (small file (2496 bytes))
2025-11-28 08:24:01,528 - Knowledge - INFO - Processing batch of 15 files
2025-11-28 08:24:01,530 - Knowledge - INFO - process ingested knowledge for /Users/veera/Documents/kavia-backend/graphnode-backend-api/data/rdk7542/786/b49665h/entservices-infra-786/Tests/L2Tests/tests/Analytics_L2Test.cpp
2025-11-28 08:24:01,583 - Knowledge - INFO - process ingested knowledge for /Users/veera/Documents/kavia-backend/graphnode-backend-api/data/rdk7542/786/b49665h/entservices-infra-786/Tests/clang.cmake
2025-11-28 08:24:01,583 - Knowledge - INFO - process ingested knowledge for /Users/veera/Documents/kavia-backend/graphnode-backend-api/data/rdk7542/786/b49665h/entservices-infra-786/Tests/README.md
2025-11-28 08:24:01,583 - Knowledge - INFO - process ingested knowledge for /Users/veera/Documents/kavia-backend/graphnode-backend-api/data/rdk7542/786/b49665h/entservices-infra-786/Tests/L1Tests/CMakeLists.txt
2025-11-28 08:24:01,583 - Knowledge - INFO - process ingested knowledge for /Users/veera/Documents/kavia-backend/graphnode-backend-api/data/rdk7542/786/b49665h/entservices-infra-786/Tests/L1Tests/tests/test_RunTimeManager.cpp
2025-11-28 08:24:01,583 - Knowledge - INFO - process ingested knowledge for /Users/veera/Documents/kavia-backend/graphnode-backend-api/data/rdk7542/786/b49665h/entservices-infra-786/Tests/L1Tests/tests/test_Telemetry.cpp
2025-11-28 08:24:01,583 - Knowledge - INFO - process ingested knowledge for /Users/veera/Documents/kavia-backend/graphnode-backend-api/data/rdk7542/786/b49665h/entservices-infra-786/Tests/L1Tests/tests/test_MessageControl.cpp
2025-11-28 08:24:01,583 - Knowledge - INFO - process ingested knowledge for /Users/veera/Documents/kavia-backend/graphnode-backend-api/data/rdk7542/786/b49665h/entservices-infra-786/Tests/L1Tests/tests/test_ResourceManager.cpp
2025-11-28 08:24:01,583 - Knowledge - INFO - process ingested knowledge for /Users/veera/Documents/kavia-backend/graphnode-backend-api/data/rdk7542/786/b49665h/entservices-infra-786/Tests/L1Tests/tests/test_StorageManager.cpp
2025-11-28 08:24:01,583 - Knowledge - INFO - process ingested knowledge for /Users/veera/Documents/kavia-backend/graphnode-backend-api/data/rdk7542/786/b49665h/entservices-infra-786/Tests/L1Tests/tests/test_UserSettings.cpp
2025-11-28 08:24:01,583 - Knowledge - INFO - process ingested knowledge for /Users/veera/Documents/kavia-backend/graphnode-backend-api/data/rdk7542/786/b49665h/entservices-infra-786/Tests/L1Tests/tests/test_AppManager.cpp
2025-11-28 08:24:01,583 - Knowledge - INFO - process ingested knowledge for /Users/veera/Documents/kavia-backend/graphnode-backend-api/data/rdk7542/786/b49665h/entservices-infra-786/Tests/L1Tests/tests/test_USBMassStorage.cpp
2025-11-28 08:24:01,583 - Knowledge - INFO - process ingested knowledge for /Users/veera/Documents/kavia-backend/graphnode-backend-api/data/rdk7542/786/b49665h/entservices-infra-786/Tests/L1Tests/tests/test_OCIContainer.cpp
2025-11-28 08:24:01,584 - Knowledge - INFO - process ingested knowledge for /Users/veera/Documents/kavia-backend/graphnode-backend-api/data/rdk7542/786/b49665h/entservices-infra-786/Tests/L1Tests/tests/test_LifecycleManager.cpp
2025-11-28 08:24:01,584 - Knowledge - INFO - process ingested knowledge for /Users/veera/Documents/kavia-backend/graphnode-backend-api/data/rdk7542/786/b49665h/entservices-infra-786/Tests/L1Tests/tests/test_RDKShell.cpp
2025-11-28 08:24:01,584 - Knowledge - INFO - Fast-tracked /Users/veera/Documents/kavia-backend/graphnode-backend-api/data/rdk7542/786/b49665h/entservices-infra-786/PersistentStore/l1test/PersistentStoreTest.cpp (small file (2750 bytes))
2025-11-28 08:24:02,186 - Knowledge - INFO - Fast-tracked /Users/veera/Documents/kavia-backend/graphnode-backend-api/data/rdk7542/786/b49665h/entservices-infra-786/PackageManager/HttpClient.h (small file (2367 bytes))
2025-11-28 08:24:02,537 - Knowledge - INFO - [WEBSOCKET] Sent: Type=progress_update, Size: 270, Duration: 0ms
2025-11-28 08:24:02,538 - Knowledge - INFO - [WEBSOCKET] Sent: Type=unknown, Size: ?, Duration: 1ms
2025-11-28 08:24:02,546 - Knowledge - INFO - Progress: 6.3% | Files: 30/474 | Rate: 7.92 files/sec | Queue: 174
2025-11-28 08:24:02,548 - Knowledge - INFO - [kw8] Queue=174, InProgress=0, PendingWorkers=20/20, Completed=30/474 (6.3%)
2025-11-28 08:24:02,549 - Knowledge - INFO - Batch sizing: calculated=12, max_allowed=25, queue=174, active_workers=20/20
2025-11-28 08:24:02,551 - Knowledge - INFO - Async storing batch of 15 embeddings
2025-11-28 08:24:02,553 - Knowledge - INFO - Worker kw8 processing /Users/veera/Documents/kavia-backend/graphnode-backend-api/data/rdk7542/786/b49665h/entservices-infra-786/UserSettings/UserSettings.cpp
2025-11-28 08:24:02,558 - Knowledge - INFO - Worker kw8 processing /Users/veera/Documents/kavia-backend/graphnode-backend-api/data/rdk7542/786/b49665h/entservices-infra-786/UserSettings/UserSettings.h
2025-11-28 08:24:02,559 - Knowledge - INFO - Worker kw8 processing /Users/veera/Documents/kavia-backend/graphnode-backend-api/data/rdk7542/786/b49665h/entservices-infra-786/UserSettings/Module.h
2025-11-28 08:24:02,563 - Knowledge - INFO - Fast-tracked /Users/veera/Documents/kavia-backend/graphnode-backend-api/data/rdk7542/786/b49665h/entservices-infra-786/UserSettings/Module.h (ext=.h, size=874)
2025-11-28 08:24:02,563 - Knowledge - INFO - Worker kw8 processing /Users/veera/Documents/kavia-backend/graphnode-backend-api/data/rdk7542/786/b49665h/entservices-infra-786/CONTRIBUTING.md
2025-11-28 08:24:02,564 - Knowledge - INFO - Fast-tracked /Users/veera/Documents/kavia-backend/graphnode-backend-api/data/rdk7542/786/b49665h/entservices-infra-786/CONTRIBUTING.md (ext=.md, size=267)
2025-11-28 08:24:02,565 - Knowledge - INFO - Worker kw8 processing /Users/veera/Documents/kavia-backend/graphnode-backend-api/data/rdk7542/786/b49665h/entservices-infra-786/MessageControl/MessageControlImplementation.cpp
2025-11-28 08:24:02,566 - Knowledge - INFO - Worker kw8 processing /Users/veera/Documents/kavia-backend/graphnode-backend-api/data/rdk7542/786/b49665h/entservices-infra-786/MessageControl/CMakeLists.txt
2025-11-28 08:24:02,568 - Knowledge - INFO - Fast-tracked /Users/veera/Documents/kavia-backend/graphnode-backend-api/data/rdk7542/786/b49665h/entservices-infra-786/MessageControl/CMakeLists.txt (ext=.txt, size=2165)
2025-11-28 08:24:02,572 - Knowledge - INFO - Worker kw8 processing /Users/veera/Documents/kavia-backend/graphnode-backend-api/data/rdk7542/786/b49665h/entservices-infra-786/MessageControl/CHANGELOG.md
2025-11-28 08:24:02,572 - Knowledge - INFO - Fast-tracked /Users/veera/Documents/kavia-backend/graphnode-backend-api/data/rdk7542/786/b49665h/entservices-infra-786/MessageControl/CHANGELOG.md (ext=.md, size=1015)
2025-11-28 08:24:02,580 - Knowledge - INFO - Worker kw8 processing /Users/veera/Documents/kavia-backend/graphnode-backend-api/data/rdk7542/786/b49665h/entservices-infra-786/MessageControl/Module.cpp
2025-11-28 08:24:02,585 - Knowledge - INFO - Fast-tracked /Users/veera/Documents/kavia-backend/graphnode-backend-api/data/rdk7542/786/b49665h/entservices-infra-786/MessageControl/Module.cpp (ext=.cpp, size=781)
2025-11-28 08:24:02,585 - Knowledge - INFO - Worker kw8 processing /Users/veera/Documents/kavia-backend/graphnode-backend-api/data/rdk7542/786/b49665h/entservices-infra-786/MessageControl/MessageOutput.cpp
2025-11-28 08:24:02,589 - Knowledge - INFO - Worker kw8 processing /Users/veera/Documents/kavia-backend/graphnode-backend-api/data/rdk7542/786/b49665h/entservices-infra-786/MessageControl/MessageControl.cpp
2025-11-28 08:24:02,590 - Knowledge - INFO - Worker kw8 processing /Users/veera/Documents/kavia-backend/graphnode-backend-api/data/rdk7542/786/b49665h/entservices-infra-786/MessageControl/MessageOutput.h
2025-11-28 08:24:02,590 - Knowledge - INFO - Worker kw8 processing /Users/veera/Documents/kavia-backend/graphnode-backend-api/data/rdk7542/786/b49665h/entservices-infra-786/MessageControl/Module.h
2025-11-28 08:24:02,591 - Knowledge - INFO - Fast-tracked /Users/veera/Documents/kavia-backend/graphnode-backend-api/data/rdk7542/786/b49665h/entservices-infra-786/MessageControl/Module.h (ext=.h, size=1029)
2025-11-28 08:24:02,593 - Knowledge - INFO - Async storage completed for 15 embeddings
2025-11-28 08:24:03,196 - Knowledge - INFO - [kw16] Queue=162, InProgress=0, PendingWorkers=20/20, Completed=30/474 (6.3%)
2025-11-28 08:24:03,196 - Knowledge - INFO - Batch sizing: calculated=12, max_allowed=25, queue=162, active_workers=20/20
2025-11-28 08:24:03,196 - Knowledge - INFO - Async storing batch of 15 embeddings
2025-11-28 08:24:03,197 - Knowledge - INFO - Worker kw16 processing /Users/veera/Documents/kavia-backend/graphnode-backend-api/data/rdk7542/786/b49665h/entservices-infra-786/MessageControl/MessageControl.h
2025-11-28 08:24:03,197 - Knowledge - INFO - Worker kw16 processing /Users/veera/Documents/kavia-backend/graphnode-backend-api/data/rdk7542/786/b49665h/entservices-infra-786/AppNotifications/CMakeLists.txt
2025-11-28 08:24:03,197 - Knowledge - INFO - Fast-tracked /Users/veera/Documents/kavia-backend/graphnode-backend-api/data/rdk7542/786/b49665h/entservices-infra-786/AppNotifications/CMakeLists.txt (ext=.txt, size=2402)
2025-11-28 08:24:03,197 - Knowledge - INFO - Worker kw16 processing /Users/veera/Documents/kavia-backend/graphnode-backend-api/data/rdk7542/786/b49665h/entservices-infra-786/AppNotifications/Module.cpp
2025-11-28 08:24:03,197 - Knowledge - INFO - Fast-tracked /Users/veera/Documents/kavia-backend/graphnode-backend-api/data/rdk7542/786/b49665h/entservices-infra-786/AppNotifications/Module.cpp (ext=.cpp, size=763)
2025-11-28 08:24:03,197 - Knowledge - INFO - Worker kw16 processing /Users/veera/Documents/kavia-backend/graphnode-backend-api/data/rdk7542/786/b49665h/entservices-infra-786/AppNotifications/tests/CurlCmds.md
2025-11-28 08:24:03,197 - Knowledge - INFO - Fast-tracked /Users/veera/Documents/kavia-backend/graphnode-backend-api/data/rdk7542/786/b49665h/entservices-infra-786/AppNotifications/tests/CurlCmds.md (ext=.md, size=817)
2025-11-28 08:24:03,197 - Knowledge - INFO - Worker kw16 processing /Users/veera/Documents/kavia-backend/graphnode-backend-api/data/rdk7542/786/b49665h/entservices-infra-786/AppNotifications/AppNotifications.cpp
2025-11-28 08:24:03,197 - Knowledge - INFO - Worker kw16 processing /Users/veera/Documents/kavia-backend/graphnode-backend-api/data/rdk7542/786/b49665h/entservices-infra-786/AppNotifications/AppNotificationsImplementation.h
2025-11-28 08:24:03,197 - Knowledge - INFO - Worker kw16 processing /Users/veera/Documents/kavia-backend/graphnode-backend-api/data/rdk7542/786/b49665h/entservices-infra-786/AppNotifications/AppNotifications.h
2025-11-28 08:24:03,197 - Knowledge - INFO - Worker kw16 processing /Users/veera/Documents/kavia-backend/graphnode-backend-api/data/rdk7542/786/b49665h/entservices-infra-786/AppNotifications/Module.h
2025-11-28 08:24:03,197 - Knowledge - INFO - Fast-tracked /Users/veera/Documents/kavia-backend/graphnode-backend-api/data/rdk7542/786/b49665h/entservices-infra-786/AppNotifications/Module.h (ext=.h, size=878)
2025-11-28 08:24:03,197 - Knowledge - INFO - Worker kw16 processing /Users/veera/Documents/kavia-backend/graphnode-backend-api/data/rdk7542/786/b49665h/entservices-infra-786/AppNotifications/AppNotificationsImplementation.cpp
2025-11-28 08:24:03,198 - Knowledge - INFO - Worker kw16 processing /Users/veera/Documents/kavia-backend/graphnode-backend-api/data/rdk7542/786/b49665h/entservices-infra-786/WebBridge/WebBridge.cpp
2025-11-28 08:24:03,198 - Knowledge - INFO - Worker kw16 processing /Users/veera/Documents/kavia-backend/graphnode-backend-api/data/rdk7542/786/b49665h/entservices-infra-786/WebBridge/CMakeLists.txt
2025-11-28 08:24:03,198 - Knowledge - INFO - Fast-tracked /Users/veera/Documents/kavia-backend/graphnode-backend-api/data/rdk7542/786/b49665h/entservices-infra-786/WebBridge/CMakeLists.txt (ext=.txt, size=1404)
2025-11-28 08:24:03,198 - Knowledge - INFO - Worker kw16 processing /Users/veera/Documents/kavia-backend/graphnode-backend-api/data/rdk7542/786/b49665h/entservices-infra-786/WebBridge/CHANGELOG.md
2025-11-28 08:24:03,198 - Knowledge - INFO - Fast-tracked /Users/veera/Documents/kavia-backend/graphnode-backend-api/data/rdk7542/786/b49665h/entservices-infra-786/WebBridge/CHANGELOG.md (ext=.md, size=1015)
2025-11-28 08:24:03,198 - Knowledge - INFO - Async storage completed for 15 embeddings
2025-11-28 08:24:03,264 - Knowledge - INFO - Fast-tracked /Users/veera/Documents/kavia-backend/graphnode-backend-api/data/rdk7542/786/b49665h/entservices-infra-786/AppNotifications/AppNotifications.h (small file (2820 bytes))
2025-11-28 08:24:05,817 - Knowledge - INFO - [LLM_CALL] Completed: FindGLIB.cmake:chunk1, Duration: 5245ms, PromptTokens: 3706, CompletionTokens: 59, Cost: $0.00039
2025-11-28 08:24:05,819 - Knowledge - INFO - done ingest for /Users/veera/Documents/kavia-backend/graphnode-backend-api/data/rdk7542/786/b49665h/entservices-infra-786/cmake/FindGLIB.cmake
2025-11-28 08:24:09,021 - Knowledge - INFO - [LLM_CALL] Completed: HttpClient.cpp:chunk1, Duration: 7924ms, PromptTokens: 2366, CompletionTokens: 431, Cost: $0.00041
2025-11-28 08:24:09,153 - Knowledge - INFO - done ingest for /Users/veera/Documents/kavia-backend/graphnode-backend-api/data/rdk7542/786/b49665h/entservices-infra-786/PackageManager/HttpClient.cpp
2025-11-28 08:24:09,792 - Knowledge - INFO - [LLM_CALL] Completed: RialtoConnector.cpp:chunk1, Duration: 9256ms, PromptTokens: 3064, CompletionTokens: 604, Cost: $0.00055
2025-11-28 08:24:09,793 - Knowledge - INFO - done ingest for /Users/veera/Documents/kavia-backend/graphnode-backend-api/data/rdk7542/786/b49665h/entservices-infra-786/RDKShell/RialtoConnector.cpp
2025-11-28 08:24:10,117 - Knowledge - INFO - [LLM_CALL] Completed: TelemetryFilters.h:chunk1, Duration: 9584ms, PromptTokens: 2714, CompletionTokens: 140, Cost: $0.00033
2025-11-28 08:24:10,118 - Knowledge - INFO - done ingest for /Users/veera/Documents/kavia-backend/graphnode-backend-api/data/rdk7542/786/b49665h/entservices-infra-786/TelemetryMetrics/TelemetryFilters.h
2025-11-28 08:24:10,700 - Knowledge - INFO - [LLM_CALL] Completed: TelemetryMetricsImplementation.cpp:chunk1, Duration: 10141ms, PromptTokens: 4622, CompletionTokens: 376, Cost: $0.00061
2025-11-28 08:24:10,909 - Knowledge - INFO - done ingest for /Users/veera/Documents/kavia-backend/graphnode-backend-api/data/rdk7542/786/b49665h/entservices-infra-786/TelemetryMetrics/TelemetryMetricsImplementation.cpp
2025-11-28 08:24:11,491 - Knowledge - INFO - [LLM_CALL] Completed: ResourceManager.cpp:chunk1, Duration: 11093ms, PromptTokens: 9342, CompletionTokens: 440, Cost: $0.00111
2025-11-28 08:24:11,492 - Knowledge - INFO - done ingest for /Users/veera/Documents/kavia-backend/graphnode-backend-api/data/rdk7542/786/b49665h/entservices-infra-786/ResourceManager/ResourceManager.cpp
2025-11-28 08:24:11,606 - Knowledge - INFO - [LLM_CALL] Completed: RDKShell.h:chunk1, Duration: 11132ms, PromptTokens: 13538, CompletionTokens: 683, Cost: $0.00163
2025-11-28 08:24:11,606 - Knowledge - INFO - done ingest for /Users/veera/Documents/kavia-backend/graphnode-backend-api/data/rdk7542/786/b49665h/entservices-infra-786/RDKShell/RDKShell.h
2025-11-28 08:24:12,106 - Knowledge - INFO - [LLM_CALL] Completed: Store2Test.cpp:chunk1, Duration: 10301ms, PromptTokens: 5530, CompletionTokens: 436, Cost: $0.00073
2025-11-28 08:24:12,112 - Knowledge - INFO - done ingest for /Users/veera/Documents/kavia-backend/graphnode-backend-api/data/rdk7542/786/b49665h/entservices-infra-786/CloudStore/grpc/l0test/Store2Test.cpp
2025-11-28 08:24:12,339 - Knowledge - INFO - [LLM_CALL] Completed: NativeJSImplementation.cpp:chunk1, Duration: 11707ms, PromptTokens: 2892, CompletionTokens: 562, Cost: $0.00051
2025-11-28 08:24:12,365 - Knowledge - INFO - done ingest for /Users/veera/Documents/kavia-backend/graphnode-backend-api/data/rdk7542/786/b49665h/entservices-infra-786/NativeJS/NativeJSImplementation.cpp
2025-11-28 08:24:12,456 - Knowledge - INFO - [LLM_CALL] Completed: PackageManager.cpp:chunk1, Duration: 11783ms, PromptTokens: 3668, CompletionTokens: 971, Cost: $0.00076
2025-11-28 08:24:12,601 - Knowledge - INFO - done ingest for /Users/veera/Documents/kavia-backend/graphnode-backend-api/data/rdk7542/786/b49665h/entservices-infra-786/PackageManager/PackageManager.cpp
2025-11-28 08:24:12,616 - Knowledge - INFO - [LLM_CALL] Completed: NativeJSPlugin.cpp:chunk1, Duration: 12051ms, PromptTokens: 2120, CompletionTokens: 404, Cost: $0.00037
2025-11-28 08:24:12,616 - Knowledge - INFO - done ingest for /Users/veera/Documents/kavia-backend/graphnode-backend-api/data/rdk7542/786/b49665h/entservices-infra-786/NativeJS/NativeJSPlugin.cpp
2025-11-28 08:24:13,332 - Knowledge - INFO - Processing batch of 15 files
2025-11-28 08:24:13,332 - Knowledge - INFO - process ingested knowledge for /Users/veera/Documents/kavia-backend/graphnode-backend-api/data/rdk7542/786/b49665h/entservices-infra-786/RDKShell/Module.cpp
2025-11-28 08:24:13,333 - Knowledge - INFO - process ingested knowledge for /Users/veera/Documents/kavia-backend/graphnode-backend-api/data/rdk7542/786/b49665h/entservices-infra-786/RDKShell/RDKShell.h
2025-11-28 08:24:13,333 - Knowledge - INFO - process ingested knowledge for /Users/veera/Documents/kavia-backend/graphnode-backend-api/data/rdk7542/786/b49665h/entservices-infra-786/RDKShell/README.md
2025-11-28 08:24:13,333 - Knowledge - INFO - process ingested knowledge for /Users/veera/Documents/kavia-backend/graphnode-backend-api/data/rdk7542/786/b49665h/entservices-infra-786/RDKShell/Module.h
2025-11-28 08:24:13,333 - Knowledge - INFO - process ingested knowledge for /Users/veera/Documents/kavia-backend/graphnode-backend-api/data/rdk7542/786/b49665h/entservices-infra-786/RDKShell/RialtoConnector.h
2025-11-28 08:24:13,333 - Knowledge - INFO - process ingested knowledge for /Users/veera/Documents/kavia-backend/graphnode-backend-api/data/rdk7542/786/b49665h/entservices-infra-786/RDKShell/RialtoConnector.cpp
2025-11-28 08:24:13,333 - Knowledge - INFO - process ingested knowledge for /Users/veera/Documents/kavia-backend/graphnode-backend-api/data/rdk7542/786/b49665h/entservices-infra-786/cmake/FindAamp.cmake
2025-11-28 08:24:13,333 - Knowledge - INFO - process ingested knowledge for /Users/veera/Documents/kavia-backend/graphnode-backend-api/data/rdk7542/786/b49665h/entservices-infra-786/cmake/FindPlabels.cmake
2025-11-28 08:24:13,333 - Knowledge - INFO - process ingested knowledge for /Users/veera/Documents/kavia-backend/graphnode-backend-api/data/rdk7542/786/b49665h/entservices-infra-786/cmake/FindCTRLM.cmake
2025-11-28 08:24:13,333 - Knowledge - INFO - process ingested knowledge for /Users/veera/Documents/kavia-backend/graphnode-backend-api/data/rdk7542/786/b49665h/entservices-infra-786/cmake/FindNopoll.cmake
2025-11-28 08:24:13,333 - Knowledge - INFO - process ingested knowledge for /Users/veera/Documents/kavia-backend/graphnode-backend-api/data/rdk7542/786/b49665h/entservices-infra-786/cmake/FindLMPLAYER.cmake
2025-11-28 08:24:13,333 - Knowledge - INFO - process ingested knowledge for /Users/veera/Documents/kavia-backend/graphnode-backend-api/data/rdk7542/786/b49665h/entservices-infra-786/cmake/FindCurl.cmake
2025-11-28 08:24:13,333 - Knowledge - INFO - process ingested knowledge for /Users/veera/Documents/kavia-backend/graphnode-backend-api/data/rdk7542/786/b49665h/entservices-infra-786/cmake/FindGLIB.cmake
2025-11-28 08:24:13,333 - Knowledge - INFO - process ingested knowledge for /Users/veera/Documents/kavia-backend/graphnode-backend-api/data/rdk7542/786/b49665h/entservices-infra-786/cmake/FindGStreamer.cmake
2025-11-28 08:24:13,333 - Knowledge - INFO - process ingested knowledge for /Users/veera/Documents/kavia-backend/graphnode-backend-api/data/rdk7542/786/b49665h/entservices-infra-786/cmake/FindNEXUS.cmake
2025-11-28 08:24:14,649 - Knowledge - INFO - [LLM_CALL] Completed: PreinstallManager.h:chunk1, Duration: 13529ms, PromptTokens: 2406, CompletionTokens: 407, Cost: $0.00040
2025-11-28 08:24:14,685 - Knowledge - INFO - done ingest for /Users/veera/Documents/kavia-backend/graphnode-backend-api/data/rdk7542/786/b49665h/entservices-infra-786/PreinstallManager/PreinstallManager.h
2025-11-28 08:24:16,069 - Knowledge - INFO - [LLM_CALL] Completed: PreinstallManager.cpp:chunk1, Duration: 15270ms, PromptTokens: 3678, CompletionTokens: 501, Cost: $0.00057
2025-11-28 08:24:16,144 - Knowledge - INFO - done ingest for /Users/veera/Documents/kavia-backend/graphnode-backend-api/data/rdk7542/786/b49665h/entservices-infra-786/PreinstallManager/PreinstallManager.cpp
2025-11-28 08:24:18,143 - Knowledge - INFO - [LLM_CALL] Completed: Store2.h:chunk1, Duration: 16458ms, PromptTokens: 7710, CompletionTokens: 1017, Cost: $0.00118
2025-11-28 08:24:18,144 - Knowledge - INFO - done ingest for /Users/veera/Documents/kavia-backend/graphnode-backend-api/data/rdk7542/786/b49665h/entservices-infra-786/CloudStore/grpc/Store2.h
2025-11-28 08:24:18,816 - Knowledge - INFO - [LLM_CALL] Completed: StateTransitionHandler.cpp:chunk1, Duration: 18348ms, PromptTokens: 2268, CompletionTokens: 367, Cost: $0.00037
2025-11-28 08:24:18,816 - Knowledge - INFO - done ingest for /Users/veera/Documents/kavia-backend/graphnode-backend-api/data/rdk7542/786/b49665h/entservices-infra-786/LifecycleManager/StateTransitionHandler.cpp
2025-11-28 08:24:18,839 - Knowledge - INFO - [LLM_CALL] Completed: OCIContainer.h:chunk1, Duration: 17760ms, PromptTokens: 2642, CompletionTokens: 484, Cost: $0.00046
2025-11-28 08:24:18,839 - Knowledge - INFO - done ingest for /Users/veera/Documents/kavia-backend/graphnode-backend-api/data/rdk7542/786/b49665h/entservices-infra-786/OCIContainer/OCIContainer.h
2025-11-28 08:24:18,984 - Knowledge - INFO - [LLM_CALL] Completed: PersistentStore.cpp:chunk1, Duration: 17060ms, PromptTokens: 3128, CompletionTokens: 533, Cost: $0.00053
2025-11-28 08:24:18,987 - Knowledge - INFO - done ingest for /Users/veera/Documents/kavia-backend/graphnode-backend-api/data/rdk7542/786/b49665h/entservices-infra-786/PersistentStore/PersistentStore.cpp
2025-11-28 08:24:20,347 - Knowledge - INFO - [LLM_CALL] Completed: RequestHandler.cpp:chunk1, Duration: 19908ms, PromptTokens: 2534, CompletionTokens: 696, Cost: $0.00053
2025-11-28 08:24:20,402 - Knowledge - INFO - done ingest for /Users/veera/Documents/kavia-backend/graphnode-backend-api/data/rdk7542/786/b49665h/entservices-infra-786/LifecycleManager/RequestHandler.cpp
2025-11-28 08:24:20,416 - Knowledge - INFO - [LLM_CALL] Completed: AppNotificationsImplementation.cpp:chunk1, Duration: 17148ms, PromptTokens: 6148, CompletionTokens: 615, Cost: $0.00086
2025-11-28 08:24:20,419 - Knowledge - INFO - done ingest for /Users/veera/Documents/kavia-backend/graphnode-backend-api/data/rdk7542/786/b49665h/entservices-infra-786/AppNotifications/AppNotificationsImplementation.cpp
2025-11-28 08:24:20,806 - Knowledge - INFO - Processing batch of 15 files
2025-11-28 08:24:20,830 - Knowledge - INFO - process ingested knowledge for /Users/veera/Documents/kavia-backend/graphnode-backend-api/data/rdk7542/786/b49665h/entservices-infra-786/PackageManager/PackageManager.cpp
2025-11-28 08:24:20,861 - Knowledge - INFO - process ingested knowledge for /Users/veera/Documents/kavia-backend/graphnode-backend-api/data/rdk7542/786/b49665h/entservices-infra-786/PackageManager/HttpClient.cpp
2025-11-28 08:24:20,863 - Knowledge - INFO - process ingested knowledge for /Users/veera/Documents/kavia-backend/graphnode-backend-api/data/rdk7542/786/b49665h/entservices-infra-786/PackageManager/Module.h
2025-11-28 08:24:20,868 - Knowledge - INFO - process ingested knowledge for /Users/veera/Documents/kavia-backend/graphnode-backend-api/data/rdk7542/786/b49665h/entservices-infra-786/Tests/gcc-with-coverage.cmake
2025-11-28 08:24:20,902 - Knowledge - INFO - process ingested knowledge for /Users/veera/Documents/kavia-backend/graphnode-backend-api/data/rdk7542/786/b49665h/entservices-infra-786/Tests/L2Tests/CMakeLists.txt
2025-11-28 08:24:20,913 - Knowledge - INFO - process ingested knowledge for /Users/veera/Documents/kavia-backend/graphnode-backend-api/data/rdk7542/786/b49665h/entservices-infra-786/Tests/L2Tests/tests/StorageManager_L2Test.cpp
2025-11-28 08:24:20,913 - Knowledge - INFO - process ingested knowledge for /Users/veera/Documents/kavia-backend/graphnode-backend-api/data/rdk7542/786/b49665h/entservices-infra-786/Tests/L2Tests/tests/UsbMassStorage_L2Test.cpp
2025-11-28 08:24:21,005 - Knowledge - INFO - process ingested knowledge for /Users/veera/Documents/kavia-backend/graphnode-backend-api/data/rdk7542/786/b49665h/entservices-infra-786/Tests/L2Tests/tests/UsbDevice_L2Test.cpp
2025-11-28 08:24:21,011 - Knowledge - INFO - process ingested knowledge for /Users/veera/Documents/kavia-backend/graphnode-backend-api/data/rdk7542/786/b49665h/entservices-infra-786/Tests/L2Tests/tests/ResourceManager_L2Test.cpp
2025-11-28 08:24:21,011 - Knowledge - INFO - process ingested knowledge for /Users/veera/Documents/kavia-backend/graphnode-backend-api/data/rdk7542/786/b49665h/entservices-infra-786/Tests/L2Tests/tests/SharedStorage_L2Test.cpp
2025-11-28 08:24:21,011 - Knowledge - INFO - process ingested knowledge for /Users/veera/Documents/kavia-backend/graphnode-backend-api/data/rdk7542/786/b49665h/entservices-infra-786/Tests/L2Tests/tests/OCIContainer_L2Test.cpp
2025-11-28 08:24:21,011 - Knowledge - INFO - process ingested knowledge for /Users/veera/Documents/kavia-backend/graphnode-backend-api/data/rdk7542/786/b49665h/entservices-infra-786/Tests/L2Tests/tests/AppManager_L2Test.cpp
2025-11-28 08:24:21,011 - Knowledge - INFO - process ingested knowledge for /Users/veera/Documents/kavia-backend/graphnode-backend-api/data/rdk7542/786/b49665h/entservices-infra-786/Tests/L2Tests/tests/UsbAccess_L2Test.cpp
2025-11-28 08:24:21,011 - Knowledge - INFO - process ingested knowledge for /Users/veera/Documents/kavia-backend/graphnode-backend-api/data/rdk7542/786/b49665h/entservices-infra-786/Tests/L2Tests/tests/UserSettings_L2Test.cpp
2025-11-28 08:24:21,011 - Knowledge - INFO - process ingested knowledge for /Users/veera/Documents/kavia-backend/graphnode-backend-api/data/rdk7542/786/b49665h/entservices-infra-786/Tests/L2Tests/tests/Telemetry_L2Test.cpp
2025-11-28 08:24:21,513 - Knowledge - INFO - [LLM_CALL] Completed: ResourceManager.h:chunk1, Duration: 21105ms, PromptTokens: 2278, CompletionTokens: 704, Cost: $0.00051
2025-11-28 08:24:21,550 - Knowledge - INFO - done ingest for /Users/veera/Documents/kavia-backend/graphnode-backend-api/data/rdk7542/786/b49665h/entservices-infra-786/ResourceManager/ResourceManager.h
2025-11-28 08:24:22,472 - Knowledge - INFO - [LLM_CALL] Completed: StorageManagerImplementation.cpp:chunk1, Duration: 22056ms, PromptTokens: 5136, CompletionTokens: 672, Cost: $0.00078
2025-11-28 08:24:22,480 - Knowledge - INFO - done ingest for /Users/veera/Documents/kavia-backend/graphnode-backend-api/data/rdk7542/786/b49665h/entservices-infra-786/StorageManager/StorageManagerImplementation.cpp
2025-11-28 08:24:22,484 - Knowledge - INFO - [LLM_CALL] Completed: USBDevice.cpp:chunk1, Duration: 21465ms, PromptTokens: 3078, CompletionTokens: 508, Cost: $0.00051
2025-11-28 08:24:22,485 - Knowledge - INFO - done ingest for /Users/veera/Documents/kavia-backend/graphnode-backend-api/data/rdk7542/786/b49665h/entservices-infra-786/USBDevice/USBDevice.cpp
2025-11-28 08:24:22,534 - Knowledge - INFO - [LLM_CALL] Completed: AppNotifications.cpp:chunk1, Duration: 19311ms, PromptTokens: 2722, CompletionTokens: 509, Cost: $0.00048
2025-11-28 08:24:22,534 - Knowledge - INFO - done ingest for /Users/veera/Documents/kavia-backend/graphnode-backend-api/data/rdk7542/786/b49665h/entservices-infra-786/AppNotifications/AppNotifications.cpp
2025-11-28 08:24:23,238 - Knowledge - INFO - [LLM_CALL] Completed: AppNotificationsImplementation.h:chunk1, Duration: 19992ms, PromptTokens: 4718, CompletionTokens: 616, Cost: $0.00072
2025-11-28 08:24:23,239 - Knowledge - INFO - done ingest for /Users/veera/Documents/kavia-backend/graphnode-backend-api/data/rdk7542/786/b49665h/entservices-infra-786/AppNotifications/AppNotificationsImplementation.h
2025-11-28 08:24:23,351 - Knowledge - INFO - [LLM_CALL] Completed: WebBridge.cpp:chunk1, Duration: 20053ms, PromptTokens: 6228, CompletionTokens: 596, Cost: $0.00086
2025-11-28 08:24:23,352 - Knowledge - INFO - done ingest for /Users/veera/Documents/kavia-backend/graphnode-backend-api/data/rdk7542/786/b49665h/entservices-infra-786/WebBridge/WebBridge.cpp
2025-11-28 08:24:24,055 - Knowledge - INFO - [LLM_CALL] Completed: UserSettings.cpp:chunk1, Duration: 21456ms, PromptTokens: 3388, CompletionTokens: 592, Cost: $0.00058
2025-11-28 08:24:24,057 - Knowledge - INFO - done ingest for /Users/veera/Documents/kavia-backend/graphnode-backend-api/data/rdk7542/786/b49665h/entservices-infra-786/UserSettings/UserSettings.cpp
2025-11-28 08:24:25,818 - Knowledge - INFO - [LLM_CALL] Completed: PackageManager.h:chunk1, Duration: 24169ms, PromptTokens: 2620, CompletionTokens: 437, Cost: $0.00044
2025-11-28 08:24:25,819 - Knowledge - INFO - done ingest for /Users/veera/Documents/kavia-backend/graphnode-backend-api/data/rdk7542/786/b49665h/entservices-infra-786/PackageManager/PackageManager.h
2025-11-28 08:24:26,364 - Knowledge - INFO - [LLM_CALL] Completed: RemotePlugin.h:chunk1, Duration: 25889ms, PromptTokens: 3014, CompletionTokens: 868, Cost: $0.00065
2025-11-28 08:24:26,364 - Knowledge - INFO - done ingest for /Users/veera/Documents/kavia-backend/graphnode-backend-api/data/rdk7542/786/b49665h/entservices-infra-786/RustAdapter/RemotePlugin.h
2025-11-28 08:24:26,818 - Knowledge - INFO - [LLM_CALL] Completed: LocalPlugin.h:chunk1, Duration: 26258ms, PromptTokens: 3552, CompletionTokens: 785, Cost: $0.00067
2025-11-28 08:24:26,843 - Knowledge - INFO - done ingest for /Users/veera/Documents/kavia-backend/graphnode-backend-api/data/rdk7542/786/b49665h/entservices-infra-786/RustAdapter/LocalPlugin.h
2025-11-28 08:24:27,078 - Knowledge - INFO - [LLM_CALL] Completed: LocalPlugin.cpp:chunk1, Duration: 26444ms, PromptTokens: 6046, CompletionTokens: 501, Cost: $0.00080
2025-11-28 08:24:27,078 - Knowledge - INFO - done ingest for /Users/veera/Documents/kavia-backend/graphnode-backend-api/data/rdk7542/786/b49665h/entservices-infra-786/RustAdapter/LocalPlugin.cpp
2025-11-28 08:24:27,664 - Knowledge - INFO - [LLM_CALL] Completed: Monitor.cpp:chunk1, Duration: 27017ms, PromptTokens: 3506, CompletionTokens: 566, Cost: $0.00058
2025-11-28 08:24:27,664 - Knowledge - INFO - done ingest for /Users/veera/Documents/kavia-backend/graphnode-backend-api/data/rdk7542/786/b49665h/entservices-infra-786/Monitor/Monitor.cpp
2025-11-28 08:24:28,243 - Knowledge - INFO - [WEBSOCKET] Sent: Type=progress_update, Size: 289, Duration: 0ms
2025-11-28 08:24:28,273 - Knowledge - INFO - [WEBSOCKET] Sent: Type=unknown, Size: ?, Duration: 30ms
2025-11-28 08:24:28,274 - Knowledge - INFO - Progress: 15.4% | Files: 73/474 | Rate: 2.57 files/sec | Queue: 150
2025-11-28 08:24:28,277 - Knowledge - INFO - [kw7] Queue=150, InProgress=0, PendingWorkers=20/20, Completed=73/474 (15.4%)
2025-11-28 08:24:28,277 - Knowledge - INFO - Batch sizing: calculated=12, max_allowed=25, queue=150, active_workers=20/20
2025-11-28 08:24:28,278 - Knowledge - INFO - Async storing batch of 15 embeddings
2025-11-28 08:24:28,713 - Knowledge - INFO - [LLM_CALL] Completed: AppManager.cpp:chunk1, Duration: 28266ms, PromptTokens: 3542, CompletionTokens: 516, Cost: $0.00056
2025-11-28 08:24:28,713 - Knowledge - INFO - done ingest for /Users/veera/Documents/kavia-backend/graphnode-backend-api/data/rdk7542/786/b49665h/entservices-infra-786/AppManager/AppManager.cpp
2025-11-28 08:24:28,715 - Knowledge - INFO - Worker kw7 processing /Users/veera/Documents/kavia-backend/graphnode-backend-api/data/rdk7542/786/b49665h/entservices-infra-786/WebBridge/Module.cpp
2025-11-28 08:24:28,743 - Knowledge - INFO - Fast-tracked /Users/veera/Documents/kavia-backend/graphnode-backend-api/data/rdk7542/786/b49665h/entservices-infra-786/WebBridge/Module.cpp (ext=.cpp, size=780)
2025-11-28 08:24:28,743 - Knowledge - INFO - Worker kw7 processing /Users/veera/Documents/kavia-backend/graphnode-backend-api/data/rdk7542/786/b49665h/entservices-infra-786/WebBridge/js/WebBridgeServer.js
2025-11-28 08:24:28,756 - Knowledge - INFO - Fast-tracked /Users/veera/Documents/kavia-backend/graphnode-backend-api/data/rdk7542/786/b49665h/entservices-infra-786/WebBridge/js/WebBridgeServer.js (ext=.js, size=1500)
2025-11-28 08:24:28,756 - Knowledge - INFO - Worker kw7 processing /Users/veera/Documents/kavia-backend/graphnode-backend-api/data/rdk7542/786/b49665h/entservices-infra-786/WebBridge/js/WebBridgeSDK.js
2025-11-28 08:24:29,046 - Knowledge - INFO - Worker kw7 processing /Users/veera/Documents/kavia-backend/graphnode-backend-api/data/rdk7542/786/b49665h/entservices-infra-786/WebBridge/js/WebBridgeClient.js
2025-11-28 08:24:29,110 - Knowledge - INFO - Fast-tracked /Users/veera/Documents/kavia-backend/graphnode-backend-api/data/rdk7542/786/b49665h/entservices-infra-786/WebBridge/js/WebBridgeClient.js (ext=.js, size=1120)
2025-11-28 08:24:29,110 - Knowledge - INFO - [LLM_CALL] Completed: CloudStoreImplementation.h:chunk1, Duration: 27463ms, PromptTokens: 2296, CompletionTokens: 490, Cost: $0.00043
2025-11-28 08:24:29,111 - Knowledge - INFO - Worker kw7 processing /Users/veera/Documents/kavia-backend/graphnode-backend-api/data/rdk7542/786/b49665h/entservices-infra-786/WebBridge/js/calc_server.html
2025-11-28 08:24:29,111 - Knowledge - INFO - done ingest for /Users/veera/Documents/kavia-backend/graphnode-backend-api/data/rdk7542/786/b49665h/entservices-infra-786/CloudStore/CloudStoreImplementation.h
2025-11-28 08:24:29,112 - Knowledge - INFO - Fast-tracked /Users/veera/Documents/kavia-backend/graphnode-backend-api/data/rdk7542/786/b49665h/entservices-infra-786/WebBridge/js/calc_server.html (ext=.html, size=1241)
2025-11-28 08:24:29,153 - Knowledge - INFO - Worker kw7 processing /Users/veera/Documents/kavia-backend/graphnode-backend-api/data/rdk7542/786/b49665h/entservices-infra-786/WebBridge/Module.h
2025-11-28 08:24:29,164 - Knowledge - INFO - Fast-tracked /Users/veera/Documents/kavia-backend/graphnode-backend-api/data/rdk7542/786/b49665h/entservices-infra-786/WebBridge/Module.h (ext=.h, size=860)
2025-11-28 08:24:29,164 - Knowledge - INFO - Worker kw7 processing /Users/veera/Documents/kavia-backend/graphnode-backend-api/data/rdk7542/786/b49665h/entservices-infra-786/WebBridge/WebBridge.h
2025-11-28 08:24:29,175 - Knowledge - INFO - Worker kw7 processing /Users/veera/Documents/kavia-backend/graphnode-backend-api/data/rdk7542/786/b49665h/entservices-infra-786/build_dependencies.sh
2025-11-28 08:24:29,214 - Knowledge - INFO - Worker kw7 processing /Users/veera/Documents/kavia-backend/graphnode-backend-api/data/rdk7542/786/b49665h/entservices-infra-786/RDKWindowManager/CMakeLists.txt
2025-11-28 08:24:29,310 - Knowledge - INFO - Fast-tracked /Users/veera/Documents/kavia-backend/graphnode-backend-api/data/rdk7542/786/b49665h/entservices-infra-786/RDKWindowManager/CMakeLists.txt (ext=.txt, size=3471)
2025-11-28 08:24:29,312 - Knowledge - INFO - Worker kw7 processing /Users/veera/Documents/kavia-backend/graphnode-backend-api/data/rdk7542/786/b49665h/entservices-infra-786/RDKWindowManager/test/RDKWMJsonL3Test.sh
2025-11-28 08:24:29,314 - Knowledge - INFO - Fast-tracked /Users/veera/Documents/kavia-backend/graphnode-backend-api/data/rdk7542/786/b49665h/entservices-infra-786/RDKWindowManager/test/RDKWMJsonL3Test.sh (ext=.sh, size=62038)
2025-11-28 08:24:29,314 - Knowledge - INFO - Worker kw7 processing /Users/veera/Documents/kavia-backend/graphnode-backend-api/data/rdk7542/786/b49665h/entservices-infra-786/RDKWindowManager/test/README.md
2025-11-28 08:24:29,333 - Knowledge - INFO - Fast-tracked /Users/veera/Documents/kavia-backend/graphnode-backend-api/data/rdk7542/786/b49665h/entservices-infra-786/RDKWindowManager/test/README.md (ext=.md, size=68195)
2025-11-28 08:24:29,333 - Knowledge - INFO - Worker kw7 processing /Users/veera/Documents/kavia-backend/graphnode-backend-api/data/rdk7542/786/b49665h/entservices-infra-786/RDKWindowManager/CHANGELOG.md
2025-11-28 08:24:29,336 - Knowledge - INFO - Processing batch of 15 files
2025-11-28 08:24:29,361 - Knowledge - INFO - process ingested knowledge for /Users/veera/Documents/kavia-backend/graphnode-backend-api/data/rdk7542/786/b49665h/entservices-infra-786/NativeJS/CMakeLists.txt
2025-11-28 08:24:29,364 - Knowledge - INFO - Fast-tracked /Users/veera/Documents/kavia-backend/graphnode-backend-api/data/rdk7542/786/b49665h/entservices-infra-786/RDKWindowManager/CHANGELOG.md (ext=.md, size=1015)
2025-11-28 08:24:29,364 - Knowledge - INFO - process ingested knowledge for /Users/veera/Documents/kavia-backend/graphnode-backend-api/data/rdk7542/786/b49665h/entservices-infra-786/NativeJS/Module.cpp
2025-11-28 08:24:29,416 - Knowledge - INFO - process ingested knowledge for /Users/veera/Documents/kavia-backend/graphnode-backend-api/data/rdk7542/786/b49665h/entservices-infra-786/NativeJS/README.md
2025-11-28 08:24:29,416 - Knowledge - INFO - process ingested knowledge for /Users/veera/Documents/kavia-backend/graphnode-backend-api/data/rdk7542/786/b49665h/entservices-infra-786/NativeJS/Module.h
2025-11-28 08:24:29,509 - Knowledge - INFO - [LLM_CALL] Completed: DownloadManager.h:chunk1, Duration: 27120ms, PromptTokens: 2350, CompletionTokens: 390, Cost: $0.00039
2025-11-28 08:24:29,509 - Knowledge - INFO - done ingest for /Users/veera/Documents/kavia-backend/graphnode-backend-api/data/rdk7542/786/b49665h/entservices-infra-786/DownloadManager/DownloadManager.h
2025-11-28 08:24:29,815 - Knowledge - INFO - process ingested knowledge for /Users/veera/Documents/kavia-backend/graphnode-backend-api/data/rdk7542/786/b49665h/entservices-infra-786/NativeJS/NativeJSPlugin.cpp
2025-11-28 08:24:29,889 - Knowledge - INFO - process ingested knowledge for /Users/veera/Documents/kavia-backend/graphnode-backend-api/data/rdk7542/786/b49665h/entservices-infra-786/NativeJS/NativeJSImplementation.cpp
2025-11-28 08:24:29,890 - Knowledge - INFO - process ingested knowledge for /Users/veera/Documents/kavia-backend/graphnode-backend-api/data/rdk7542/786/b49665h/entservices-infra-786/CloudStore/CMakeLists.txt
2025-11-28 08:24:29,890 - Knowledge - INFO - process ingested knowledge for /Users/veera/Documents/kavia-backend/graphnode-backend-api/data/rdk7542/786/b49665h/entservices-infra-786/CloudStore/CHANGELOG.md
2025-11-28 08:24:29,890 - Knowledge - INFO - process ingested knowledge for /Users/veera/Documents/kavia-backend/graphnode-backend-api/data/rdk7542/786/b49665h/entservices-infra-786/CloudStore/grpc/Store2.h
2025-11-28 08:24:29,890 - Knowledge - INFO - process ingested knowledge for /Users/veera/Documents/kavia-backend/graphnode-backend-api/data/rdk7542/786/b49665h/entservices-infra-786/CloudStore/grpc/l0test/CMakeLists.txt
2025-11-28 08:24:29,890 - Knowledge - INFO - process ingested knowledge for /Users/veera/Documents/kavia-backend/graphnode-backend-api/data/rdk7542/786/b49665h/entservices-infra-786/CloudStore/grpc/l0test/WorkerPoolImplementation.h
2025-11-28 08:24:29,890 - Knowledge - INFO - process ingested knowledge for /Users/veera/Documents/kavia-backend/graphnode-backend-api/data/rdk7542/786/b49665h/entservices-infra-786/CloudStore/grpc/l0test/Store2Test.cpp
2025-11-28 08:24:29,890 - Knowledge - INFO - process ingested knowledge for /Users/veera/Documents/kavia-backend/graphnode-backend-api/data/rdk7542/786/b49665h/entservices-infra-786/CloudStore/grpc/l0test/SecureStorageServiceMock.h
2025-11-28 08:24:29,890 - Knowledge - INFO - process ingested knowledge for /Users/veera/Documents/kavia-backend/graphnode-backend-api/data/rdk7542/786/b49665h/entservices-infra-786/CloudStore/grpc/l0test/Server.h
2025-11-28 08:24:29,890 - Knowledge - INFO - process ingested knowledge for /Users/veera/Documents/kavia-backend/graphnode-backend-api/data/rdk7542/786/b49665h/entservices-infra-786/CloudStore/grpc/l2test/CMakeLists.txt
2025-11-28 08:24:30,001 - Knowledge - INFO - [LLM_CALL] Completed: DownloadManagerHttpClient.cpp:chunk1, Duration: 27681ms, PromptTokens: 2798, CompletionTokens: 404, Cost: $0.00044
2025-11-28 08:24:30,001 - Knowledge - INFO - done ingest for /Users/veera/Documents/kavia-backend/graphnode-backend-api/data/rdk7542/786/b49665h/entservices-infra-786/DownloadManager/DownloadManagerHttpClient.cpp
2025-11-28 08:24:30,489 - Knowledge - INFO - [LLM_CALL] Completed: StubTest.cpp:chunk1, Duration: 29931ms, PromptTokens: 9412, CompletionTokens: 406, Cost: $0.00110
2025-11-28 08:24:30,490 - Knowledge - INFO - done ingest for /Users/veera/Documents/kavia-backend/graphnode-backend-api/data/rdk7542/786/b49665h/entservices-infra-786/CloudStore/grpc/l2test/StubTest.cpp
2025-11-28 08:24:31,000 - Knowledge - INFO - [LLM_CALL] Completed: MessageControl.h:chunk1, Duration: 27801ms, PromptTokens: 6808, CompletionTokens: 1143, Cost: $0.00114
2025-11-28 08:24:31,004 - Knowledge - INFO - done ingest for /Users/veera/Documents/kavia-backend/graphnode-backend-api/data/rdk7542/786/b49665h/entservices-infra-786/MessageControl/MessageControl.h
2025-11-28 08:24:31,005 - Knowledge - INFO - Async storage completed for 15 embeddings
2025-11-28 08:24:31,288 - Knowledge - INFO - [LLM_CALL] Completed: CloudStore.h:chunk1, Duration: 29111ms, PromptTokens: 2754, CompletionTokens: 421, Cost: $0.00044
2025-11-28 08:24:31,288 - Knowledge - INFO - done ingest for /Users/veera/Documents/kavia-backend/graphnode-backend-api/data/rdk7542/786/b49665h/entservices-infra-786/CloudStore/CloudStore.h
2025-11-28 08:24:31,428 - Knowledge - INFO - [LLM_CALL] Completed: PreinstallManagerImplementation.h:chunk1, Duration: 30868ms, PromptTokens: 3454, CompletionTokens: 741, Cost: $0.00064
2025-11-28 08:24:31,432 - Knowledge - INFO - done ingest for /Users/veera/Documents/kavia-backend/graphnode-backend-api/data/rdk7542/786/b49665h/entservices-infra-786/PreinstallManager/PreinstallManagerImplementation.h
2025-11-28 08:24:32,119 - Knowledge - INFO - [LLM_CALL] Completed: DobbyInterface.h:chunk1, Duration: 30763ms, PromptTokens: 2654, CompletionTokens: 804, Cost: $0.00059
2025-11-28 08:24:32,141 - Knowledge - INFO - done ingest for /Users/veera/Documents/kavia-backend/graphnode-backend-api/data/rdk7542/786/b49665h/entservices-infra-786/OCIContainer/DobbyInterface.h
2025-11-28 08:24:32,523 - Knowledge - INFO - [LLM_CALL] Completed: PersistentStoreImplementation.h:chunk1, Duration: 30823ms, PromptTokens: 4508, CompletionTokens: 797, Cost: $0.00077
2025-11-28 08:24:32,523 - Knowledge - INFO - done ingest for /Users/veera/Documents/kavia-backend/graphnode-backend-api/data/rdk7542/786/b49665h/entservices-infra-786/PersistentStore/PersistentStoreImplementation.h
2025-11-28 08:24:32,905 - Knowledge - INFO - [LLM_CALL] Completed: SharedStorage.h:chunk1, Duration: 31727ms, PromptTokens: 2954, CompletionTokens: 483, Cost: $0.00049
2025-11-28 08:24:32,914 - Knowledge - INFO - done ingest for /Users/veera/Documents/kavia-backend/graphnode-backend-api/data/rdk7542/786/b49665h/entservices-infra-786/SharedStorage/SharedStorage.h
2025-11-28 08:24:32,914 - Knowledge - INFO - [LLM_CALL] Completed: RemotePlugin.cpp:chunk1, Duration: 32380ms, PromptTokens: 4132, CompletionTokens: 992, Cost: $0.00081
2025-11-28 08:24:32,922 - Knowledge - INFO - done ingest for /Users/veera/Documents/kavia-backend/graphnode-backend-api/data/rdk7542/786/b49665h/entservices-infra-786/RustAdapter/RemotePlugin.cpp
2025-11-28 08:24:33,020 - Knowledge - INFO - [LLM_CALL] Completed: SocketServer.cpp:chunk1, Duration: 32516ms, PromptTokens: 6288, CompletionTokens: 844, Cost: $0.00097
2025-11-28 08:24:33,020 - Knowledge - INFO - done ingest for /Users/veera/Documents/kavia-backend/graphnode-backend-api/data/rdk7542/786/b49665h/entservices-infra-786/RustAdapter/SocketServer.cpp
2025-11-28 08:24:33,499 - Knowledge - INFO - [LLM_CALL] Completed: RequestHandler.h:chunk1, Duration: 33086ms, PromptTokens: 2384, CompletionTokens: 1036, Cost: $0.00065
2025-11-28 08:24:33,499 - Knowledge - INFO - done ingest for /Users/veera/Documents/kavia-backend/graphnode-backend-api/data/rdk7542/786/b49665h/entservices-infra-786/StorageManager/RequestHandler.h
2025-11-28 08:24:33,891 - Knowledge - INFO - done ingest for /Users/veera/Documents/kavia-backend/graphnode-backend-api/data/rdk7542/786/b49665h/entservices-infra-786/StorageManager/RequestHandler.cpp
2025-11-28 08:24:34,136 - Knowledge - INFO - [LLM_CALL] Completed: MonitorJsonRpc.cpp:chunk1, Duration: 33668ms, PromptTokens: 2290, CompletionTokens: 593, Cost: $0.00047
2025-11-28 08:24:34,136 - Knowledge - INFO - done ingest for /Users/veera/Documents/kavia-backend/graphnode-backend-api/data/rdk7542/786/b49665h/entservices-infra-786/Monitor/MonitorJsonRpc.cpp
2025-11-28 08:24:34,547 - Knowledge - INFO - [LLM_CALL] Completed: OCIContainer.cpp:chunk1, Duration: 33987ms, PromptTokens: 3144, CompletionTokens: 645, Cost: $0.00057
2025-11-28 08:24:34,594 - Knowledge - INFO - done ingest for /Users/veera/Documents/kavia-backend/graphnode-backend-api/data/rdk7542/786/b49665h/entservices-infra-786/OCIContainer/OCIContainer.cpp
2025-11-28 08:24:35,754 - Knowledge - INFO - [LLM_CALL] Completed: TelemetryMetrics.cpp:chunk1, Duration: 35084ms, PromptTokens: 2856, CompletionTokens: 528, Cost: $0.00050
2025-11-28 08:24:35,754 - Knowledge - INFO - done ingest for /Users/veera/Documents/kavia-backend/graphnode-backend-api/data/rdk7542/786/b49665h/entservices-infra-786/TelemetryMetrics/TelemetryMetrics.cpp
2025-11-28 08:24:35,794 - Knowledge - INFO - [LLM_CALL] Completed: DownloadManager.cpp:chunk1, Duration: 34600ms, PromptTokens: 2744, CompletionTokens: 693, Cost: $0.00055
2025-11-28 08:24:35,856 - Knowledge - INFO - done ingest for /Users/veera/Documents/kavia-backend/graphnode-backend-api/data/rdk7542/786/b49665h/entservices-infra-786/DownloadManager/DownloadManager.cpp
2025-11-28 08:24:36,172 - Knowledge - INFO - [kw15] Queue=138, InProgress=0, PendingWorkers=20/20, Completed=78/474 (16.5%)
2025-11-28 08:24:36,174 - Knowledge - INFO - [LLM_CALL] Completed: USBMassStorage.h:chunk1, Duration: 34513ms, PromptTokens: 2466, CompletionTokens: 494, Cost: $0.00044
2025-11-28 08:24:36,212 - Knowledge - INFO - Batch sizing: calculated=12, max_allowed=25, queue=138, active_workers=20/20
2025-11-28 08:24:36,218 - Knowledge - INFO - done ingest for /Users/veera/Documents/kavia-backend/graphnode-backend-api/data/rdk7542/786/b49665h/entservices-infra-786/USBMassStorage/USBMassStorage.h
2025-11-28 08:24:36,219 - Knowledge - INFO - [LLM_CALL] Completed: OCIContainerImplementation.h:chunk1, Duration: 35718ms, PromptTokens: 3512, CompletionTokens: 1124, Cost: $0.00080
2025-11-28 08:24:36,255 - Knowledge - INFO - done ingest for /Users/veera/Documents/kavia-backend/graphnode-backend-api/data/rdk7542/786/b49665h/entservices-infra-786/OCIContainer/OCIContainerImplementation.h
2025-11-28 08:24:36,767 - Knowledge - INFO - Async storing batch of 15 embeddings
2025-11-28 08:24:36,873 - Knowledge - INFO - Worker kw15 processing /Users/veera/Documents/kavia-backend/graphnode-backend-api/data/rdk7542/786/b49665h/entservices-infra-786/RDKWindowManager/Module.cpp
2025-11-28 08:24:36,883 - Knowledge - INFO - Fast-tracked /Users/veera/Documents/kavia-backend/graphnode-backend-api/data/rdk7542/786/b49665h/entservices-infra-786/RDKWindowManager/Module.cpp (ext=.cpp, size=765)
2025-11-28 08:24:36,883 - Knowledge - INFO - Worker kw15 processing /Users/veera/Documents/kavia-backend/graphnode-backend-api/data/rdk7542/786/b49665h/entservices-infra-786/RDKWindowManager/RDKWindowManager.cpp
2025-11-28 08:24:36,884 - Knowledge - INFO - [LLM_CALL] Completed: DownloadManagerImplementation.h:chunk1, Duration: 36154ms, PromptTokens: 3356, CompletionTokens: 823, Cost: $0.00066
2025-11-28 08:24:36,884 - Knowledge - INFO - done ingest for /Users/veera/Documents/kavia-backend/graphnode-backend-api/data/rdk7542/786/b49665h/entservices-infra-786/DownloadManager/DownloadManagerImplementation.h
2025-11-28 08:24:36,903 - Knowledge - INFO - [LLM_CALL] Completed: OCIContainerImplementation.cpp:chunk1, Duration: 36369ms, PromptTokens: 5136, CompletionTokens: 1035, Cost: $0.00093
2025-11-28 08:24:36,903 - Knowledge - INFO - done ingest for /Users/veera/Documents/kavia-backend/graphnode-backend-api/data/rdk7542/786/b49665h/entservices-infra-786/OCIContainer/OCIContainerImplementation.cpp
2025-11-28 08:24:36,909 - Knowledge - INFO - Worker kw15 processing /Users/veera/Documents/kavia-backend/graphnode-backend-api/data/rdk7542/786/b49665h/entservices-infra-786/RDKWindowManager/README.md
2025-11-28 08:24:36,928 - Knowledge - INFO - Fast-tracked /Users/veera/Documents/kavia-backend/graphnode-backend-api/data/rdk7542/786/b49665h/entservices-infra-786/RDKWindowManager/README.md (ext=.md, size=1104)
2025-11-28 08:24:36,928 - Knowledge - INFO - Worker kw15 processing /Users/veera/Documents/kavia-backend/graphnode-backend-api/data/rdk7542/786/b49665h/entservices-infra-786/RDKWindowManager/RDKWindowManagerImplementation.cpp
2025-11-28 08:24:36,929 - Knowledge - INFO - Worker kw15 processing /Users/veera/Documents/kavia-backend/graphnode-backend-api/data/rdk7542/786/b49665h/entservices-infra-786/RDKWindowManager/RDKWindowManager.h
2025-11-28 08:24:36,929 - Knowledge - INFO - Worker kw15 processing /Users/veera/Documents/kavia-backend/graphnode-backend-api/data/rdk7542/786/b49665h/entservices-infra-786/RDKWindowManager/RDKWindowManagerImplementation.h
2025-11-28 08:24:36,930 - Knowledge - INFO - Worker kw15 processing /Users/veera/Documents/kavia-backend/graphnode-backend-api/data/rdk7542/786/b49665h/entservices-infra-786/RDKWindowManager/Module.h
2025-11-28 08:24:36,930 - Knowledge - INFO - Fast-tracked /Users/veera/Documents/kavia-backend/graphnode-backend-api/data/rdk7542/786/b49665h/entservices-infra-786/RDKWindowManager/Module.h (ext=.h, size=880)
2025-11-28 08:24:36,930 - Knowledge - INFO - Worker kw15 processing /Users/veera/Documents/kavia-backend/graphnode-backend-api/data/rdk7542/786/b49665h/entservices-infra-786/Telemetry/TelemetryImplementation.cpp
2025-11-28 08:24:36,930 - Knowledge - INFO - Worker kw15 processing /Users/veera/Documents/kavia-backend/graphnode-backend-api/data/rdk7542/786/b49665h/entservices-infra-786/Telemetry/CMakeLists.txt
2025-11-28 08:24:36,940 - Knowledge - INFO - [LLM_CALL] Completed: DownloadManagerImplementation.cpp:chunk1, Duration: 36384ms, PromptTokens: 10002, CompletionTokens: 536, Cost: $0.00121
2025-11-28 08:24:36,940 - Knowledge - INFO - done ingest for /Users/veera/Documents/kavia-backend/graphnode-backend-api/data/rdk7542/786/b49665h/entservices-infra-786/DownloadManager/DownloadManagerImplementation.cpp
2025-11-28 08:24:36,989 - Knowledge - INFO - Fast-tracked /Users/veera/Documents/kavia-backend/graphnode-backend-api/data/rdk7542/786/b49665h/entservices-infra-786/Telemetry/CMakeLists.txt (ext=.txt, size=3357)
2025-11-28 08:24:36,989 - Knowledge - INFO - Worker kw15 processing /Users/veera/Documents/kavia-backend/graphnode-backend-api/data/rdk7542/786/b49665h/entservices-infra-786/Telemetry/CHANGELOG.md
2025-11-28 08:24:36,989 - Knowledge - INFO - Fast-tracked /Users/veera/Documents/kavia-backend/graphnode-backend-api/data/rdk7542/786/b49665h/entservices-infra-786/Telemetry/CHANGELOG.md (ext=.md, size=1015)
2025-11-28 08:24:36,990 - Knowledge - INFO - Worker kw15 processing /Users/veera/Documents/kavia-backend/graphnode-backend-api/data/rdk7542/786/b49665h/entservices-infra-786/Telemetry/Module.cpp
2025-11-28 08:24:37,038 - Knowledge - INFO - Fast-tracked /Users/veera/Documents/kavia-backend/graphnode-backend-api/data/rdk7542/786/b49665h/entservices-infra-786/Telemetry/Module.cpp (ext=.cpp, size=765)
2025-11-28 08:24:37,038 - Knowledge - INFO - Worker kw15 processing /Users/veera/Documents/kavia-backend/graphnode-backend-api/data/rdk7542/786/b49665h/entservices-infra-786/Telemetry/README.md
2025-11-28 08:24:37,054 - Knowledge - INFO - Fast-tracked /Users/veera/Documents/kavia-backend/graphnode-backend-api/data/rdk7542/786/b49665h/entservices-infra-786/Telemetry/README.md (ext=.md, size=1185)
2025-11-28 08:24:37,056 - Knowledge - INFO - [LLM_CALL] Completed: USBMassStorage.cpp:chunk1, Duration: 34844ms, PromptTokens: 4660, CompletionTokens: 628, Cost: $0.00072
2025-11-28 08:24:37,056 - Knowledge - INFO - done ingest for /Users/veera/Documents/kavia-backend/graphnode-backend-api/data/rdk7542/786/b49665h/entservices-infra-786/USBMassStorage/USBMassStorage.cpp
2025-11-28 08:24:37,456 - Knowledge - INFO - [LLM_CALL] Completed: LifecycleManager.h:chunk1, Duration: 37013ms, PromptTokens: 2478, CompletionTokens: 437, Cost: $0.00042
2025-11-28 08:24:37,456 - Knowledge - INFO - done ingest for /Users/veera/Documents/kavia-backend/graphnode-backend-api/data/rdk7542/786/b49665h/entservices-infra-786/LifecycleManager/LifecycleManager.h
2025-11-28 08:24:37,668 - Knowledge - INFO - [LLM_CALL] Completed: MessageControlImplementation.cpp:chunk1, Duration: 35016ms, PromptTokens: 3422, CompletionTokens: 684, Cost: $0.00062
2025-11-28 08:24:37,674 - Knowledge - INFO - done ingest for /Users/veera/Documents/kavia-backend/graphnode-backend-api/data/rdk7542/786/b49665h/entservices-infra-786/MessageControl/MessageControlImplementation.cpp
2025-11-28 08:24:37,745 - Knowledge - INFO - [LLM_CALL] Completed: LifecycleManagerImplementation.h:chunk1, Duration: 37313ms, PromptTokens: 3802, CompletionTokens: 847, Cost: $0.00072
2025-11-28 08:24:37,757 - Knowledge - INFO - done ingest for /Users/veera/Documents/kavia-backend/graphnode-backend-api/data/rdk7542/786/b49665h/entservices-infra-786/LifecycleManager/LifecycleManagerImplementation.h
2025-11-28 08:24:37,820 - Knowledge - INFO - [LLM_CALL] Completed: StorageManager.cpp:chunk1, Duration: 37412ms, PromptTokens: 3134, CompletionTokens: 540, Cost: $0.00053
2025-11-28 08:24:37,820 - Knowledge - INFO - done ingest for /Users/veera/Documents/kavia-backend/graphnode-backend-api/data/rdk7542/786/b49665h/entservices-infra-786/StorageManager/StorageManager.cpp
2025-11-28 08:24:37,866 - Knowledge - INFO - [LLM_CALL] Completed: MessageControl.cpp:chunk1, Duration: 35150ms, PromptTokens: 3510, CompletionTokens: 619, Cost: $0.00060
2025-11-28 08:24:37,866 - Knowledge - INFO - done ingest for /Users/veera/Documents/kavia-backend/graphnode-backend-api/data/rdk7542/786/b49665h/entservices-infra-786/MessageControl/MessageControl.cpp
2025-11-28 08:24:38,049 - Knowledge - INFO - [LLM_CALL] Completed: StateHandler.cpp:chunk1, Duration: 37634ms, PromptTokens: 6822, CompletionTokens: 728, Cost: $0.00097
2025-11-28 08:24:38,071 - Knowledge - INFO - done ingest for /Users/veera/Documents/kavia-backend/graphnode-backend-api/data/rdk7542/786/b49665h/entservices-infra-786/LifecycleManager/StateHandler.cpp
2025-11-28 08:24:38,178 - Knowledge - INFO - Processing batch of 12 files
2025-11-28 08:24:38,179 - Knowledge - INFO - [LLM_CALL] Completed: MessageOutput.cpp:chunk1, Duration: 35487ms, PromptTokens: 3910, CompletionTokens: 896, Cost: $0.00075
2025-11-28 08:24:38,215 - Knowledge - INFO - process ingested knowledge for /Users/veera/Documents/kavia-backend/graphnode-backend-api/data/rdk7542/786/b49665h/entservices-infra-786/MessageControl/MessageControl.h
2025-11-28 08:24:38,228 - Knowledge - INFO - done ingest for /Users/veera/Documents/kavia-backend/graphnode-backend-api/data/rdk7542/786/b49665h/entservices-infra-786/MessageControl/MessageOutput.cpp
2025-11-28 08:24:38,283 - Knowledge - INFO - [LLM_CALL] Completed: State.cpp:chunk1, Duration: 37834ms, PromptTokens: 4050, CompletionTokens: 848, Cost: $0.00074
2025-11-28 08:24:38,284 - Knowledge - INFO - done ingest for /Users/veera/Documents/kavia-backend/graphnode-backend-api/data/rdk7542/786/b49665h/entservices-infra-786/LifecycleManager/State.cpp
2025-11-28 08:24:38,508 - Knowledge - INFO - process ingested knowledge for /Users/veera/Documents/kavia-backend/graphnode-backend-api/data/rdk7542/786/b49665h/entservices-infra-786/AppNotifications/CMakeLists.txt
2025-11-28 08:24:38,508 - Knowledge - INFO - process ingested knowledge for /Users/veera/Documents/kavia-backend/graphnode-backend-api/data/rdk7542/786/b49665h/entservices-infra-786/AppNotifications/Module.cpp
2025-11-28 08:24:38,511 - Knowledge - INFO - process ingested knowledge for /Users/veera/Documents/kavia-backend/graphnode-backend-api/data/rdk7542/786/b49665h/entservices-infra-786/AppNotifications/tests/CurlCmds.md
2025-11-28 08:24:38,512 - Knowledge - INFO - process ingested knowledge for /Users/veera/Documents/kavia-backend/graphnode-backend-api/data/rdk7542/786/b49665h/entservices-infra-786/AppNotifications/AppNotifications.cpp
2025-11-28 08:24:38,512 - Knowledge - INFO - process ingested knowledge for /Users/veera/Documents/kavia-backend/graphnode-backend-api/data/rdk7542/786/b49665h/entservices-infra-786/AppNotifications/AppNotificationsImplementation.h
2025-11-28 08:24:38,512 - Knowledge - INFO - process ingested knowledge for /Users/veera/Documents/kavia-backend/graphnode-backend-api/data/rdk7542/786/b49665h/entservices-infra-786/AppNotifications/AppNotifications.h
2025-11-28 08:24:38,704 - Knowledge - INFO - process ingested knowledge for /Users/veera/Documents/kavia-backend/graphnode-backend-api/data/rdk7542/786/b49665h/entservices-infra-786/AppNotifications/Module.h
2025-11-28 08:24:38,851 - Knowledge - INFO - process ingested knowledge for /Users/veera/Documents/kavia-backend/graphnode-backend-api/data/rdk7542/786/b49665h/entservices-infra-786/AppNotifications/AppNotificationsImplementation.cpp
2025-11-28 08:24:38,851 - Knowledge - INFO - process ingested knowledge for /Users/veera/Documents/kavia-backend/graphnode-backend-api/data/rdk7542/786/b49665h/entservices-infra-786/WebBridge/WebBridge.cpp
2025-11-28 08:24:38,851 - Knowledge - INFO - process ingested knowledge for /Users/veera/Documents/kavia-backend/graphnode-backend-api/data/rdk7542/786/b49665h/entservices-infra-786/WebBridge/CMakeLists.txt
2025-11-28 08:24:38,851 - Knowledge - INFO - process ingested knowledge for /Users/veera/Documents/kavia-backend/graphnode-backend-api/data/rdk7542/786/b49665h/entservices-infra-786/WebBridge/CHANGELOG.md
2025-11-28 08:24:39,110 - Knowledge - INFO - [LLM_CALL] Completed: MessageOutput.h:chunk1, Duration: 36341ms, PromptTokens: 8952, CompletionTokens: 1313, Cost: $0.00142
2025-11-28 08:24:39,249 - Knowledge - INFO - done ingest for /Users/veera/Documents/kavia-backend/graphnode-backend-api/data/rdk7542/786/b49665h/entservices-infra-786/MessageControl/MessageOutput.h
2025-11-28 08:24:39,299 - Knowledge - INFO - [LLM_CALL] Completed: AppGateway.cpp:chunk1, Duration: 38196ms, PromptTokens: 2990, CompletionTokens: 460, Cost: $0.00048
2025-11-28 08:24:39,437 - Knowledge - INFO - done ingest for /Users/veera/Documents/kavia-backend/graphnode-backend-api/data/rdk7542/786/b49665h/entservices-infra-786/AppGateway/AppGateway.cpp
2025-11-28 08:24:39,449 - Knowledge - INFO - [LLM_CALL] Completed: build_dependencies.sh:chunk1, Duration: 8800ms, PromptTokens: 4062, CompletionTokens: 59, Cost: $0.00043
2025-11-28 08:24:39,482 - Knowledge - INFO - done ingest for /Users/veera/Documents/kavia-backend/graphnode-backend-api/data/rdk7542/786/b49665h/entservices-infra-786/build_dependencies.sh
2025-11-28 08:24:39,831 - Knowledge - INFO - [LLM_CALL] Completed: UserSettings.h:chunk1, Duration: 37205ms, PromptTokens: 4382, CompletionTokens: 1080, Cost: $0.00087
2025-11-28 08:24:39,832 - Knowledge - INFO - done ingest for /Users/veera/Documents/kavia-backend/graphnode-backend-api/data/rdk7542/786/b49665h/entservices-infra-786/UserSettings/UserSettings.h
2025-11-28 08:24:40,363 - Knowledge - INFO - [LLM_CALL] Completed: AppGatewayResponderImplementation.h:chunk1, Duration: 39789ms, PromptTokens: 5804, CompletionTokens: 619, Cost: $0.00083
2025-11-28 08:24:40,364 - Knowledge - INFO - done ingest for /Users/veera/Documents/kavia-backend/graphnode-backend-api/data/rdk7542/786/b49665h/entservices-infra-786/AppGateway/AppGatewayResponderImplementation.h
2025-11-28 08:24:40,453 - Knowledge - INFO - Async storage completed for 15 embeddings
2025-11-28 08:24:40,515 - Knowledge - INFO - [LLM_CALL] Completed: LifecycleManager.cpp:chunk1, Duration: 40053ms, PromptTokens: 2996, CompletionTokens: 610, Cost: $0.00054
2025-11-28 08:24:40,520 - Knowledge - INFO - done ingest for /Users/veera/Documents/kavia-backend/graphnode-backend-api/data/rdk7542/786/b49665h/entservices-infra-786/LifecycleManager/LifecycleManager.cpp
2025-11-28 08:24:42,394 - Knowledge - INFO - [LLM_CALL] Completed: Resolver.h:chunk1, Duration: 41107ms, PromptTokens: 2410, CompletionTokens: 990, Cost: $0.00064
2025-11-28 08:24:42,408 - Knowledge - INFO - done ingest for /Users/veera/Documents/kavia-backend/graphnode-backend-api/data/rdk7542/786/b49665h/entservices-infra-786/AppGateway/Resolver.h
2025-11-28 08:24:42,837 - Knowledge - INFO - [LLM_CALL] Completed: RuntimeManagerHandler.h:chunk1, Duration: 42406ms, PromptTokens: 2256, CompletionTokens: 704, Cost: $0.00051
2025-11-28 08:24:42,837 - Knowledge - INFO - done ingest for /Users/veera/Documents/kavia-backend/graphnode-backend-api/data/rdk7542/786/b49665h/entservices-infra-786/LifecycleManager/RuntimeManagerHandler.h
2025-11-28 08:24:42,889 - Knowledge - INFO - [LLM_CALL] Completed: WindowManagerHandler.cpp:chunk1, Duration: 42481ms, PromptTokens: 2742, CompletionTokens: 575, Cost: $0.00050
2025-11-28 08:24:42,889 - Knowledge - INFO - done ingest for /Users/veera/Documents/kavia-backend/graphnode-backend-api/data/rdk7542/786/b49665h/entservices-infra-786/LifecycleManager/WindowManagerHandler.cpp
2025-11-28 08:24:42,890 - Knowledge - INFO - [WEBSOCKET] Sent: Type=progress_update, Size: 291, Duration: 0ms
2025-11-28 08:24:42,901 - Knowledge - INFO - [WEBSOCKET] Sent: Type=unknown, Size: ?, Duration: 11ms
2025-11-28 08:24:42,901 - Knowledge - INFO - Progress: 20.0% | Files: 95/474 | Rate: 2.16 files/sec | Queue: 126
2025-11-28 08:24:42,901 - Knowledge - INFO - [kw11] Queue=126, InProgress=0, PendingWorkers=20/20, Completed=95/474 (20.0%)
2025-11-28 08:24:42,901 - Knowledge - INFO - Batch sizing: calculated=12, max_allowed=25, queue=126, active_workers=20/20
2025-11-28 08:24:42,903 - Knowledge - INFO - Async storing batch of 15 embeddings
2025-11-28 08:24:42,923 - Knowledge - INFO - Worker kw11 processing /Users/veera/Documents/kavia-backend/graphnode-backend-api/data/rdk7542/786/b49665h/entservices-infra-786/Telemetry/Telemetry.cpp
2025-11-28 08:24:42,925 - Knowledge - INFO - Worker kw11 processing /Users/veera/Documents/kavia-backend/graphnode-backend-api/data/rdk7542/786/b49665h/entservices-infra-786/Telemetry/Module.h
2025-11-28 08:24:42,925 - Knowledge - INFO - Fast-tracked /Users/veera/Documents/kavia-backend/graphnode-backend-api/data/rdk7542/786/b49665h/entservices-infra-786/Telemetry/Module.h (ext=.h, size=866)
2025-11-28 08:24:42,925 - Knowledge - INFO - Worker kw11 processing /Users/veera/Documents/kavia-backend/graphnode-backend-api/data/rdk7542/786/b49665h/entservices-infra-786/Telemetry/TelemetryImplementation.h
2025-11-28 08:24:42,926 - Knowledge - INFO - Worker kw11 processing /Users/veera/Documents/kavia-backend/graphnode-backend-api/data/rdk7542/786/b49665h/entservices-infra-786/Telemetry/Telemetry.h
2025-11-28 08:24:42,926 - Knowledge - INFO - Worker kw11 processing /Users/veera/Documents/kavia-backend/graphnode-backend-api/data/rdk7542/786/b49665h/entservices-infra-786/SceneSet/CMakeLists.txt
2025-11-28 08:24:42,927 - Knowledge - INFO - Fast-tracked /Users/veera/Documents/kavia-backend/graphnode-backend-api/data/rdk7542/786/b49665h/entservices-infra-786/SceneSet/CMakeLists.txt (ext=.txt, size=2267)
2025-11-28 08:24:42,927 - Knowledge - INFO - Worker kw11 processing /Users/veera/Documents/kavia-backend/graphnode-backend-api/data/rdk7542/786/b49665h/entservices-infra-786/SceneSet/Module.cpp
2025-11-28 08:24:42,927 - Knowledge - INFO - Fast-tracked /Users/veera/Documents/kavia-backend/graphnode-backend-api/data/rdk7542/786/b49665h/entservices-infra-786/SceneSet/Module.cpp (ext=.cpp, size=762)
2025-11-28 08:24:42,927 - Knowledge - INFO - Worker kw11 processing /Users/veera/Documents/kavia-backend/graphnode-backend-api/data/rdk7542/786/b49665h/entservices-infra-786/SceneSet/SceneSet.cpp
2025-11-28 08:24:42,927 - Knowledge - INFO - Worker kw11 processing /Users/veera/Documents/kavia-backend/graphnode-backend-api/data/rdk7542/786/b49665h/entservices-infra-786/SceneSet/SceneSet.h
2025-11-28 08:24:42,927 - Knowledge - INFO - Worker kw11 processing /Users/veera/Documents/kavia-backend/graphnode-backend-api/data/rdk7542/786/b49665h/entservices-infra-786/SceneSet/Module.h
2025-11-28 08:24:42,928 - Knowledge - INFO - Fast-tracked /Users/veera/Documents/kavia-backend/graphnode-backend-api/data/rdk7542/786/b49665h/entservices-infra-786/SceneSet/Module.h (ext=.h, size=897)
2025-11-28 08:24:42,928 - Knowledge - INFO - Worker kw11 processing /Users/veera/Documents/kavia-backend/graphnode-backend-api/data/rdk7542/786/b49665h/entservices-infra-786/Migration/CMakeLists.txt
2025-11-28 08:24:42,928 - Knowledge - INFO - Fast-tracked /Users/veera/Documents/kavia-backend/graphnode-backend-api/data/rdk7542/786/b49665h/entservices-infra-786/Migration/CMakeLists.txt (ext=.txt, size=2183)
2025-11-28 08:24:42,928 - Knowledge - INFO - Worker kw11 processing /Users/veera/Documents/kavia-backend/graphnode-backend-api/data/rdk7542/786/b49665h/entservices-infra-786/Migration/Migration.cpp
2025-11-28 08:24:42,929 - Knowledge - INFO - Worker kw11 processing /Users/veera/Documents/kavia-backend/graphnode-backend-api/data/rdk7542/786/b49665h/entservices-infra-786/Migration/CHANGELOG.md
2025-11-28 08:24:42,937 - Knowledge - INFO - Fast-tracked /Users/veera/Documents/kavia-backend/graphnode-backend-api/data/rdk7542/786/b49665h/entservices-infra-786/Migration/CHANGELOG.md (ext=.md, size=1015)
2025-11-28 08:24:43,300 - Knowledge - INFO - [LLM_CALL] Completed: PersistentStoreImplementationMock.h:chunk1, Duration: 42723ms, PromptTokens: 2506, CompletionTokens: 773, Cost: $0.00056
2025-11-28 08:24:43,313 - Knowledge - INFO - done ingest for /Users/veera/Documents/kavia-backend/graphnode-backend-api/data/rdk7542/786/b49665h/entservices-infra-786/PersistentStore/l0test/PersistentStoreImplementationMock.h
2025-11-28 08:24:43,589 - Knowledge - INFO - done ingest for /Users/veera/Documents/kavia-backend/graphnode-backend-api/data/rdk7542/786/b49665h/entservices-infra-786/PersistentStore/sqlite/Store2.h
2025-11-28 08:24:43,638 - Knowledge - INFO - done ingest for /Users/veera/Documents/kavia-backend/graphnode-backend-api/data/rdk7542/786/b49665h/entservices-infra-786/PersistentStore/sqlite/l1test/Store2Test.cpp
2025-11-28 08:24:44,146 - Knowledge - INFO - [LLM_CALL] Completed: PersistentStore.h:chunk1, Duration: 41830ms, PromptTokens: 4228, CompletionTokens: 996, Cost: $0.00082
2025-11-28 08:24:44,146 - Knowledge - INFO - done ingest for /Users/veera/Documents/kavia-backend/graphnode-backend-api/data/rdk7542/786/b49665h/entservices-infra-786/PersistentStore/PersistentStore.h
2025-11-28 08:24:44,530 - Knowledge - INFO - Async storage completed for 15 embeddings
2025-11-28 08:24:44,574 - Knowledge - INFO - Processing batch of 15 files
2025-11-28 08:24:44,574 - Knowledge - INFO - process ingested knowledge for /Users/veera/Documents/kavia-backend/graphnode-backend-api/data/rdk7542/786/b49665h/entservices-infra-786/RustAdapter/RemotePlugin.h
2025-11-28 08:24:44,574 - Knowledge - INFO - process ingested knowledge for /Users/veera/Documents/kavia-backend/graphnode-backend-api/data/rdk7542/786/b49665h/entservices-infra-786/RustAdapter/CMakeLists.txt
2025-11-28 08:24:44,574 - Knowledge - INFO - process ingested knowledge for /Users/veera/Documents/kavia-backend/graphnode-backend-api/data/rdk7542/786/b49665h/entservices-infra-786/RustAdapter/CHANGELOG.md
2025-11-28 08:24:44,574 - Knowledge - INFO - process ingested knowledge for /Users/veera/Documents/kavia-backend/graphnode-backend-api/data/rdk7542/786/b49665h/entservices-infra-786/RustAdapter/Module.cpp
2025-11-28 08:24:44,574 - Knowledge - INFO - process ingested knowledge for /Users/veera/Documents/kavia-backend/graphnode-backend-api/data/rdk7542/786/b49665h/entservices-infra-786/RustAdapter/SocketServer.cpp
2025-11-28 08:24:44,574 - Knowledge - INFO - process ingested knowledge for /Users/veera/Documents/kavia-backend/graphnode-backend-api/data/rdk7542/786/b49665h/entservices-infra-786/RustAdapter/RemotePlugin.cpp
2025-11-28 08:24:44,574 - Knowledge - INFO - process ingested knowledge for /Users/veera/Documents/kavia-backend/graphnode-backend-api/data/rdk7542/786/b49665h/entservices-infra-786/RustAdapter/LocalPlugin.h
2025-11-28 08:24:44,574 - Knowledge - INFO - process ingested knowledge for /Users/veera/Documents/kavia-backend/graphnode-backend-api/data/rdk7542/786/b49665h/entservices-infra-786/RustAdapter/RustPlugin.h
2025-11-28 08:24:44,575 - Knowledge - INFO - process ingested knowledge for /Users/veera/Documents/kavia-backend/graphnode-backend-api/data/rdk7542/786/b49665h/entservices-infra-786/RustAdapter/SocketServer.h
2025-11-28 08:24:44,575 - Knowledge - INFO - process ingested knowledge for /Users/veera/Documents/kavia-backend/graphnode-backend-api/data/rdk7542/786/b49665h/entservices-infra-786/RustAdapter/Module.h
2025-11-28 08:24:44,575 - Knowledge - INFO - process ingested knowledge for /Users/veera/Documents/kavia-backend/graphnode-backend-api/data/rdk7542/786/b49665h/entservices-infra-786/RustAdapter/Logger.h
2025-11-28 08:24:44,575 - Knowledge - INFO - process ingested knowledge for /Users/veera/Documents/kavia-backend/graphnode-backend-api/data/rdk7542/786/b49665h/entservices-infra-786/RustAdapter/LocalPlugin.cpp
2025-11-28 08:24:44,575 - Knowledge - INFO - process ingested knowledge for /Users/veera/Documents/kavia-backend/graphnode-backend-api/data/rdk7542/786/b49665h/entservices-infra-786/RDKShell/RDKShell.cpp
2025-11-28 08:24:44,575 - Knowledge - INFO - process ingested knowledge for /Users/veera/Documents/kavia-backend/graphnode-backend-api/data/rdk7542/786/b49665h/entservices-infra-786/RDKShell/CMakeLists.txt
2025-11-28 08:24:44,575 - Knowledge - INFO - process ingested knowledge for /Users/veera/Documents/kavia-backend/graphnode-backend-api/data/rdk7542/786/b49665h/entservices-infra-786/RDKShell/CHANGELOG.md
2025-11-28 08:24:44,694 - Knowledge - INFO - [LLM_CALL] Completed: DobbyInterface.cpp:chunk1, Duration: 44030ms, PromptTokens: 12890, CompletionTokens: 1517, Cost: $0.00190
2025-11-28 08:24:44,694 - Knowledge - INFO - done ingest for /Users/veera/Documents/kavia-backend/graphnode-backend-api/data/rdk7542/786/b49665h/entservices-infra-786/OCIContainer/DobbyInterface.cpp
2025-11-28 08:24:45,231 - Knowledge - INFO - [kw16] Queue=114, InProgress=0, PendingWorkers=20/20, Completed=113/474 (23.8%)
2025-11-28 08:24:45,231 - Knowledge - INFO - Batch sizing: calculated=12, max_allowed=25, queue=114, active_workers=20/20
2025-11-28 08:24:45,231 - Knowledge - INFO - Async storing batch of 12 embeddings
2025-11-28 08:24:45,238 - Knowledge - INFO - Worker kw16 processing /Users/veera/Documents/kavia-backend/graphnode-backend-api/data/rdk7542/786/b49665h/entservices-infra-786/Migration/Module.cpp
2025-11-28 08:24:45,249 - Knowledge - INFO - Fast-tracked /Users/veera/Documents/kavia-backend/graphnode-backend-api/data/rdk7542/786/b49665h/entservices-infra-786/Migration/Module.cpp (ext=.cpp, size=763)
2025-11-28 08:24:45,249 - Knowledge - INFO - Worker kw16 processing /Users/veera/Documents/kavia-backend/graphnode-backend-api/data/rdk7542/786/b49665h/entservices-infra-786/Migration/Migration.h
2025-11-28 08:24:45,251 - Knowledge - INFO - Worker kw16 processing /Users/veera/Documents/kavia-backend/graphnode-backend-api/data/rdk7542/786/b49665h/entservices-infra-786/Migration/README.md
2025-11-28 08:24:45,251 - Knowledge - INFO - Fast-tracked /Users/veera/Documents/kavia-backend/graphnode-backend-api/data/rdk7542/786/b49665h/entservices-infra-786/Migration/README.md (ext=.md, size=1131)
2025-11-28 08:24:45,251 - Knowledge - INFO - Worker kw16 processing /Users/veera/Documents/kavia-backend/graphnode-backend-api/data/rdk7542/786/b49665h/entservices-infra-786/Migration/MigrationImplementation.cpp
2025-11-28 08:24:45,252 - Knowledge - INFO - Worker kw16 processing /Users/veera/Documents/kavia-backend/graphnode-backend-api/data/rdk7542/786/b49665h/entservices-infra-786/Migration/MigrationImplementation.h
2025-11-28 08:24:45,258 - Knowledge - INFO - Fast-tracked /Users/veera/Documents/kavia-backend/graphnode-backend-api/data/rdk7542/786/b49665h/entservices-infra-786/Migration/MigrationImplementation.h (ext=.h, size=1936)
2025-11-28 08:24:45,258 - Knowledge - INFO - Worker kw16 processing /Users/veera/Documents/kavia-backend/graphnode-backend-api/data/rdk7542/786/b49665h/entservices-infra-786/Migration/Module.h
2025-11-28 08:24:45,270 - Knowledge - INFO - Fast-tracked /Users/veera/Documents/kavia-backend/graphnode-backend-api/data/rdk7542/786/b49665h/entservices-infra-786/Migration/Module.h (ext=.h, size=872)
2025-11-28 08:24:45,270 - Knowledge - INFO - Worker kw16 processing /Users/veera/Documents/kavia-backend/graphnode-backend-api/data/rdk7542/786/b49665h/entservices-infra-786/RuntimeManager/AIConfiguration.h
2025-11-28 08:24:45,272 - Knowledge - INFO - Worker kw16 processing /Users/veera/Documents/kavia-backend/graphnode-backend-api/data/rdk7542/786/b49665h/entservices-infra-786/RuntimeManager/AIConfiguration.cpp
2025-11-28 08:24:45,306 - Knowledge - INFO - Worker kw16 processing /Users/veera/Documents/kavia-backend/graphnode-backend-api/data/rdk7542/786/b49665h/entservices-infra-786/RuntimeManager/CMakeLists.txt
2025-11-28 08:24:45,322 - Knowledge - INFO - Fast-tracked /Users/veera/Documents/kavia-backend/graphnode-backend-api/data/rdk7542/786/b49665h/entservices-infra-786/RuntimeManager/CMakeLists.txt (ext=.txt, size=4915)
2025-11-28 08:24:45,323 - Knowledge - INFO - Worker kw16 processing /Users/veera/Documents/kavia-backend/graphnode-backend-api/data/rdk7542/786/b49665h/entservices-infra-786/RuntimeManager/CHANGELOG.md
2025-11-28 08:24:45,323 - Knowledge - INFO - Fast-tracked /Users/veera/Documents/kavia-backend/graphnode-backend-api/data/rdk7542/786/b49665h/entservices-infra-786/RuntimeManager/CHANGELOG.md (ext=.md, size=1015)
2025-11-28 08:24:45,323 - Knowledge - INFO - Worker kw16 processing /Users/veera/Documents/kavia-backend/graphnode-backend-api/data/rdk7542/786/b49665h/entservices-infra-786/RuntimeManager/Module.cpp
2025-11-28 08:24:45,323 - Knowledge - INFO - Fast-tracked /Users/veera/Documents/kavia-backend/graphnode-backend-api/data/rdk7542/786/b49665h/entservices-infra-786/RuntimeManager/Module.cpp (ext=.cpp, size=765)
2025-11-28 08:24:45,323 - Knowledge - INFO - Worker kw16 processing /Users/veera/Documents/kavia-backend/graphnode-backend-api/data/rdk7542/786/b49665h/entservices-infra-786/RuntimeManager/DobbyEventListener.h
2025-11-28 08:24:45,358 - Knowledge - INFO - Fast-tracked /Users/veera/Documents/kavia-backend/graphnode-backend-api/data/rdk7542/786/b49665h/entservices-infra-786/Migration/Migration.h (small file (2224 bytes))
2025-11-28 08:24:45,634 - Knowledge - INFO - Processing batch of 15 files
2025-11-28 08:24:45,634 - Knowledge - INFO - process ingested knowledge for /Users/veera/Documents/kavia-backend/graphnode-backend-api/data/rdk7542/786/b49665h/entservices-infra-786/StorageManager/README.md
2025-11-28 08:24:45,635 - Knowledge - INFO - process ingested knowledge for /Users/veera/Documents/kavia-backend/graphnode-backend-api/data/rdk7542/786/b49665h/entservices-infra-786/StorageManager/StorageManager.cpp
2025-11-28 08:24:45,635 - Knowledge - INFO - process ingested knowledge for /Users/veera/Documents/kavia-backend/graphnode-backend-api/data/rdk7542/786/b49665h/entservices-infra-786/StorageManager/Module.h
2025-11-28 08:24:45,635 - Knowledge - INFO - process ingested knowledge for /Users/veera/Documents/kavia-backend/graphnode-backend-api/data/rdk7542/786/b49665h/entservices-infra-786/LifecycleManager/StateTransitionHandler.h
2025-11-28 08:24:45,635 - Knowledge - INFO - process ingested knowledge for /Users/veera/Documents/kavia-backend/graphnode-backend-api/data/rdk7542/786/b49665h/entservices-infra-786/LifecycleManager/StateHandler.cpp
2025-11-28 08:24:45,635 - Knowledge - INFO - process ingested knowledge for /Users/veera/Documents/kavia-backend/graphnode-backend-api/data/rdk7542/786/b49665h/entservices-infra-786/LifecycleManager/RequestHandler.h
2025-11-28 08:24:45,635 - Knowledge - INFO - process ingested knowledge for /Users/veera/Documents/kavia-backend/graphnode-backend-api/data/rdk7542/786/b49665h/entservices-infra-786/LifecycleManager/LifecycleManagerImplementation.h
2025-11-28 08:24:45,635 - Knowledge - INFO - process ingested knowledge for /Users/veera/Documents/kavia-backend/graphnode-backend-api/data/rdk7542/786/b49665h/entservices-infra-786/LifecycleManager/CMakeLists.txt
2025-11-28 08:24:45,635 - Knowledge - INFO - process ingested knowledge for /Users/veera/Documents/kavia-backend/graphnode-backend-api/data/rdk7542/786/b49665h/entservices-infra-786/LifecycleManager/RequestHandler.cpp
2025-11-28 08:24:45,635 - Knowledge - INFO - process ingested knowledge for /Users/veera/Documents/kavia-backend/graphnode-backend-api/data/rdk7542/786/b49665h/entservices-infra-786/LifecycleManager/CHANGELOG.md
2025-11-28 08:24:45,635 - Knowledge - INFO - process ingested knowledge for /Users/veera/Documents/kavia-backend/graphnode-backend-api/data/rdk7542/786/b49665h/entservices-infra-786/LifecycleManager/Module.cpp
2025-11-28 08:24:45,635 - Knowledge - INFO - process ingested knowledge for /Users/veera/Documents/kavia-backend/graphnode-backend-api/data/rdk7542/786/b49665h/entservices-infra-786/LifecycleManager/LifecycleManager.h
2025-11-28 08:24:45,635 - Knowledge - INFO - process ingested knowledge for /Users/veera/Documents/kavia-backend/graphnode-backend-api/data/rdk7542/786/b49665h/entservices-infra-786/LifecycleManager/State.cpp
2025-11-28 08:24:45,635 - Knowledge - INFO - process ingested knowledge for /Users/veera/Documents/kavia-backend/graphnode-backend-api/data/rdk7542/786/b49665h/entservices-infra-786/LifecycleManager/StateTransitionHandler.cpp
2025-11-28 08:24:45,635 - Knowledge - INFO - process ingested knowledge for /Users/veera/Documents/kavia-backend/graphnode-backend-api/data/rdk7542/786/b49665h/entservices-infra-786/LifecycleManager/StateTransitionRequest.h
2025-11-28 08:24:45,716 - Knowledge - INFO - Fast-tracked /Users/veera/Documents/kavia-backend/graphnode-backend-api/data/rdk7542/786/b49665h/entservices-infra-786/RuntimeManager/DobbyEventListener.h (small file (2683 bytes))
2025-11-28 08:24:45,718 - Knowledge - INFO - Async storage completed for 12 embeddings
2025-11-28 08:24:46,303 - Knowledge - INFO - [LLM_CALL] Completed: WebBridgeSDK.js:chunk1, Duration: 16631ms, PromptTokens: 3936, CompletionTokens: 635, Cost: $0.00065
2025-11-28 08:24:46,304 - Knowledge - INFO - done ingest for /Users/veera/Documents/kavia-backend/graphnode-backend-api/data/rdk7542/786/b49665h/entservices-infra-786/WebBridge/js/WebBridgeSDK.js
2025-11-28 08:24:46,801 - Knowledge - INFO - [LLM_CALL] Completed: SettingsDelegate.h:chunk1, Duration: 45729ms, PromptTokens: 2252, CompletionTokens: 433, Cost: $0.00040
2025-11-28 08:24:46,801 - Knowledge - INFO - done ingest for /Users/veera/Documents/kavia-backend/graphnode-backend-api/data/rdk7542/786/b49665h/entservices-infra-786/FbSettings/delegate/SettingsDelegate.h
2025-11-28 08:24:46,959 - Knowledge - INFO - [LLM_CALL] Completed: AppManager.h:chunk1, Duration: 46528ms, PromptTokens: 2910, CompletionTokens: 634, Cost: $0.00054
2025-11-28 08:24:46,967 - Knowledge - INFO - done ingest for /Users/veera/Documents/kavia-backend/graphnode-backend-api/data/rdk7542/786/b49665h/entservices-infra-786/AppManager/AppManager.h
2025-11-28 08:24:46,967 - Knowledge - INFO - [LLM_CALL] Completed: NetworkDelegate.h:chunk1, Duration: 45707ms, PromptTokens: 5040, CompletionTokens: 492, Cost: $0.00070
2025-11-28 08:24:46,972 - Knowledge - INFO - done ingest for /Users/veera/Documents/kavia-backend/graphnode-backend-api/data/rdk7542/786/b49665h/entservices-infra-786/FbSettings/delegate/NetworkDelegate.h
2025-11-28 08:24:47,855 - Knowledge - INFO - [LLM_CALL] Completed: PackageManagerImplementation.h:chunk1, Duration: 45596ms, PromptTokens: 5938, CompletionTokens: 1161, Cost: $0.00106
2025-11-28 08:24:47,864 - Knowledge - INFO - done ingest for /Users/veera/Documents/kavia-backend/graphnode-backend-api/data/rdk7542/786/b49665h/entservices-infra-786/PackageManager/PackageManagerImplementation.h
2025-11-28 08:24:47,927 - Knowledge - INFO - [LLM_CALL] Completed: AppManagerImplementation.h:chunk1, Duration: 47463ms, PromptTokens: 5698, CompletionTokens: 1364, Cost: $0.00112
2025-11-28 08:24:47,968 - Knowledge - INFO - done ingest for /Users/veera/Documents/kavia-backend/graphnode-backend-api/data/rdk7542/786/b49665h/entservices-infra-786/AppManager/AppManagerImplementation.h
2025-11-28 08:24:48,530 - Knowledge - INFO - [LLM_CALL] Completed: AppManagerTelemetryReporting.cpp:chunk1, Duration: 48010ms, PromptTokens: 5136, CompletionTokens: 765, Cost: $0.00082
2025-11-28 08:24:48,532 - Knowledge - INFO - done ingest for /Users/veera/Documents/kavia-backend/graphnode-backend-api/data/rdk7542/786/b49665h/entservices-infra-786/AppManager/AppManagerTelemetryReporting.cpp
2025-11-28 08:24:49,442 - Knowledge - INFO - [LLM_CALL] Completed: SharedStorageImplementation.cpp:chunk1, Duration: 48813ms, PromptTokens: 7796, CompletionTokens: 944, Cost: $0.00116
2025-11-28 08:24:49,442 - Knowledge - INFO - done ingest for /Users/veera/Documents/kavia-backend/graphnode-backend-api/data/rdk7542/786/b49665h/entservices-infra-786/SharedStorage/SharedStorageImplementation.cpp
2025-11-28 08:24:50,324 - Knowledge - INFO - [LLM_CALL] Completed: PersistentStoreJsonRpc.cpp:chunk1, Duration: 48794ms, PromptTokens: 4386, CompletionTokens: 1017, Cost: $0.00085
2025-11-28 08:24:51,178 - Knowledge - INFO - done ingest for /Users/veera/Documents/kavia-backend/graphnode-backend-api/data/rdk7542/786/b49665h/entservices-infra-786/PersistentStore/PersistentStoreJsonRpc.cpp
2025-11-28 08:24:51,762 - Knowledge - INFO - [LLM_CALL] Completed: SharedStorageImplementation.h:chunk1, Duration: 50347ms, PromptTokens: 3870, CompletionTokens: 980, Cost: $0.00078
2025-11-28 08:24:51,762 - Knowledge - INFO - done ingest for /Users/veera/Documents/kavia-backend/graphnode-backend-api/data/rdk7542/786/b49665h/entservices-infra-786/SharedStorage/SharedStorageImplementation.h
2025-11-28 08:24:51,880 - Knowledge - INFO - [LLM_CALL] Completed: SharedStorage.cpp:chunk1, Duration: 50928ms, PromptTokens: 3040, CompletionTokens: 735, Cost: $0.00060
2025-11-28 08:24:51,880 - Knowledge - INFO - done ingest for /Users/veera/Documents/kavia-backend/graphnode-backend-api/data/rdk7542/786/b49665h/entservices-infra-786/SharedStorage/SharedStorage.cpp
2025-11-28 08:24:52,218 - Knowledge - INFO - [LLM_CALL] Completed: MigrationImplementation.cpp:chunk1, Duration: 6846ms, PromptTokens: 3480, CompletionTokens: 356, Cost: $0.00049
2025-11-28 08:24:52,219 - Knowledge - INFO - done ingest for /Users/veera/Documents/kavia-backend/graphnode-backend-api/data/rdk7542/786/b49665h/entservices-infra-786/Migration/MigrationImplementation.cpp
2025-11-28 08:24:53,033 - Knowledge - INFO - [LLM_CALL] Completed: ServiceMock.h:chunk1, Duration: 51580ms, PromptTokens: 2716, CompletionTokens: 1220, Cost: $0.00076
2025-11-28 08:24:53,037 - Knowledge - INFO - done ingest for /Users/veera/Documents/kavia-backend/graphnode-backend-api/data/rdk7542/786/b49665h/entservices-infra-786/PersistentStore/l1test/ServiceMock.h
2025-11-28 08:24:53,222 - Knowledge - INFO - done ingest for /Users/veera/Documents/kavia-backend/graphnode-backend-api/data/rdk7542/786/b49665h/entservices-infra-786/PersistentStore/l0test/ServiceMock.h
2025-11-28 08:24:53,556 - Knowledge - INFO - [LLM_CALL] Completed: PersistentStoreTest.cpp:chunk1, Duration: 52375ms, PromptTokens: 10472, CompletionTokens: 1311, Cost: $0.00157
2025-11-28 08:24:53,556 - Knowledge - INFO - done ingest for /Users/veera/Documents/kavia-backend/graphnode-backend-api/data/rdk7542/786/b49665h/entservices-infra-786/PersistentStore/l0test/PersistentStoreTest.cpp
2025-11-28 08:24:53,570 - Knowledge - INFO - [WEBSOCKET] Sent: Type=progress_update, Size: 293, Duration: 0ms
2025-11-28 08:24:53,571 - Knowledge - INFO - [WEBSOCKET] Sent: Type=unknown, Size: ?, Duration: 1ms
2025-11-28 08:24:53,571 - Knowledge - INFO - Progress: 29.1% | Files: 140/474 | Rate: 2.57 files/sec | Queue: 102
2025-11-28 08:24:53,571 - Knowledge - INFO - [kw6] Queue=102, InProgress=0, PendingWorkers=20/20, Completed=140/474 (29.5%)
2025-11-28 08:24:53,571 - Knowledge - INFO - Batch sizing: calculated=12, max_allowed=25, queue=102, active_workers=20/20
2025-11-28 08:24:53,571 - Knowledge - INFO - Async storing batch of 15 embeddings
2025-11-28 08:24:53,586 - Knowledge - INFO - Worker kw6 processing /Users/veera/Documents/kavia-backend/graphnode-backend-api/data/rdk7542/786/b49665h/entservices-infra-786/RuntimeManager/DobbySpecGenerator.h
2025-11-28 08:24:53,623 - Knowledge - INFO - Worker kw6 processing /Users/veera/Documents/kavia-backend/graphnode-backend-api/data/rdk7542/786/b49665h/entservices-infra-786/RuntimeManager/WindowManagerConnector.cpp
2025-11-28 08:24:53,623 - Knowledge - INFO - Worker kw6 processing /Users/veera/Documents/kavia-backend/graphnode-backend-api/data/rdk7542/786/b49665h/entservices-infra-786/RuntimeManager/README.md
2025-11-28 08:24:53,623 - Knowledge - INFO - Fast-tracked /Users/veera/Documents/kavia-backend/graphnode-backend-api/data/rdk7542/786/b49665h/entservices-infra-786/RuntimeManager/README.md (ext=.md, size=142)
2025-11-28 08:24:53,624 - Knowledge - INFO - Worker kw6 processing /Users/veera/Documents/kavia-backend/graphnode-backend-api/data/rdk7542/786/b49665h/entservices-infra-786/RuntimeManager/DobbySpecGenerator.cpp
2025-11-28 08:24:53,628 - Knowledge - INFO - Worker kw6 processing /Users/veera/Documents/kavia-backend/graphnode-backend-api/data/rdk7542/786/b49665h/entservices-infra-786/RuntimeManager/UserIdManager.h
2025-11-28 08:24:53,629 - Knowledge - INFO - Fast-tracked /Users/veera/Documents/kavia-backend/graphnode-backend-api/data/rdk7542/786/b49665h/entservices-infra-786/RuntimeManager/UserIdManager.h (ext=.h, size=822)
2025-11-28 08:24:53,629 - Knowledge - INFO - Worker kw6 processing /Users/veera/Documents/kavia-backend/graphnode-backend-api/data/rdk7542/786/b49665h/entservices-infra-786/RuntimeManager/RuntimeManager.h
2025-11-28 08:24:53,629 - Knowledge - INFO - Worker kw6 processing /Users/veera/Documents/kavia-backend/graphnode-backend-api/data/rdk7542/786/b49665h/entservices-infra-786/RuntimeManager/RuntimeManager.cpp
2025-11-28 08:24:53,630 - Knowledge - INFO - Worker kw6 processing /Users/veera/Documents/kavia-backend/graphnode-backend-api/data/rdk7542/786/b49665h/entservices-infra-786/RuntimeManager/ApplicationConfiguration.h
2025-11-28 08:24:53,638 - Knowledge - INFO - Fast-tracked /Users/veera/Documents/kavia-backend/graphnode-backend-api/data/rdk7542/786/b49665h/entservices-infra-786/RuntimeManager/ApplicationConfiguration.h (ext=.h, size=1741)
2025-11-28 08:24:53,638 - Knowledge - INFO - Worker kw6 processing /Users/veera/Documents/kavia-backend/graphnode-backend-api/data/rdk7542/786/b49665h/entservices-infra-786/RuntimeManager/RuntimeManagerImplementation.h
2025-11-28 08:24:53,639 - Knowledge - INFO - Worker kw6 processing /Users/veera/Documents/kavia-backend/graphnode-backend-api/data/rdk7542/786/b49665h/entservices-infra-786/RuntimeManager/UserIdManager.cpp
2025-11-28 08:24:53,645 - Knowledge - INFO - Fast-tracked /Users/veera/Documents/kavia-backend/graphnode-backend-api/data/rdk7542/786/b49665h/entservices-infra-786/RuntimeManager/UserIdManager.cpp (ext=.cpp, size=1647)
2025-11-28 08:24:53,645 - Knowledge - INFO - Worker kw6 processing /Users/veera/Documents/kavia-backend/graphnode-backend-api/data/rdk7542/786/b49665h/entservices-infra-786/RuntimeManager/WindowManagerConnector.h
2025-11-28 08:24:53,646 - Knowledge - INFO - Worker kw6 processing /Users/veera/Documents/kavia-backend/graphnode-backend-api/data/rdk7542/786/b49665h/entservices-infra-786/RuntimeManager/RuntimeManagerImplementation.cpp
2025-11-28 08:24:54,006 - Knowledge - INFO - Processing batch of 12 files
2025-11-28 08:24:54,015 - Knowledge - INFO - process ingested knowledge for /Users/veera/Documents/kavia-backend/graphnode-backend-api/data/rdk7542/786/b49665h/entservices-infra-786/UserSettings/UserSettings.cpp
2025-11-28 08:24:54,286 - Knowledge - INFO - process ingested knowledge for /Users/veera/Documents/kavia-backend/graphnode-backend-api/data/rdk7542/786/b49665h/entservices-infra-786/UserSettings/UserSettings.h
2025-11-28 08:24:54,286 - Knowledge - INFO - process ingested knowledge for /Users/veera/Documents/kavia-backend/graphnode-backend-api/data/rdk7542/786/b49665h/entservices-infra-786/UserSettings/Module.h
2025-11-28 08:24:54,286 - Knowledge - INFO - process ingested knowledge for /Users/veera/Documents/kavia-backend/graphnode-backend-api/data/rdk7542/786/b49665h/entservices-infra-786/CONTRIBUTING.md
2025-11-28 08:24:54,286 - Knowledge - INFO - process ingested knowledge for /Users/veera/Documents/kavia-backend/graphnode-backend-api/data/rdk7542/786/b49665h/entservices-infra-786/MessageControl/MessageControlImplementation.cpp
2025-11-28 08:24:54,286 - Knowledge - INFO - process ingested knowledge for /Users/veera/Documents/kavia-backend/graphnode-backend-api/data/rdk7542/786/b49665h/entservices-infra-786/MessageControl/CMakeLists.txt
2025-11-28 08:24:54,287 - Knowledge - INFO - process ingested knowledge for /Users/veera/Documents/kavia-backend/graphnode-backend-api/data/rdk7542/786/b49665h/entservices-infra-786/MessageControl/CHANGELOG.md
2025-11-28 08:24:54,287 - Knowledge - INFO - process ingested knowledge for /Users/veera/Documents/kavia-backend/graphnode-backend-api/data/rdk7542/786/b49665h/entservices-infra-786/MessageControl/Module.cpp
2025-11-28 08:24:54,287 - Knowledge - INFO - process ingested knowledge for /Users/veera/Documents/kavia-backend/graphnode-backend-api/data/rdk7542/786/b49665h/entservices-infra-786/MessageControl/MessageOutput.cpp
2025-11-28 08:24:54,287 - Knowledge - INFO - process ingested knowledge for /Users/veera/Documents/kavia-backend/graphnode-backend-api/data/rdk7542/786/b49665h/entservices-infra-786/MessageControl/MessageControl.cpp
2025-11-28 08:24:54,287 - Knowledge - INFO - process ingested knowledge for /Users/veera/Documents/kavia-backend/graphnode-backend-api/data/rdk7542/786/b49665h/entservices-infra-786/MessageControl/MessageOutput.h
2025-11-28 08:24:54,287 - Knowledge - INFO - process ingested knowledge for /Users/veera/Documents/kavia-backend/graphnode-backend-api/data/rdk7542/786/b49665h/entservices-infra-786/MessageControl/Module.h
2025-11-28 08:24:54,850 - Knowledge - INFO - Fast-tracked /Users/veera/Documents/kavia-backend/graphnode-backend-api/data/rdk7542/786/b49665h/entservices-infra-786/RuntimeManager/RuntimeManager.h (small file (2204 bytes))
2025-11-28 08:24:54,970 - Knowledge - INFO - [LLM_CALL] Completed: USBMassStorageImplementation.h:chunk1, Duration: 53484ms, PromptTokens: 3812, CompletionTokens: 867, Cost: $0.00073
2025-11-28 08:24:54,985 - Knowledge - INFO - done ingest for /Users/veera/Documents/kavia-backend/graphnode-backend-api/data/rdk7542/786/b49665h/entservices-infra-786/USBMassStorage/USBMassStorageImplementation.h
2025-11-28 08:24:54,985 - Knowledge - INFO - Processing batch of 15 files
2025-11-28 08:24:55,009 - Knowledge - INFO - process ingested knowledge for /Users/veera/Documents/kavia-backend/graphnode-backend-api/data/rdk7542/786/b49665h/entservices-infra-786/OCIContainer/test/DobbySpecs/sleepy.json
2025-11-28 08:24:55,015 - Knowledge - INFO - [LLM_CALL] Completed: RDKWindowManager.h:chunk1, Duration: 16679ms, PromptTokens: 2332, CompletionTokens: 410, Cost: $0.00040
2025-11-28 08:24:55,015 - Knowledge - INFO - done ingest for /Users/veera/Documents/kavia-backend/graphnode-backend-api/data/rdk7542/786/b49665h/entservices-infra-786/RDKWindowManager/RDKWindowManager.h
2025-11-28 08:24:55,242 - Knowledge - INFO - [LLM_CALL] Completed: RDKWindowManager.cpp:chunk1, Duration: 17968ms, PromptTokens: 3786, CompletionTokens: 627, Cost: $0.00063
2025-11-28 08:24:55,244 - Knowledge - INFO - done ingest for /Users/veera/Documents/kavia-backend/graphnode-backend-api/data/rdk7542/786/b49665h/entservices-infra-786/RDKWindowManager/RDKWindowManager.cpp
2025-11-28 08:24:55,450 - Knowledge - INFO - [LLM_CALL] Completed: TelemetryImplementation.cpp:chunk1, Duration: 15546ms, PromptTokens: 9342, CompletionTokens: 780, Cost: $0.00125
2025-11-28 08:24:55,451 - Knowledge - INFO - done ingest for /Users/veera/Documents/kavia-backend/graphnode-backend-api/data/rdk7542/786/b49665h/entservices-infra-786/Telemetry/TelemetryImplementation.cpp
2025-11-28 08:24:55,503 - Knowledge - INFO - Fast-tracked /Users/veera/Documents/kavia-backend/graphnode-backend-api/data/rdk7542/786/b49665h/entservices-infra-786/RuntimeManager/WindowManagerConnector.h (small file (2853 bytes))
2025-11-28 08:24:55,710 - Knowledge - INFO - [LLM_CALL] Completed: CloudStoreTest.cpp:chunk1, Duration: 54238ms, PromptTokens: 4514, CompletionTokens: 679, Cost: $0.00072
2025-11-28 08:24:55,711 - Knowledge - INFO - done ingest for /Users/veera/Documents/kavia-backend/graphnode-backend-api/data/rdk7542/786/b49665h/entservices-infra-786/CloudStore/l0test/CloudStoreTest.cpp
2025-11-28 08:24:55,736 - Knowledge - INFO - process ingested knowledge for /Users/veera/Documents/kavia-backend/graphnode-backend-api/data/rdk7542/786/b49665h/entservices-infra-786/OCIContainer/test/DobbySpecs/wget.json
2025-11-28 08:24:55,839 - Knowledge - INFO - Async storage completed for 15 embeddings
2025-11-28 08:24:55,940 - Knowledge - INFO - [LLM_CALL] Completed: CloudStoreImplementationMock.h:chunk1, Duration: 54740ms, PromptTokens: 2506, CompletionTokens: 755, Cost: $0.00055
2025-11-28 08:24:55,941 - Knowledge - INFO - done ingest for /Users/veera/Documents/kavia-backend/graphnode-backend-api/data/rdk7542/786/b49665h/entservices-infra-786/CloudStore/l0test/CloudStoreImplementationMock.h
2025-11-28 08:24:55,995 - Knowledge - INFO - [LLM_CALL] Completed: CloudStore.cpp:chunk1, Duration: 54225ms, PromptTokens: 2934, CompletionTokens: 642, Cost: $0.00055
2025-11-28 08:24:55,996 - Knowledge - INFO - done ingest for /Users/veera/Documents/kavia-backend/graphnode-backend-api/data/rdk7542/786/b49665h/entservices-infra-786/CloudStore/CloudStore.cpp
2025-11-28 08:24:55,996 - Knowledge - INFO - process ingested knowledge for /Users/veera/Documents/kavia-backend/graphnode-backend-api/data/rdk7542/786/b49665h/entservices-infra-786/OCIContainer/test/ociContainerTest.sh
2025-11-28 08:24:56,342 - Knowledge - INFO - process ingested knowledge for /Users/veera/Documents/kavia-backend/graphnode-backend-api/data/rdk7542/786/b49665h/entservices-infra-786/OCIContainer/CHANGELOG.md
2025-11-28 08:24:56,350 - Knowledge - INFO - done ingest for /Users/veera/Documents/kavia-backend/graphnode-backend-api/data/rdk7542/786/b49665h/entservices-infra-786/CloudStore/l0test/ServiceMock.h
2025-11-28 08:24:56,357 - Knowledge - INFO - process ingested knowledge for /Users/veera/Documents/kavia-backend/graphnode-backend-api/data/rdk7542/786/b49665h/entservices-infra-786/OCIContainer/Module.cpp
2025-11-28 08:24:56,371 - Knowledge - INFO - process ingested knowledge for /Users/veera/Documents/kavia-backend/graphnode-backend-api/data/rdk7542/786/b49665h/entservices-infra-786/OCIContainer/OCIContainerImplementation.h
2025-11-28 08:24:56,379 - Knowledge - INFO - process ingested knowledge for /Users/veera/Documents/kavia-backend/graphnode-backend-api/data/rdk7542/786/b49665h/entservices-infra-786/OCIContainer/OCIContainerImplementation.cpp
2025-11-28 08:24:56,379 - Knowledge - INFO - process ingested knowledge for /Users/veera/Documents/kavia-backend/graphnode-backend-api/data/rdk7542/786/b49665h/entservices-infra-786/OCIContainer/OCIContainer.cpp
2025-11-28 08:24:56,379 - Knowledge - INFO - process ingested knowledge for /Users/veera/Documents/kavia-backend/graphnode-backend-api/data/rdk7542/786/b49665h/entservices-infra-786/OCIContainer/README.md
2025-11-28 08:24:56,379 - Knowledge - INFO - process ingested knowledge for /Users/veera/Documents/kavia-backend/graphnode-backend-api/data/rdk7542/786/b49665h/entservices-infra-786/OCIContainer/DobbyInterface.cpp
2025-11-28 08:24:56,379 - Knowledge - INFO - process ingested knowledge for /Users/veera/Documents/kavia-backend/graphnode-backend-api/data/rdk7542/786/b49665h/entservices-infra-786/OCIContainer/OCIContainer.h
2025-11-28 08:24:56,379 - Knowledge - INFO - process ingested knowledge for /Users/veera/Documents/kavia-backend/graphnode-backend-api/data/rdk7542/786/b49665h/entservices-infra-786/OCIContainer/Module.h
2025-11-28 08:24:56,379 - Knowledge - INFO - process ingested knowledge for /Users/veera/Documents/kavia-backend/graphnode-backend-api/data/rdk7542/786/b49665h/entservices-infra-786/OCIContainer/IEventHandler.h
2025-11-28 08:24:56,379 - Knowledge - INFO - process ingested knowledge for /Users/veera/Documents/kavia-backend/graphnode-backend-api/data/rdk7542/786/b49665h/entservices-infra-786/NativeJS/NativeJSPlugin.h
2025-11-28 08:24:56,379 - Knowledge - INFO - process ingested knowledge for /Users/veera/Documents/kavia-backend/graphnode-backend-api/data/rdk7542/786/b49665h/entservices-infra-786/NativeJS/NativeJSImplementation.h
2025-11-28 08:24:56,936 - Knowledge - INFO - [LLM_CALL] Completed: Telemetry.h:chunk1, Duration: 12781ms, PromptTokens: 2286, CompletionTokens: 424, Cost: $0.00040
2025-11-28 08:24:56,936 - Knowledge - INFO - done ingest for /Users/veera/Documents/kavia-backend/graphnode-backend-api/data/rdk7542/786/b49665h/entservices-infra-786/Telemetry/Telemetry.h
2025-11-28 08:24:57,017 - Knowledge - INFO - [kw2] Queue=90, InProgress=0, PendingWorkers=20/20, Completed=150/474 (31.6%)
2025-11-28 08:24:57,022 - Knowledge - INFO - Batch sizing: calculated=10, max_allowed=25, queue=90, active_workers=20/20
2025-11-28 08:24:57,475 - Knowledge - INFO - Async storing batch of 15 embeddings
2025-11-28 08:24:57,511 - Knowledge - INFO - [LLM_CALL] Completed: SceneSet.cpp:chunk1, Duration: 13265ms, PromptTokens: 2878, CompletionTokens: 628, Cost: $0.00054
2025-11-28 08:24:57,517 - Knowledge - INFO - done ingest for /Users/veera/Documents/kavia-backend/graphnode-backend-api/data/rdk7542/786/b49665h/entservices-infra-786/SceneSet/SceneSet.cpp
2025-11-28 08:24:57,613 - Knowledge - INFO - [LLM_CALL] Completed: Migration.cpp:chunk1, Duration: 13115ms, PromptTokens: 2824, CompletionTokens: 570, Cost: $0.00051
2025-11-28 08:24:57,617 - Knowledge - INFO - done ingest for /Users/veera/Documents/kavia-backend/graphnode-backend-api/data/rdk7542/786/b49665h/entservices-infra-786/Migration/Migration.cpp
2025-11-28 08:24:57,928 - Knowledge - INFO - Worker kw2 processing /Users/veera/Documents/kavia-backend/graphnode-backend-api/data/rdk7542/786/b49665h/entservices-infra-786/RuntimeManager/Module.h
2025-11-28 08:24:58,029 - Knowledge - INFO - Fast-tracked /Users/veera/Documents/kavia-backend/graphnode-backend-api/data/rdk7542/786/b49665h/entservices-infra-786/RuntimeManager/Module.h (ext=.h, size=878)
2025-11-28 08:24:58,045 - Knowledge - INFO - Worker kw2 processing /Users/veera/Documents/kavia-backend/graphnode-backend-api/data/rdk7542/786/b49665h/entservices-infra-786/RuntimeManager/RialtoConnector.h
2025-11-28 08:24:58,050 - Knowledge - INFO - Worker kw2 processing /Users/veera/Documents/kavia-backend/graphnode-backend-api/data/rdk7542/786/b49665h/entservices-infra-786/RuntimeManager/RialtoConnector.cpp
2025-11-28 08:24:58,051 - Knowledge - INFO - Worker kw2 processing /Users/veera/Documents/kavia-backend/graphnode-backend-api/data/rdk7542/786/b49665h/entservices-infra-786/RuntimeManager/DobbyEventListener.cpp
2025-11-28 08:24:58,064 - Knowledge - INFO - Worker kw2 processing /Users/veera/Documents/kavia-backend/graphnode-backend-api/data/rdk7542/786/b49665h/entservices-infra-786/RuntimeManager/IEventHandler.h
2025-11-28 08:24:58,064 - Knowledge - INFO - Fast-tracked /Users/veera/Documents/kavia-backend/graphnode-backend-api/data/rdk7542/786/b49665h/entservices-infra-786/RuntimeManager/IEventHandler.h (ext=.h, size=1308)
2025-11-28 08:24:58,064 - Knowledge - INFO - Worker kw2 processing /Users/veera/Documents/kavia-backend/graphnode-backend-api/data/rdk7542/786/b49665h/entservices-infra-786/helpers/UtilsJsonrpcDirectLink.h
2025-11-28 08:24:58,069 - Knowledge - INFO - Worker kw2 processing /Users/veera/Documents/kavia-backend/graphnode-backend-api/data/rdk7542/786/b49665h/entservices-infra-786/helpers/UtilsJsonRpc.h
2025-11-28 08:24:58,070 - Knowledge - INFO - Worker kw2 processing /Users/veera/Documents/kavia-backend/graphnode-backend-api/data/rdk7542/786/b49665h/entservices-infra-786/helpers/WebSocketLink.h
2025-11-28 08:24:58,075 - Knowledge - INFO - Worker kw2 processing /Users/veera/Documents/kavia-backend/graphnode-backend-api/data/rdk7542/786/b49665h/entservices-infra-786/helpers/frontpanel.h
2025-11-28 08:24:58,077 - Knowledge - INFO - Worker kw2 processing /Users/veera/Documents/kavia-backend/graphnode-backend-api/data/rdk7542/786/b49665h/entservices-infra-786/helpers/UtilsFirebolt.h
2025-11-28 08:24:58,088 - Knowledge - INFO - Fast-tracked /Users/veera/Documents/kavia-backend/graphnode-backend-api/data/rdk7542/786/b49665h/entservices-infra-786/RuntimeManager/RialtoConnector.h (small file (2424 bytes))
2025-11-28 08:24:58,183 - Knowledge - INFO - [LLM_CALL] Completed: services.cmake:chunk1, Duration: 56653ms, PromptTokens: 3224, CompletionTokens: 482, Cost: $0.00052
2025-11-28 08:24:58,183 - Knowledge - INFO - done ingest for /Users/veera/Documents/kavia-backend/graphnode-backend-api/data/rdk7542/786/b49665h/entservices-infra-786/services.cmake
2025-11-28 08:24:58,213 - Knowledge - INFO - [LLM_CALL] Completed: USBDevice.h:chunk1, Duration: 56784ms, PromptTokens: 2354, CompletionTokens: 473, Cost: $0.00042
2025-11-28 08:24:58,213 - Knowledge - INFO - done ingest for /Users/veera/Documents/kavia-backend/graphnode-backend-api/data/rdk7542/786/b49665h/entservices-infra-786/USBDevice/USBDevice.h
2025-11-28 08:24:59,849 - Knowledge - INFO - [LLM_CALL] Completed: UserSettingsImplementation.cpp:chunk1, Duration: 57965ms, PromptTokens: 17644, CompletionTokens: 1044, Cost: $0.00218
2025-11-28 08:24:59,864 - Knowledge - INFO - done ingest for /Users/veera/Documents/kavia-backend/graphnode-backend-api/data/rdk7542/786/b49665h/entservices-infra-786/UserSettings/UserSettingsImplementation.cpp
2025-11-28 08:25:00,129 - Knowledge - INFO - [LLM_CALL] Completed: USBDeviceImplementation.h:chunk1, Duration: 58911ms, PromptTokens: 3896, CompletionTokens: 897, Cost: $0.00075
2025-11-28 08:25:00,129 - Knowledge - INFO - done ingest for /Users/veera/Documents/kavia-backend/graphnode-backend-api/data/rdk7542/786/b49665h/entservices-infra-786/USBDevice/USBDeviceImplementation.h
2025-11-28 08:25:00,571 - Knowledge - INFO - [LLM_CALL] Completed: AppGatewayResponderImplementation.cpp:chunk1, Duration: 59897ms, PromptTokens: 5442, CompletionTokens: 839, Cost: $0.00088
2025-11-28 08:25:00,576 - Knowledge - INFO - done ingest for /Users/veera/Documents/kavia-backend/graphnode-backend-api/data/rdk7542/786/b49665h/entservices-infra-786/AppGateway/AppGatewayResponderImplementation.cpp
2025-11-28 08:25:00,995 - Knowledge - INFO - [LLM_CALL] Completed: Resolver.cpp:chunk1, Duration: 59291ms, PromptTokens: 5476, CompletionTokens: 1217, Cost: $0.00103
2025-11-28 08:25:01,008 - Knowledge - INFO - Async storage completed for 15 embeddings
2025-11-28 08:25:01,009 - Knowledge - INFO - done ingest for /Users/veera/Documents/kavia-backend/graphnode-backend-api/data/rdk7542/786/b49665h/entservices-infra-786/AppGateway/Resolver.cpp
2025-11-28 08:25:01,388 - Knowledge - INFO - [LLM_CALL] Completed: AppGatewayImplementation.h:chunk1, Duration: 59864ms, PromptTokens: 3592, CompletionTokens: 919, Cost: $0.00073
2025-11-28 08:25:01,389 - Knowledge - INFO - done ingest for /Users/veera/Documents/kavia-backend/graphnode-backend-api/data/rdk7542/786/b49665h/entservices-infra-786/AppGateway/AppGatewayImplementation.h
2025-11-28 08:25:01,654 - Knowledge - INFO - Processing batch of 15 files
2025-11-28 08:25:01,654 - Knowledge - INFO - process ingested knowledge for /Users/veera/Documents/kavia-backend/graphnode-backend-api/data/rdk7542/786/b49665h/entservices-infra-786/ResourceManager/CMakeLists.txt
2025-11-28 08:25:02,022 - Knowledge - INFO - [LLM_CALL] Completed: WebBridge.h:chunk1, Duration: 31956ms, PromptTokens: 5738, CompletionTokens: 1039, Cost: $0.00099
2025-11-28 08:25:02,034 - Knowledge - INFO - done ingest for /Users/veera/Documents/kavia-backend/graphnode-backend-api/data/rdk7542/786/b49665h/entservices-infra-786/WebBridge/WebBridge.h
2025-11-28 08:25:02,049 - Knowledge - INFO - [LLM_CALL] Completed: FbSettings.h:chunk1, Duration: 59662ms, PromptTokens: 3944, CompletionTokens: 1328, Cost: $0.00093
2025-11-28 08:25:02,050 - Knowledge - INFO - done ingest for /Users/veera/Documents/kavia-backend/graphnode-backend-api/data/rdk7542/786/b49665h/entservices-infra-786/FbSettings/FbSettings.h
2025-11-28 08:25:02,443 - Knowledge - INFO - [WEBSOCKET] Sent: Type=progress_update, Size: 290, Duration: 0ms
2025-11-28 08:25:02,445 - Knowledge - INFO - process ingested knowledge for /Users/veera/Documents/kavia-backend/graphnode-backend-api/data/rdk7542/786/b49665h/entservices-infra-786/ResourceManager/CHANGELOG.md
2025-11-28 08:25:02,446 - Knowledge - INFO - [WEBSOCKET] Sent: Type=unknown, Size: ?, Duration: 3ms
2025-11-28 08:25:02,449 - Knowledge - INFO - Progress: 35.4% | Files: 168/474 | Rate: 2.65 files/sec | Queue: 80
2025-11-28 08:25:02,527 - Knowledge - INFO - process ingested knowledge for /Users/veera/Documents/kavia-backend/graphnode-backend-api/data/rdk7542/786/b49665h/entservices-infra-786/ResourceManager/Module.cpp
2025-11-28 08:25:02,528 - Knowledge - INFO - process ingested knowledge for /Users/veera/Documents/kavia-backend/graphnode-backend-api/data/rdk7542/786/b49665h/entservices-infra-786/ResourceManager/README.md
2025-11-28 08:25:02,539 - Knowledge - INFO - [kw8] Queue=80, InProgress=0, PendingWorkers=20/20, Completed=169/474 (35.7%)
2025-11-28 08:25:02,547 - Knowledge - INFO - Batch sizing: calculated=10, max_allowed=25, queue=80, active_workers=20/20
2025-11-28 08:25:02,547 - Knowledge - INFO - process ingested knowledge for /Users/veera/Documents/kavia-backend/graphnode-backend-api/data/rdk7542/786/b49665h/entservices-infra-786/ResourceManager/Module.h
2025-11-28 08:25:02,548 - Knowledge - INFO - process ingested knowledge for /Users/veera/Documents/kavia-backend/graphnode-backend-api/data/rdk7542/786/b49665h/entservices-infra-786/ResourceManager/ResourceManager.cpp
2025-11-28 08:25:02,548 - Knowledge - INFO - process ingested knowledge for /Users/veera/Documents/kavia-backend/graphnode-backend-api/data/rdk7542/786/b49665h/entservices-infra-786/ResourceManager/ResourceManager.h
2025-11-28 08:25:02,559 - Knowledge - INFO - Async storing batch of 12 embeddings
2025-11-28 08:25:02,578 - Knowledge - INFO - Worker kw8 processing /Users/veera/Documents/kavia-backend/graphnode-backend-api/data/rdk7542/786/b49665h/entservices-infra-786/helpers/PowerManagerInterface.h
2025-11-28 08:25:02,579 - Knowledge - INFO - Fast-tracked /Users/veera/Documents/kavia-backend/graphnode-backend-api/data/rdk7542/786/b49665h/entservices-infra-786/helpers/PowerManagerInterface.h (ext=.h, size=1006)
2025-11-28 08:25:02,579 - Knowledge - INFO - Worker kw8 processing /Users/veera/Documents/kavia-backend/graphnode-backend-api/data/rdk7542/786/b49665h/entservices-infra-786/helpers/UtilsBIT.h
2025-11-28 08:25:02,579 - Knowledge - INFO - Fast-tracked /Users/veera/Documents/kavia-backend/graphnode-backend-api/data/rdk7542/786/b49665h/entservices-infra-786/helpers/UtilsBIT.h (ext=.h, size=1312)
2025-11-28 08:25:02,579 - Knowledge - INFO - Worker kw8 processing /Users/veera/Documents/kavia-backend/graphnode-backend-api/data/rdk7542/786/b49665h/entservices-infra-786/helpers/BaseEventDelegate.h
2025-11-28 08:25:02,580 - Knowledge - INFO - Worker kw8 processing /Users/veera/Documents/kavia-backend/graphnode-backend-api/data/rdk7542/786/b49665h/entservices-infra-786/helpers/StreamJSONOneShot.h
2025-11-28 08:25:02,581 - Knowledge - INFO - Worker kw8 processing /Users/veera/Documents/kavia-backend/graphnode-backend-api/data/rdk7542/786/b49665h/entservices-infra-786/helpers/UtilsString.h
2025-11-28 08:25:02,602 - Knowledge - INFO - Worker kw8 processing /Users/veera/Documents/kavia-backend/graphnode-backend-api/data/rdk7542/786/b49665h/entservices-infra-786/helpers/cSettings.h
2025-11-28 08:25:02,605 - Knowledge - INFO - Worker kw8 processing /Users/veera/Documents/kavia-backend/graphnode-backend-api/data/rdk7542/786/b49665h/entservices-infra-786/helpers/UtilsProcess.h
2025-11-28 08:25:02,605 - Knowledge - INFO - process ingested knowledge for /Users/veera/Documents/kavia-backend/graphnode-backend-api/data/rdk7542/786/b49665h/entservices-infra-786/StorageManager/RequestHandler.h
2025-11-28 08:25:02,606 - Knowledge - INFO - Worker kw8 processing /Users/veera/Documents/kavia-backend/graphnode-backend-api/data/rdk7542/786/b49665h/entservices-infra-786/helpers/UtilsSearchRDKProfile.h
2025-11-28 08:25:02,607 - Knowledge - INFO - process ingested knowledge for /Users/veera/Documents/kavia-backend/graphnode-backend-api/data/rdk7542/786/b49665h/entservices-infra-786/StorageManager/StorageManagerImplementation.cpp
2025-11-28 08:25:02,627 - Knowledge - INFO - process ingested knowledge for /Users/veera/Documents/kavia-backend/graphnode-backend-api/data/rdk7542/786/b49665h/entservices-infra-786/StorageManager/CMakeLists.txt
2025-11-28 08:25:02,627 - Knowledge - INFO - Worker kw8 processing /Users/veera/Documents/kavia-backend/graphnode-backend-api/data/rdk7542/786/b49665h/entservices-infra-786/helpers/StringUtils.h
2025-11-28 08:25:02,672 - Knowledge - INFO - Fast-tracked /Users/veera/Documents/kavia-backend/graphnode-backend-api/data/rdk7542/786/b49665h/entservices-infra-786/helpers/StringUtils.h (ext=.h, size=1983)
2025-11-28 08:25:02,672 - Knowledge - INFO - Worker kw8 processing /Users/veera/Documents/kavia-backend/graphnode-backend-api/data/rdk7542/786/b49665h/entservices-infra-786/helpers/tptimer.h
2025-11-28 08:25:02,851 - Knowledge - INFO - process ingested knowledge for /Users/veera/Documents/kavia-backend/graphnode-backend-api/data/rdk7542/786/b49665h/entservices-infra-786/StorageManager/RequestHandler.cpp
2025-11-28 08:25:02,851 - Knowledge - INFO - process ingested knowledge for /Users/veera/Documents/kavia-backend/graphnode-backend-api/data/rdk7542/786/b49665h/entservices-infra-786/StorageManager/CHANGELOG.md
2025-11-28 08:25:02,866 - Knowledge - INFO - process ingested knowledge for /Users/veera/Documents/kavia-backend/graphnode-backend-api/data/rdk7542/786/b49665h/entservices-infra-786/StorageManager/Module.cpp
2025-11-28 08:25:02,866 - Knowledge - INFO - process ingested knowledge for /Users/veera/Documents/kavia-backend/graphnode-backend-api/data/rdk7542/786/b49665h/entservices-infra-786/StorageManager/StorageManager.h
2025-11-28 08:25:02,882 - Knowledge - INFO - process ingested knowledge for /Users/veera/Documents/kavia-backend/graphnode-backend-api/data/rdk7542/786/b49665h/entservices-infra-786/StorageManager/StorageManagerImplementation.h
2025-11-28 08:25:03,237 - Knowledge - INFO - Processing batch of 15 files
2025-11-28 08:25:03,238 - Knowledge - INFO - process ingested knowledge for /Users/veera/Documents/kavia-backend/graphnode-backend-api/data/rdk7542/786/b49665h/entservices-infra-786/AppGateway/resolutions/resolution.base.json
2025-11-28 08:25:03,461 - Knowledge - INFO - Fast-tracked /Users/veera/Documents/kavia-backend/graphnode-backend-api/data/rdk7542/786/b49665h/entservices-infra-786/helpers/UtilsProcess.h (small file (2699 bytes))
2025-11-28 08:25:03,481 - Knowledge - INFO - Fast-tracked /Users/veera/Documents/kavia-backend/graphnode-backend-api/data/rdk7542/786/b49665h/entservices-infra-786/helpers/UtilsSearchRDKProfile.h (small file (2043 bytes))
2025-11-28 08:25:03,486 - Knowledge - INFO - process ingested knowledge for /Users/veera/Documents/kavia-backend/graphnode-backend-api/data/rdk7542/786/b49665h/entservices-infra-786/SharedStorage/SharedStorageImplementation.cpp
2025-11-28 08:25:03,858 - Knowledge - INFO - Async storage completed for 12 embeddings
2025-11-28 08:25:04,426 - Knowledge - INFO - process ingested knowledge for /Users/veera/Documents/kavia-backend/graphnode-backend-api/data/rdk7542/786/b49665h/entservices-infra-786/SharedStorage/CMakeLists.txt
2025-11-28 08:25:04,448 - Knowledge - INFO - process ingested knowledge for /Users/veera/Documents/kavia-backend/graphnode-backend-api/data/rdk7542/786/b49665h/entservices-infra-786/SharedStorage/CHANGELOG.md
2025-11-28 08:25:04,455 - Knowledge - INFO - process ingested knowledge for /Users/veera/Documents/kavia-backend/graphnode-backend-api/data/rdk7542/786/b49665h/entservices-infra-786/SharedStorage/Module.cpp
2025-11-28 08:25:04,467 - Knowledge - INFO - process ingested knowledge for /Users/veera/Documents/kavia-backend/graphnode-backend-api/data/rdk7542/786/b49665h/entservices-infra-786/SharedStorage/SharedStorage.cpp
2025-11-28 08:25:04,467 - Knowledge - INFO - [kw10] Queue=70, InProgress=0, PendingWorkers=20/20, Completed=175/474 (36.9%)
2025-11-28 08:25:04,468 - Knowledge - INFO - process ingested knowledge for /Users/veera/Documents/kavia-backend/graphnode-backend-api/data/rdk7542/786/b49665h/entservices-infra-786/SharedStorage/SharedStorage.h
2025-11-28 08:25:04,481 - Knowledge - INFO - Batch sizing: calculated=10, max_allowed=25, queue=70, active_workers=20/20
2025-11-28 08:25:04,574 - Knowledge - INFO - [LLM_CALL] Completed: LifecycleInterfaceConnector.h:chunk1, Duration: 64134ms, PromptTokens: 3038, CompletionTokens: 1157, Cost: $0.00077
2025-11-28 08:25:04,575 - Knowledge - INFO - done ingest for /Users/veera/Documents/kavia-backend/graphnode-backend-api/data/rdk7542/786/b49665h/entservices-infra-786/AppManager/LifecycleInterfaceConnector.h
2025-11-28 08:25:04,845 - Knowledge - INFO - process ingested knowledge for /Users/veera/Documents/kavia-backend/graphnode-backend-api/data/rdk7542/786/b49665h/entservices-infra-786/SharedStorage/SharedStorageImplementation.h
2025-11-28 08:25:04,863 - Knowledge - INFO - Async storing batch of 15 embeddings
2025-11-28 08:25:04,870 - Knowledge - INFO - process ingested knowledge for /Users/veera/Documents/kavia-backend/graphnode-backend-api/data/rdk7542/786/b49665h/entservices-infra-786/SharedStorage/Module.h
2025-11-28 08:25:05,250 - Knowledge - INFO - Worker kw10 processing /Users/veera/Documents/kavia-backend/graphnode-backend-api/data/rdk7542/786/b49665h/entservices-infra-786/helpers/UtilsThreadRAII.h
2025-11-28 08:25:05,266 - Knowledge - INFO - Fast-tracked /Users/veera/Documents/kavia-backend/graphnode-backend-api/data/rdk7542/786/b49665h/entservices-infra-786/helpers/UtilsThreadRAII.h (ext=.h, size=1417)
2025-11-28 08:25:05,266 - Knowledge - INFO - Worker kw10 processing /Users/veera/Documents/kavia-backend/graphnode-backend-api/data/rdk7542/786/b49665h/entservices-infra-786/helpers/UtilsCStr.h
2025-11-28 08:25:05,274 - Knowledge - INFO - Fast-tracked /Users/veera/Documents/kavia-backend/graphnode-backend-api/data/rdk7542/786/b49665h/entservices-infra-786/helpers/UtilsCStr.h (ext=.h, size=746)
2025-11-28 08:25:05,388 - Knowledge - INFO - Worker kw10 processing /Users/veera/Documents/kavia-backend/graphnode-backend-api/data/rdk7542/786/b49665h/entservices-infra-786/helpers/WebSockets/CommunicationInterface/CommandInterface.h
2025-11-28 08:25:05,463 - Knowledge - INFO - Worker kw10 processing /Users/veera/Documents/kavia-backend/graphnode-backend-api/data/rdk7542/786/b49665h/entservices-infra-786/helpers/WebSockets/CommunicationInterface/JsonRpcInterface.h
2025-11-28 08:25:05,536 - Knowledge - INFO - Worker kw10 processing /Users/veera/Documents/kavia-backend/graphnode-backend-api/data/rdk7542/786/b49665h/entservices-infra-786/helpers/WebSockets/CommunicationInterface/BinaryInterface.h
2025-11-28 08:25:05,536 - Knowledge - INFO - process ingested knowledge for /Users/veera/Documents/kavia-backend/graphnode-backend-api/data/rdk7542/786/b49665h/entservices-infra-786/PersistentStore/CMakeLists.txt
2025-11-28 08:25:05,537 - Knowledge - INFO - process ingested knowledge for /Users/veera/Documents/kavia-backend/graphnode-backend-api/data/rdk7542/786/b49665h/entservices-infra-786/PersistentStore/PersistentStoreImplementation.cpp
2025-11-28 08:25:05,537 - Knowledge - INFO - process ingested knowledge for /Users/veera/Documents/kavia-backend/graphnode-backend-api/data/rdk7542/786/b49665h/entservices-infra-786/PersistentStore/PersistentStoreJsonRpc.cpp
2025-11-28 08:25:05,537 - Knowledge - INFO - process ingested knowledge for /Users/veera/Documents/kavia-backend/graphnode-backend-api/data/rdk7542/786/b49665h/entservices-infra-786/PersistentStore/CHANGELOG.md
2025-11-28 08:25:05,537 - Knowledge - INFO - process ingested knowledge for /Users/veera/Documents/kavia-backend/graphnode-backend-api/data/rdk7542/786/b49665h/entservices-infra-786/PersistentStore/PersistentStoreImplementation.h
2025-11-28 08:25:05,537 - Knowledge - INFO - process ingested knowledge for /Users/veera/Documents/kavia-backend/graphnode-backend-api/data/rdk7542/786/b49665h/entservices-infra-786/PersistentStore/Module.cpp
2025-11-28 08:25:05,537 - Knowledge - INFO - Fast-tracked /Users/veera/Documents/kavia-backend/graphnode-backend-api/data/rdk7542/786/b49665h/entservices-infra-786/helpers/WebSockets/CommunicationInterface/BinaryInterface.h (ext=.h, size=1699)
2025-11-28 08:25:05,537 - Knowledge - INFO - Worker kw10 processing /Users/veera/Documents/kavia-backend/graphnode-backend-api/data/rdk7542/786/b49665h/entservices-infra-786/helpers/WebSockets/Encryption/NoEncryption.h
2025-11-28 08:25:05,554 - Knowledge - INFO - Fast-tracked /Users/veera/Documents/kavia-backend/graphnode-backend-api/data/rdk7542/786/b49665h/entservices-infra-786/helpers/WebSockets/Encryption/NoEncryption.h (ext=.h, size=1649)
2025-11-28 08:25:05,554 - Knowledge - INFO - Worker kw10 processing /Users/veera/Documents/kavia-backend/graphnode-backend-api/data/rdk7542/786/b49665h/entservices-infra-786/helpers/WebSockets/Encryption/TlsEnabled.h
2025-11-28 08:25:05,563 - Knowledge - INFO - Worker kw10 processing /Users/veera/Documents/kavia-backend/graphnode-backend-api/data/rdk7542/786/b49665h/entservices-infra-786/helpers/WebSockets/JsonRpc/Notification.h
2025-11-28 08:25:05,565 - Knowledge - INFO - Fast-tracked /Users/veera/Documents/kavia-backend/graphnode-backend-api/data/rdk7542/786/b49665h/entservices-infra-786/helpers/WebSockets/JsonRpc/Notification.h (ext=.h, size=1157)
2025-11-28 08:25:05,566 - Knowledge - INFO - Worker kw10 processing /Users/veera/Documents/kavia-backend/graphnode-backend-api/data/rdk7542/786/b49665h/entservices-infra-786/helpers/WebSockets/JsonRpc/Response.h
2025-11-28 08:25:05,568 - Knowledge - INFO - Fast-tracked /Users/veera/Documents/kavia-backend/graphnode-backend-api/data/rdk7542/786/b49665h/entservices-infra-786/helpers/WebSockets/JsonRpc/Response.h (ext=.h, size=1276)
2025-11-28 08:25:05,568 - Knowledge - INFO - Worker kw10 processing /Users/veera/Documents/kavia-backend/graphnode-backend-api/data/rdk7542/786/b49665h/entservices-infra-786/helpers/WebSockets/JsonRpc/Notification.cpp
2025-11-28 08:25:05,581 - Knowledge - INFO - Fast-tracked /Users/veera/Documents/kavia-backend/graphnode-backend-api/data/rdk7542/786/b49665h/entservices-infra-786/helpers/WebSockets/JsonRpc/Notification.cpp (ext=.cpp, size=1518)
2025-11-28 08:25:05,585 - Knowledge - INFO - Fast-tracked /Users/veera/Documents/kavia-backend/graphnode-backend-api/data/rdk7542/786/b49665h/entservices-infra-786/helpers/WebSockets/CommunicationInterface/CommandInterface.h (small file (2143 bytes))
2025-11-28 08:25:05,994 - Knowledge - INFO - Async storage completed for 15 embeddings
2025-11-28 08:25:06,475 - Knowledge - INFO - [LLM_CALL] Completed: TelemetryImplementation.h:chunk1, Duration: 22769ms, PromptTokens: 3886, CompletionTokens: 1032, Cost: $0.00080
2025-11-28 08:25:06,476 - Knowledge - INFO - done ingest for /Users/veera/Documents/kavia-backend/graphnode-backend-api/data/rdk7542/786/b49665h/entservices-infra-786/Telemetry/TelemetryImplementation.h
2025-11-28 08:25:06,538 - Knowledge - INFO - [LLM_CALL] Completed: SceneSet.h:chunk1, Duration: 22153ms, PromptTokens: 2358, CompletionTokens: 568, Cost: $0.00046
2025-11-28 08:25:06,551 - Knowledge - INFO - done ingest for /Users/veera/Documents/kavia-backend/graphnode-backend-api/data/rdk7542/786/b49665h/entservices-infra-786/SceneSet/SceneSet.h
2025-11-28 08:25:06,633 - Knowledge - INFO - [LLM_CALL] Completed: Telemetry.cpp:chunk1, Duration: 23687ms, PromptTokens: 3216, CompletionTokens: 540, Cost: $0.00054
2025-11-28 08:25:06,635 - Knowledge - INFO - done ingest for /Users/veera/Documents/kavia-backend/graphnode-backend-api/data/rdk7542/786/b49665h/entservices-infra-786/Telemetry/Telemetry.cpp
2025-11-28 08:25:08,819 - Knowledge - INFO - [LLM_CALL] Completed: PreinstallManagerImplementation.cpp:chunk1, Duration: 68172ms, PromptTokens: 8572, CompletionTokens: 8000, Cost: $0.00406
2025-11-28 08:25:08,819 - Knowledge - ERROR - Failed to parse LLM response as JSON for /Users/veera/Documents/kavia-backend/graphnode-backend-api/data/rdk7542/786/b49665h/entservices-infra-786/PreinstallManager/PreinstallManagerImplementation.cpp, chunk 1
2025-11-28 08:25:08,819 - Knowledge - INFO - done ingest for /Users/veera/Documents/kavia-backend/graphnode-backend-api/data/rdk7542/786/b49665h/entservices-infra-786/PreinstallManager/PreinstallManagerImplementation.cpp
2025-11-28 08:25:11,437 - Knowledge - INFO - Processing batch of 15 files
2025-11-28 08:25:11,503 - Knowledge - INFO - process ingested knowledge for /Users/veera/Documents/kavia-backend/graphnode-backend-api/data/rdk7542/786/b49665h/entservices-infra-786/CloudStore/grpc/l2test/StubTest.cpp
2025-11-28 08:25:11,800 - Knowledge - INFO - [LLM_CALL] Completed: RDKWindowManagerImplementation.h:chunk1, Duration: 32859ms, PromptTokens: 4218, CompletionTokens: 1137, Cost: $0.00088
2025-11-28 08:25:11,801 - Knowledge - INFO - done ingest for /Users/veera/Documents/kavia-backend/graphnode-backend-api/data/rdk7542/786/b49665h/entservices-infra-786/RDKWindowManager/RDKWindowManagerImplementation.h
2025-11-28 08:25:11,844 - Knowledge - INFO - process ingested knowledge for /Users/veera/Documents/kavia-backend/graphnode-backend-api/data/rdk7542/786/b49665h/entservices-infra-786/CloudStore/Module.cpp
2025-11-28 08:25:12,508 - Knowledge - INFO - process ingested knowledge for /Users/veera/Documents/kavia-backend/graphnode-backend-api/data/rdk7542/786/b49665h/entservices-infra-786/CloudStore/l0test/CMakeLists.txt
2025-11-28 08:25:12,521 - Knowledge - INFO - [WEBSOCKET] Sent: Type=progress_update, Size: 293, Duration: 0ms
2025-11-28 08:25:12,532 - Knowledge - INFO - process ingested knowledge for /Users/veera/Documents/kavia-backend/graphnode-backend-api/data/rdk7542/786/b49665h/entservices-infra-786/CloudStore/l0test/ServiceMock.h
2025-11-28 08:25:12,564 - Knowledge - INFO - [LLM_CALL] Completed: cSettings.h:chunk1, Duration: 9204ms, PromptTokens: 3622, CompletionTokens: 456, Cost: $0.00054
2025-11-28 08:25:12,565 - Knowledge - INFO - process ingested knowledge for /Users/veera/Documents/kavia-backend/graphnode-backend-api/data/rdk7542/786/b49665h/entservices-infra-786/CloudStore/l0test/CloudStoreImplementationMock.h
2025-11-28 08:25:12,565 - Knowledge - INFO - done ingest for /Users/veera/Documents/kavia-backend/graphnode-backend-api/data/rdk7542/786/b49665h/entservices-infra-786/helpers/cSettings.h
2025-11-28 08:25:12,565 - Knowledge - INFO - [WEBSOCKET] Sent: Type=unknown, Size: ?, Duration: 45ms
2025-11-28 08:25:12,568 - Knowledge - INFO - Progress: 39.9% | Files: 189/474 | Rate: 2.58 files/sec | Queue: 60
2025-11-28 08:25:12,815 - Knowledge - INFO - [LLM_CALL] Completed: tptimer.h:chunk1, Duration: 9303ms, PromptTokens: 2282, CompletionTokens: 496, Cost: $0.00043
2025-11-28 08:25:12,815 - Knowledge - INFO - done ingest for /Users/veera/Documents/kavia-backend/graphnode-backend-api/data/rdk7542/786/b49665h/entservices-infra-786/helpers/tptimer.h
2025-11-28 08:25:12,816 - Knowledge - INFO - process ingested knowledge for /Users/veera/Documents/kavia-backend/graphnode-backend-api/data/rdk7542/786/b49665h/entservices-infra-786/CloudStore/l0test/CloudStoreTest.cpp
2025-11-28 08:25:12,816 - Knowledge - INFO - process ingested knowledge for /Users/veera/Documents/kavia-backend/graphnode-backend-api/data/rdk7542/786/b49665h/entservices-infra-786/CloudStore/CloudStoreImplementation.h
2025-11-28 08:25:12,816 - Knowledge - INFO - process ingested knowledge for /Users/veera/Documents/kavia-backend/graphnode-backend-api/data/rdk7542/786/b49665h/entservices-infra-786/CloudStore/CloudStore.cpp
2025-11-28 08:25:12,817 - Knowledge - INFO - process ingested knowledge for /Users/veera/Documents/kavia-backend/graphnode-backend-api/data/rdk7542/786/b49665h/entservices-infra-786/CloudStore/CloudStore.h
2025-11-28 08:25:12,817 - Knowledge - INFO - process ingested knowledge for /Users/veera/Documents/kavia-backend/graphnode-backend-api/data/rdk7542/786/b49665h/entservices-infra-786/CloudStore/CloudStoreImplementation.cpp
2025-11-28 08:25:12,817 - Knowledge - INFO - process ingested knowledge for /Users/veera/Documents/kavia-backend/graphnode-backend-api/data/rdk7542/786/b49665h/entservices-infra-786/CloudStore/Module.h
2025-11-28 08:25:12,817 - Knowledge - INFO - process ingested knowledge for /Users/veera/Documents/kavia-backend/graphnode-backend-api/data/rdk7542/786/b49665h/entservices-infra-786/DownloadManager/DownloadManagerHttpClient.cpp
2025-11-28 08:25:12,817 - Knowledge - INFO - process ingested knowledge for /Users/veera/Documents/kavia-backend/graphnode-backend-api/data/rdk7542/786/b49665h/entservices-infra-786/DownloadManager/CMakeLists.txt
2025-11-28 08:25:12,817 - Knowledge - INFO - process ingested knowledge for /Users/veera/Documents/kavia-backend/graphnode-backend-api/data/rdk7542/786/b49665h/entservices-infra-786/DownloadManager/DownloadManager.h
2025-11-28 08:25:12,817 - Knowledge - INFO - process ingested knowledge for /Users/veera/Documents/kavia-backend/graphnode-backend-api/data/rdk7542/786/b49665h/entservices-infra-786/DownloadManager/Module.cpp
2025-11-28 08:25:13,043 - Knowledge - INFO - [kw1] Queue=60, InProgress=0, PendingWorkers=20/20, Completed=189/474 (39.9%)
2025-11-28 08:25:13,124 - Knowledge - INFO - Batch sizing: calculated=10, max_allowed=25, queue=60, active_workers=20/20
2025-11-28 08:25:13,155 - Knowledge - INFO - [LLM_CALL] Completed: TlsEnabled.h:chunk1, Duration: 7442ms, PromptTokens: 4502, CompletionTokens: 648, Cost: $0.00071
2025-11-28 08:25:13,156 - Knowledge - INFO - done ingest for /Users/veera/Documents/kavia-backend/graphnode-backend-api/data/rdk7542/786/b49665h/entservices-infra-786/helpers/WebSockets/Encryption/TlsEnabled.h
2025-11-28 08:25:13,237 - Knowledge - INFO - Async storing batch of 15 embeddings
2025-11-28 08:25:13,244 - Knowledge - INFO - Worker kw1 processing /Users/veera/Documents/kavia-backend/graphnode-backend-api/data/rdk7542/786/b49665h/entservices-infra-786/helpers/WebSockets/JsonRpc/Request.cpp
2025-11-28 08:25:13,261 - Knowledge - INFO - Fast-tracked /Users/veera/Documents/kavia-backend/graphnode-backend-api/data/rdk7542/786/b49665h/entservices-infra-786/helpers/WebSockets/JsonRpc/Request.cpp (ext=.cpp, size=1781)
2025-11-28 08:25:13,267 - Knowledge - INFO - Worker kw1 processing /Users/veera/Documents/kavia-backend/graphnode-backend-api/data/rdk7542/786/b49665h/entservices-infra-786/helpers/WebSockets/JsonRpc/Response.cpp
2025-11-28 08:25:13,270 - Knowledge - INFO - [LLM_CALL] Completed: JsonRpcInterface.h:chunk1, Duration: 7656ms, PromptTokens: 4588, CompletionTokens: 711, Cost: $0.00074
2025-11-28 08:25:13,271 - Knowledge - INFO - Worker kw1 processing /Users/veera/Documents/kavia-backend/graphnode-backend-api/data/rdk7542/786/b49665h/entservices-infra-786/helpers/WebSockets/JsonRpc/Request.h
2025-11-28 08:25:13,272 - Knowledge - INFO - done ingest for /Users/veera/Documents/kavia-backend/graphnode-backend-api/data/rdk7542/786/b49665h/entservices-infra-786/helpers/WebSockets/CommunicationInterface/JsonRpcInterface.h
2025-11-28 08:25:13,278 - Knowledge - INFO - Fast-tracked /Users/veera/Documents/kavia-backend/graphnode-backend-api/data/rdk7542/786/b49665h/entservices-infra-786/helpers/WebSockets/JsonRpc/Request.h (ext=.h, size=1283)
2025-11-28 08:25:13,287 - Knowledge - INFO - Worker kw1 processing /Users/veera/Documents/kavia-backend/graphnode-backend-api/data/rdk7542/786/b49665h/entservices-infra-786/helpers/WebSockets/Roles/Client.h
2025-11-28 08:25:13,288 - Knowledge - INFO - Worker kw1 processing /Users/veera/Documents/kavia-backend/graphnode-backend-api/data/rdk7542/786/b49665h/entservices-infra-786/helpers/WebSockets/Roles/SingleClientServer.h
2025-11-28 08:25:13,288 - Knowledge - INFO - Worker kw1 processing /Users/veera/Documents/kavia-backend/graphnode-backend-api/data/rdk7542/786/b49665h/entservices-infra-786/helpers/WebSockets/PingPong/PingPongEnabled.h
2025-11-28 08:25:13,288 - Knowledge - INFO - Worker kw1 processing /Users/veera/Documents/kavia-backend/graphnode-backend-api/data/rdk7542/786/b49665h/entservices-infra-786/helpers/WebSockets/PingPong/PingPongDisabled.h
2025-11-28 08:25:13,288 - Knowledge - INFO - Fast-tracked /Users/veera/Documents/kavia-backend/graphnode-backend-api/data/rdk7542/786/b49665h/entservices-infra-786/helpers/WebSockets/PingPong/PingPongDisabled.h (ext=.h, size=1228)
2025-11-28 08:25:13,288 - Knowledge - INFO - Worker kw1 processing /Users/veera/Documents/kavia-backend/graphnode-backend-api/data/rdk7542/786/b49665h/entservices-infra-786/helpers/WebSockets/ConnectionInitializationResult.h
2025-11-28 08:25:13,288 - Knowledge - INFO - Fast-tracked /Users/veera/Documents/kavia-backend/graphnode-backend-api/data/rdk7542/786/b49665h/entservices-infra-786/helpers/WebSockets/ConnectionInitializationResult.h (ext=.h, size=1319)
2025-11-28 08:25:13,288 - Knowledge - INFO - Worker kw1 processing /Users/veera/Documents/kavia-backend/graphnode-backend-api/data/rdk7542/786/b49665h/entservices-infra-786/helpers/WebSockets/WSEndpoint.h
2025-11-28 08:25:13,289 - Knowledge - INFO - Worker kw1 processing /Users/veera/Documents/kavia-backend/graphnode-backend-api/data/rdk7542/786/b49665h/entservices-infra-786/helpers/WebSockets/WSEndpoint.cpp
2025-11-28 08:25:13,290 - Knowledge - INFO - Fast-tracked /Users/veera/Documents/kavia-backend/graphnode-backend-api/data/rdk7542/786/b49665h/entservices-infra-786/helpers/WebSockets/JsonRpc/Response.cpp (small file (2421 bytes))
2025-11-28 08:25:13,291 - Knowledge - INFO - Fast-tracked /Users/veera/Documents/kavia-backend/graphnode-backend-api/data/rdk7542/786/b49665h/entservices-infra-786/helpers/WebSockets/Roles/Client.h (small file (2756 bytes))
2025-11-28 08:25:13,392 - Knowledge - INFO - [LLM_CALL] Completed: UtilsJsonRpc.h:chunk1, Duration: 13459ms, PromptTokens: 3914, CompletionTokens: 360, Cost: $0.00054
2025-11-28 08:25:13,416 - Knowledge - INFO - done ingest for /Users/veera/Documents/kavia-backend/graphnode-backend-api/data/rdk7542/786/b49665h/entservices-infra-786/helpers/UtilsJsonRpc.h
2025-11-28 08:25:14,577 - Knowledge - INFO - Fast-tracked /Users/veera/Documents/kavia-backend/graphnode-backend-api/data/rdk7542/786/b49665h/entservices-infra-786/helpers/WebSockets/WSEndpoint.h (small file (2873 bytes))
2025-11-28 08:25:14,748 - Knowledge - INFO - Async storage completed for 15 embeddings
2025-11-28 08:25:15,845 - Knowledge - INFO - [LLM_CALL] Completed: UtilsJsonrpcDirectLink.h:chunk1, Duration: 16234ms, PromptTokens: 3262, CompletionTokens: 595, Cost: $0.00056
2025-11-28 08:25:15,876 - Knowledge - INFO - done ingest for /Users/veera/Documents/kavia-backend/graphnode-backend-api/data/rdk7542/786/b49665h/entservices-infra-786/helpers/UtilsJsonrpcDirectLink.h
2025-11-28 08:25:16,327 - Knowledge - INFO - [kw18] Queue=50, InProgress=0, PendingWorkers=20/20, Completed=199/474 (42.0%)
2025-11-28 08:25:16,332 - Knowledge - INFO - Batch sizing: calculated=10, max_allowed=25, queue=50, active_workers=20/20
2025-11-28 08:25:16,356 - Knowledge - INFO - Async storing batch of 15 embeddings
2025-11-28 08:25:16,524 - Knowledge - INFO - Worker kw18 processing /Users/veera/Documents/kavia-backend/graphnode-backend-api/data/rdk7542/786/b49665h/entservices-infra-786/helpers/ObjectUtils.h
2025-11-28 08:25:16,547 - Knowledge - INFO - Worker kw18 processing /Users/veera/Documents/kavia-backend/graphnode-backend-api/data/rdk7542/786/b49665h/entservices-infra-786/helpers/UtilsisValidInt.h
2025-11-28 08:25:16,595 - Knowledge - INFO - Fast-tracked /Users/veera/Documents/kavia-backend/graphnode-backend-api/data/rdk7542/786/b49665h/entservices-infra-786/helpers/UtilsisValidInt.h (ext=.h, size=1601)
2025-11-28 08:25:16,596 - Knowledge - INFO - Worker kw18 processing /Users/veera/Documents/kavia-backend/graphnode-backend-api/data/rdk7542/786/b49665h/entservices-infra-786/helpers/UtilsTelemetry.h
2025-11-28 08:25:16,626 - Knowledge - INFO - Fast-tracked /Users/veera/Documents/kavia-backend/graphnode-backend-api/data/rdk7542/786/b49665h/entservices-infra-786/helpers/UtilsTelemetry.h (ext=.h, size=1892)
2025-11-28 08:25:16,626 - Knowledge - INFO - Worker kw18 processing /Users/veera/Documents/kavia-backend/graphnode-backend-api/data/rdk7542/786/b49665h/entservices-infra-786/helpers/UtilsCallsign.h
2025-11-28 08:25:16,639 - Knowledge - INFO - Fast-tracked /Users/veera/Documents/kavia-backend/graphnode-backend-api/data/rdk7542/786/b49665h/entservices-infra-786/helpers/UtilsCallsign.h (ext=.h, size=1227)
2025-11-28 08:25:16,639 - Knowledge - INFO - Worker kw18 processing /Users/veera/Documents/kavia-backend/graphnode-backend-api/data/rdk7542/786/b49665h/entservices-infra-786/helpers/ContextUtils.h
2025-11-28 08:25:16,673 - Knowledge - INFO - Worker kw18 processing /Users/veera/Documents/kavia-backend/graphnode-backend-api/data/rdk7542/786/b49665h/entservices-infra-786/helpers/UtilsgetFileContent.h
2025-11-28 08:25:16,674 - Knowledge - INFO - Worker kw18 processing /Users/veera/Documents/kavia-backend/graphnode-backend-api/data/rdk7542/786/b49665h/entservices-infra-786/helpers/UtilsLogging.h
2025-11-28 08:25:16,707 - Knowledge - INFO - Worker kw18 processing /Users/veera/Documents/kavia-backend/graphnode-backend-api/data/rdk7542/786/b49665h/entservices-infra-786/helpers/UtilsIarm.h
2025-11-28 08:25:16,781 - Knowledge - INFO - Worker kw18 processing /Users/veera/Documents/kavia-backend/graphnode-backend-api/data/rdk7542/786/b49665h/entservices-infra-786/helpers/UtilsUUID.h
2025-11-28 08:25:16,805 - Knowledge - INFO - Fast-tracked /Users/veera/Documents/kavia-backend/graphnode-backend-api/data/rdk7542/786/b49665h/entservices-infra-786/helpers/UtilsUUID.h (ext=.h, size=1031)
2025-11-28 08:25:16,843 - Knowledge - INFO - Worker kw18 processing /Users/veera/Documents/kavia-backend/graphnode-backend-api/data/rdk7542/786/b49665h/entservices-infra-786/helpers/UtilsLibraryLoader.h
2025-11-28 08:25:17,468 - Knowledge - INFO - [LLM_CALL] Completed: RuntimeManager.cpp:chunk1, Duration: 22606ms, PromptTokens: 3096, CompletionTokens: 554, Cost: $0.00053
2025-11-28 08:25:17,509 - Knowledge - INFO - done ingest for /Users/veera/Documents/kavia-backend/graphnode-backend-api/data/rdk7542/786/b49665h/entservices-infra-786/RuntimeManager/RuntimeManager.cpp
2025-11-28 08:25:17,833 - Knowledge - INFO - [LLM_CALL] Completed: WindowManagerConnector.cpp:chunk1, Duration: 23568ms, PromptTokens: 3468, CompletionTokens: 627, Cost: $0.00060
2025-11-28 08:25:17,833 - Knowledge - INFO - done ingest for /Users/veera/Documents/kavia-backend/graphnode-backend-api/data/rdk7542/786/b49665h/entservices-infra-786/RuntimeManager/WindowManagerConnector.cpp
2025-11-28 08:25:18,208 - Knowledge - INFO - Fast-tracked /Users/veera/Documents/kavia-backend/graphnode-backend-api/data/rdk7542/786/b49665h/entservices-infra-786/helpers/ContextUtils.h (small file (2584 bytes))
2025-11-28 08:25:18,696 - Knowledge - INFO - [LLM_CALL] Completed: DobbySpecGenerator.h:chunk1, Duration: 24731ms, PromptTokens: 2816, CompletionTokens: 1307, Cost: $0.00080
2025-11-28 08:25:18,706 - Knowledge - INFO - done ingest for /Users/veera/Documents/kavia-backend/graphnode-backend-api/data/rdk7542/786/b49665h/entservices-infra-786/RuntimeManager/DobbySpecGenerator.h
2025-11-28 08:25:19,419 - Knowledge - INFO - Processing batch of 15 files
2025-11-28 08:25:19,444 - Knowledge - INFO - process ingested knowledge for /Users/veera/Documents/kavia-backend/graphnode-backend-api/data/rdk7542/786/b49665h/entservices-infra-786/PersistentStore/l0test/PersistentStoreImplementationMock.h
2025-11-28 08:25:19,658 - Knowledge - INFO - [LLM_CALL] Completed: RDKWindowManagerImplementation.cpp:chunk1, Duration: 41838ms, PromptTokens: 22588, CompletionTokens: 1352, Cost: $0.00280
2025-11-28 08:25:19,679 - Knowledge - INFO - done ingest for /Users/veera/Documents/kavia-backend/graphnode-backend-api/data/rdk7542/786/b49665h/entservices-infra-786/RDKWindowManager/RDKWindowManagerImplementation.cpp
2025-11-28 08:25:19,738 - Knowledge - INFO - [LLM_CALL] Completed: USBDeviceImplementation.cpp:chunk1, Duration: 79089ms, PromptTokens: 20224, CompletionTokens: 1238, Cost: $0.00252
2025-11-28 08:25:19,786 - Knowledge - INFO - done ingest for /Users/veera/Documents/kavia-backend/graphnode-backend-api/data/rdk7542/786/b49665h/entservices-infra-786/USBDevice/USBDeviceImplementation.cpp
2025-11-28 08:25:19,894 - Knowledge - INFO - Fast-tracked /Users/veera/Documents/kavia-backend/graphnode-backend-api/data/rdk7542/786/b49665h/entservices-infra-786/helpers/UtilsLogging.h (small file (2365 bytes))
2025-11-28 08:25:20,039 - Knowledge - INFO - Processing batch of 12 files
2025-11-28 08:25:20,053 - Knowledge - INFO - process ingested knowledge for /Users/veera/Documents/kavia-backend/graphnode-backend-api/data/rdk7542/786/b49665h/entservices-infra-786/PersistentStore/l0test/CMakeLists.txt
2025-11-28 08:25:20,053 - Knowledge - INFO - process ingested knowledge for /Users/veera/Documents/kavia-backend/graphnode-backend-api/data/rdk7542/786/b49665h/entservices-infra-786/Telemetry/Telemetry.cpp
2025-11-28 08:25:20,227 - Knowledge - INFO - process ingested knowledge for /Users/veera/Documents/kavia-backend/graphnode-backend-api/data/rdk7542/786/b49665h/entservices-infra-786/PersistentStore/l0test/ServiceMock.h
2025-11-28 08:25:20,237 - Knowledge - INFO - Fast-tracked /Users/veera/Documents/kavia-backend/graphnode-backend-api/data/rdk7542/786/b49665h/entservices-infra-786/helpers/UtilsIarm.h (small file (2992 bytes))
2025-11-28 08:25:21,007 - Knowledge - INFO - Fast-tracked /Users/veera/Documents/kavia-backend/graphnode-backend-api/data/rdk7542/786/b49665h/entservices-infra-786/helpers/UtilsLibraryLoader.h (small file (2537 bytes))
2025-11-28 08:25:21,020 - Knowledge - INFO - [LLM_CALL] Completed: AppGatewayImplementation.cpp:chunk1, Duration: 79141ms, PromptTokens: 8364, CompletionTokens: 6850, Cost: $0.00358
2025-11-28 08:25:21,020 - Knowledge - INFO - Async storage completed for 15 embeddings
2025-11-28 08:25:21,039 - Knowledge - INFO - done ingest for /Users/veera/Documents/kavia-backend/graphnode-backend-api/data/rdk7542/786/b49665h/entservices-infra-786/AppGateway/AppGatewayImplementation.cpp
2025-11-28 08:25:21,284 - Knowledge - INFO - process ingested knowledge for /Users/veera/Documents/kavia-backend/graphnode-backend-api/data/rdk7542/786/b49665h/entservices-infra-786/PersistentStore/l0test/PersistentStoreTest.cpp
2025-11-28 08:25:21,813 - Knowledge - INFO - [LLM_CALL] Completed: AIConfiguration.h:chunk1, Duration: 36335ms, PromptTokens: 2266, CompletionTokens: 833, Cost: $0.00056
2025-11-28 08:25:21,982 - Knowledge - INFO - done ingest for /Users/veera/Documents/kavia-backend/graphnode-backend-api/data/rdk7542/786/b49665h/entservices-infra-786/RuntimeManager/AIConfiguration.h
2025-11-28 08:25:22,109 - Knowledge - INFO - process ingested knowledge for /Users/veera/Documents/kavia-backend/graphnode-backend-api/data/rdk7542/786/b49665h/entservices-infra-786/PersistentStore/l1test/CMakeLists.txt
2025-11-28 08:25:22,153 - Knowledge - INFO - process ingested knowledge for /Users/veera/Documents/kavia-backend/graphnode-backend-api/data/rdk7542/786/b49665h/entservices-infra-786/PersistentStore/l1test/ServiceMock.h
2025-11-28 08:25:22,306 - Knowledge - INFO - process ingested knowledge for /Users/veera/Documents/kavia-backend/graphnode-backend-api/data/rdk7542/786/b49665h/entservices-infra-786/Telemetry/Module.h
2025-11-28 08:25:22,309 - Knowledge - INFO - process ingested knowledge for /Users/veera/Documents/kavia-backend/graphnode-backend-api/data/rdk7542/786/b49665h/entservices-infra-786/PersistentStore/l1test/PersistentStoreTest.cpp
2025-11-28 08:25:22,319 - Knowledge - INFO - process ingested knowledge for /Users/veera/Documents/kavia-backend/graphnode-backend-api/data/rdk7542/786/b49665h/entservices-infra-786/Telemetry/TelemetryImplementation.h
2025-11-28 08:25:22,499 - Knowledge - INFO - process ingested knowledge for /Users/veera/Documents/kavia-backend/graphnode-backend-api/data/rdk7542/786/b49665h/entservices-infra-786/Telemetry/Telemetry.h
2025-11-28 08:25:22,505 - Knowledge - INFO - process ingested knowledge for /Users/veera/Documents/kavia-backend/graphnode-backend-api/data/rdk7542/786/b49665h/entservices-infra-786/PersistentStore/sqlite/Store2.h
2025-11-28 08:25:22,515 - Knowledge - INFO - process ingested knowledge for /Users/veera/Documents/kavia-backend/graphnode-backend-api/data/rdk7542/786/b49665h/entservices-infra-786/SceneSet/CMakeLists.txt
2025-11-28 08:25:22,581 - Knowledge - INFO - process ingested knowledge for /Users/veera/Documents/kavia-backend/graphnode-backend-api/data/rdk7542/786/b49665h/entservices-infra-786/SceneSet/Module.cpp
2025-11-28 08:25:22,583 - Knowledge - INFO - Processing batch of 15 files
2025-11-28 08:25:22,583 - Knowledge - INFO - process ingested knowledge for /Users/veera/Documents/kavia-backend/graphnode-backend-api/data/rdk7542/786/b49665h/entservices-infra-786/CHANGELOG.md
2025-11-28 08:25:22,596 - Knowledge - INFO - process ingested knowledge for /Users/veera/Documents/kavia-backend/graphnode-backend-api/data/rdk7542/786/b49665h/entservices-infra-786/PersistentStore/sqlite/l1test/Store2NotificationMock.h
2025-11-28 08:25:22,598 - Knowledge - INFO - process ingested knowledge for /Users/veera/Documents/kavia-backend/graphnode-backend-api/data/rdk7542/786/b49665h/entservices-infra-786/SceneSet/SceneSet.cpp
2025-11-28 08:25:22,599 - Knowledge - INFO - process ingested knowledge for /Users/veera/Documents/kavia-backend/graphnode-backend-api/data/rdk7542/786/b49665h/entservices-infra-786/PreinstallManager/PreinstallManagerImplementation.h
2025-11-28 08:25:22,622 - Knowledge - INFO - process ingested knowledge for /Users/veera/Documents/kavia-backend/graphnode-backend-api/data/rdk7542/786/b49665h/entservices-infra-786/PersistentStore/sqlite/l1test/CMakeLists.txt
2025-11-28 08:25:22,628 - Knowledge - INFO - process ingested knowledge for /Users/veera/Documents/kavia-backend/graphnode-backend-api/data/rdk7542/786/b49665h/entservices-infra-786/SceneSet/SceneSet.h
2025-11-28 08:25:22,872 - Knowledge - INFO - process ingested knowledge for /Users/veera/Documents/kavia-backend/graphnode-backend-api/data/rdk7542/786/b49665h/entservices-infra-786/PreinstallManager/CMakeLists.txt
2025-11-28 08:25:22,874 - Knowledge - INFO - process ingested knowledge for /Users/veera/Documents/kavia-backend/graphnode-backend-api/data/rdk7542/786/b49665h/entservices-infra-786/SceneSet/Module.h
2025-11-28 08:25:22,892 - Knowledge - INFO - process ingested knowledge for /Users/veera/Documents/kavia-backend/graphnode-backend-api/data/rdk7542/786/b49665h/entservices-infra-786/PersistentStore/sqlite/l1test/WorkerPoolImplementation.h
2025-11-28 08:25:22,939 - Knowledge - INFO - process ingested knowledge for /Users/veera/Documents/kavia-backend/graphnode-backend-api/data/rdk7542/786/b49665h/entservices-infra-786/PreinstallManager/PreinstallManagerPlugin.json
2025-11-28 08:25:22,939 - Knowledge - INFO - process ingested knowledge for /Users/veera/Documents/kavia-backend/graphnode-backend-api/data/rdk7542/786/b49665h/entservices-infra-786/Migration/CMakeLists.txt
2025-11-28 08:25:22,960 - Knowledge - INFO - [WEBSOCKET] Sent: Type=progress_update, Size: 293, Duration: 0ms
2025-11-28 08:25:22,962 - Knowledge - INFO - process ingested knowledge for /Users/veera/Documents/kavia-backend/graphnode-backend-api/data/rdk7542/786/b49665h/entservices-infra-786/PersistentStore/sqlite/l1test/Store2Test.cpp
2025-11-28 08:25:22,999 - Knowledge - INFO - process ingested knowledge for /Users/veera/Documents/kavia-backend/graphnode-backend-api/data/rdk7542/786/b49665h/entservices-infra-786/PreinstallManager/PreinstallManagerImplementation.cpp
2025-11-28 08:25:23,030 - Knowledge - INFO - process ingested knowledge for /Users/veera/Documents/kavia-backend/graphnode-backend-api/data/rdk7542/786/b49665h/entservices-infra-786/Migration/Migration.cpp
2025-11-28 08:25:23,093 - Knowledge - INFO - process ingested knowledge for /Users/veera/Documents/kavia-backend/graphnode-backend-api/data/rdk7542/786/b49665h/entservices-infra-786/PersistentStore/PersistentStore.cpp
2025-11-28 08:25:23,249 - Knowledge - INFO - process ingested knowledge for /Users/veera/Documents/kavia-backend/graphnode-backend-api/data/rdk7542/786/b49665h/entservices-infra-786/PreinstallManager/Module.cpp
2025-11-28 08:25:23,250 - Knowledge - INFO - [WEBSOCKET] Sent: Type=unknown, Size: ?, Duration: 289ms
2025-11-28 08:25:23,592 - Knowledge - INFO - process ingested knowledge for /Users/veera/Documents/kavia-backend/graphnode-backend-api/data/rdk7542/786/b49665h/entservices-infra-786/Migration/CHANGELOG.md
2025-11-28 08:25:23,609 - Knowledge - INFO - process ingested knowledge for /Users/veera/Documents/kavia-backend/graphnode-backend-api/data/rdk7542/786/b49665h/entservices-infra-786/PersistentStore/Module.h
2025-11-28 08:25:23,696 - Knowledge - INFO - process ingested knowledge for /Users/veera/Documents/kavia-backend/graphnode-backend-api/data/rdk7542/786/b49665h/entservices-infra-786/PreinstallManager/PreinstallManager.cpp
2025-11-28 08:25:23,740 - Knowledge - INFO - Progress: 49.6% | Files: 236/474 | Rate: 2.80 files/sec | Queue: 40
2025-11-28 08:25:23,744 - Knowledge - INFO - [LLM_CALL] Completed: BaseEventDelegate.h:chunk1, Duration: 20893ms, PromptTokens: 4214, CompletionTokens: 621, Cost: $0.00067
2025-11-28 08:25:23,752 - Knowledge - INFO - done ingest for /Users/veera/Documents/kavia-backend/graphnode-backend-api/data/rdk7542/786/b49665h/entservices-infra-786/helpers/BaseEventDelegate.h
2025-11-28 08:25:23,763 - Knowledge - INFO - [LLM_CALL] Completed: AppManagerImplementation.cpp:chunk1, Duration: 83262ms, PromptTokens: 25138, CompletionTokens: 2457, Cost: $0.00350
2025-11-28 08:25:23,771 - Knowledge - INFO - done ingest for /Users/veera/Documents/kavia-backend/graphnode-backend-api/data/rdk7542/786/b49665h/entservices-infra-786/AppManager/AppManagerImplementation.cpp
2025-11-28 08:25:23,890 - Knowledge - INFO - [LLM_CALL] Completed: UtilsString.h:chunk1, Duration: 20674ms, PromptTokens: 4434, CompletionTokens: 755, Cost: $0.00075
2025-11-28 08:25:23,891 - Knowledge - INFO - done ingest for /Users/veera/Documents/kavia-backend/graphnode-backend-api/data/rdk7542/786/b49665h/entservices-infra-786/helpers/UtilsString.h
2025-11-28 08:25:24,014 - Knowledge - INFO - process ingested knowledge for /Users/veera/Documents/kavia-backend/graphnode-backend-api/data/rdk7542/786/b49665h/entservices-infra-786/PersistentStore/PersistentStore.h
2025-11-28 08:25:24,014 - Knowledge - INFO - process ingested knowledge for /Users/veera/Documents/kavia-backend/graphnode-backend-api/data/rdk7542/786/b49665h/entservices-infra-786/PreinstallManager/PreinstallManager.h
2025-11-28 08:25:24,968 - Knowledge - INFO - [LLM_CALL] Completed: UserSettingsImplementation.h:chunk1, Duration: 83266ms, PromptTokens: 5452, CompletionTokens: 2220, Cost: $0.00143
2025-11-28 08:25:25,086 - Knowledge - INFO - done ingest for /Users/veera/Documents/kavia-backend/graphnode-backend-api/data/rdk7542/786/b49665h/entservices-infra-786/UserSettings/UserSettingsImplementation.h
2025-11-28 08:25:25,131 - Knowledge - INFO - [kw12] Queue=40, InProgress=0, PendingWorkers=20/20, Completed=238/474 (50.2%)
2025-11-28 08:25:25,154 - Knowledge - INFO - process ingested knowledge for /Users/veera/Documents/kavia-backend/graphnode-backend-api/data/rdk7542/786/b49665h/entservices-infra-786/PreinstallManager/Module.h
2025-11-28 08:25:25,154 - Knowledge - INFO - Batch sizing: calculated=10, max_allowed=25, queue=40, active_workers=20/20
2025-11-28 08:25:25,187 - Knowledge - INFO - [LLM_CALL] Completed: SystemDelegate.h:chunk1, Duration: 83702ms, PromptTokens: 22724, CompletionTokens: 1149, Cost: $0.00273
2025-11-28 08:25:25,206 - Knowledge - INFO - done ingest for /Users/veera/Documents/kavia-backend/graphnode-backend-api/data/rdk7542/786/b49665h/entservices-infra-786/FbSettings/delegate/SystemDelegate.h
2025-11-28 08:25:25,361 - Knowledge - INFO - [LLM_CALL] Completed: UserSettingsDelegate.h:chunk1, Duration: 84679ms, PromptTokens: 16298, CompletionTokens: 1396, Cost: $0.00219
2025-11-28 08:25:25,368 - Knowledge - INFO - done ingest for /Users/veera/Documents/kavia-backend/graphnode-backend-api/data/rdk7542/786/b49665h/entservices-infra-786/FbSettings/delegate/UserSettingsDelegate.h
2025-11-28 08:25:26,625 - Knowledge - INFO - [LLM_CALL] Completed: PackageManagerImplementation.cpp:chunk1, Duration: 84853ms, PromptTokens: 19458, CompletionTokens: 1421, Cost: $0.00251
2025-11-28 08:25:26,634 - Knowledge - INFO - done ingest for /Users/veera/Documents/kavia-backend/graphnode-backend-api/data/rdk7542/786/b49665h/entservices-infra-786/PackageManager/PackageManagerImplementation.cpp
2025-11-28 08:25:26,640 - Knowledge - INFO - process ingested knowledge for /Users/veera/Documents/kavia-backend/graphnode-backend-api/data/rdk7542/786/b49665h/entservices-infra-786/OCIContainer/stubs/omi_proxy.hpp
2025-11-28 08:25:26,669 - Knowledge - INFO - [LLM_CALL] Completed: AIConfiguration.cpp:chunk1, Duration: 41114ms, PromptTokens: 7582, CompletionTokens: 1395, Cost: $0.00132
2025-11-28 08:25:26,715 - Knowledge - INFO - done ingest for /Users/veera/Documents/kavia-backend/graphnode-backend-api/data/rdk7542/786/b49665h/entservices-infra-786/RuntimeManager/AIConfiguration.cpp
2025-11-28 08:25:26,729 - Knowledge - INFO - [LLM_CALL] Completed: SingleClientServer.h:chunk1, Duration: 13381ms, PromptTokens: 2160, CompletionTokens: 341, Cost: $0.00035
2025-11-28 08:25:26,770 - Knowledge - INFO - done ingest for /Users/veera/Documents/kavia-backend/graphnode-backend-api/data/rdk7542/786/b49665h/entservices-infra-786/helpers/WebSockets/Roles/SingleClientServer.h
2025-11-28 08:25:27,904 - Knowledge - INFO - [LLM_CALL] Completed: USBMassStorageImplementation.cpp:chunk1, Duration: 86054ms, PromptTokens: 11760, CompletionTokens: 8000, Cost: $0.00438
2025-11-28 08:25:27,943 - Knowledge - ERROR - Failed to parse LLM response as JSON for /Users/veera/Documents/kavia-backend/graphnode-backend-api/data/rdk7542/786/b49665h/entservices-infra-786/USBMassStorage/USBMassStorageImplementation.cpp, chunk 1
2025-11-28 08:25:27,969 - Knowledge - INFO - Async storing batch of 15 embeddings
2025-11-28 08:25:27,970 - Knowledge - INFO - process ingested knowledge for /Users/veera/Documents/kavia-backend/graphnode-backend-api/data/rdk7542/786/b49665h/entservices-infra-786/OCIContainer/stubs/i_omi_proxy.hpp
2025-11-28 08:25:27,970 - Knowledge - INFO - done ingest for /Users/veera/Documents/kavia-backend/graphnode-backend-api/data/rdk7542/786/b49665h/entservices-infra-786/USBMassStorage/USBMassStorageImplementation.cpp
2025-11-28 08:25:28,007 - Knowledge - INFO - [LLM_CALL] Completed: PingPongEnabled.h:chunk1, Duration: 13593ms, PromptTokens: 3072, CompletionTokens: 561, Cost: $0.00053
2025-11-28 08:25:28,015 - Knowledge - INFO - Worker kw12 processing /Users/veera/Documents/kavia-backend/graphnode-backend-api/data/rdk7542/786/b49665h/entservices-infra-786/helpers/UtilsLOG_MILESTONE.h
2025-11-28 08:25:28,028 - Knowledge - INFO - done ingest for /Users/veera/Documents/kavia-backend/graphnode-backend-api/data/rdk7542/786/b49665h/entservices-infra-786/helpers/WebSockets/PingPong/PingPongEnabled.h
2025-11-28 08:25:28,028 - Knowledge - INFO - Fast-tracked /Users/veera/Documents/kavia-backend/graphnode-backend-api/data/rdk7542/786/b49665h/entservices-infra-786/helpers/UtilsLOG_MILESTONE.h (ext=.h, size=810)
2025-11-28 08:25:28,052 - Knowledge - INFO - [LLM_CALL] Completed: RustAdapter.cpp:chunk1, Duration: 86981ms, PromptTokens: 4126, CompletionTokens: 1167, Cost: $0.00088
2025-11-28 08:25:28,061 - Knowledge - INFO - Worker kw12 processing /Users/veera/Documents/kavia-backend/graphnode-backend-api/data/rdk7542/786/b49665h/entservices-infra-786/helpers/WsManager.h
2025-11-28 08:25:28,061 - Knowledge - INFO - done ingest for /Users/veera/Documents/kavia-backend/graphnode-backend-api/data/rdk7542/786/b49665h/entservices-infra-786/RustAdapter/RustAdapter.cpp
2025-11-28 08:25:28,141 - Knowledge - INFO - Worker kw12 processing /Users/veera/Documents/kavia-backend/graphnode-backend-api/data/rdk7542/786/b49665h/entservices-infra-786/helpers/UtilsConnections.h
2025-11-28 08:25:28,167 - Knowledge - INFO - Fast-tracked /Users/veera/Documents/kavia-backend/graphnode-backend-api/data/rdk7542/786/b49665h/entservices-infra-786/helpers/UtilsConnections.h (ext=.h, size=1748)
2025-11-28 08:25:28,183 - Knowledge - INFO - Worker kw12 processing /Users/veera/Documents/kavia-backend/graphnode-backend-api/data/rdk7542/786/b49665h/entservices-infra-786/helpers/frontpanel.cpp
2025-11-28 08:25:28,187 - Knowledge - INFO - [LLM_CALL] Completed: RustAdapter.h:chunk1, Duration: 86897ms, PromptTokens: 3454, CompletionTokens: 952, Cost: $0.00073
2025-11-28 08:25:28,188 - Knowledge - INFO - done ingest for /Users/veera/Documents/kavia-backend/graphnode-backend-api/data/rdk7542/786/b49665h/entservices-infra-786/RustAdapter/RustAdapter.h
2025-11-28 08:25:28,196 - Knowledge - INFO - Worker kw12 processing /Users/veera/Documents/kavia-backend/graphnode-backend-api/data/rdk7542/786/b49665h/entservices-infra-786/helpers/UtilsInputValidator.h
2025-11-28 08:25:28,197 - Knowledge - INFO - Worker kw12 processing /Users/veera/Documents/kavia-backend/graphnode-backend-api/data/rdk7542/786/b49665h/entservices-infra-786/helpers/PluginInterfaceBuilder.h
2025-11-28 08:25:28,197 - Knowledge - INFO - Worker kw12 processing /Users/veera/Documents/kavia-backend/graphnode-backend-api/data/rdk7542/786/b49665h/entservices-infra-786/helpers/UtilsSynchro.hpp
2025-11-28 08:25:28,203 - Knowledge - INFO - Worker kw12 processing /Users/veera/Documents/kavia-backend/graphnode-backend-api/data/rdk7542/786/b49665h/entservices-infra-786/helpers/UtilsgetRFCConfig.h
2025-11-28 08:25:28,213 - Knowledge - INFO - Fast-tracked /Users/veera/Documents/kavia-backend/graphnode-backend-api/data/rdk7542/786/b49665h/entservices-infra-786/helpers/UtilsgetRFCConfig.h (ext=.h, size=1043)
2025-11-28 08:25:28,219 - Knowledge - INFO - Worker kw12 processing /Users/veera/Documents/kavia-backend/graphnode-backend-api/data/rdk7542/786/b49665h/entservices-infra-786/helpers/UtilssyncPersistFile.h
2025-11-28 08:25:28,220 - Knowledge - INFO - Fast-tracked /Users/veera/Documents/kavia-backend/graphnode-backend-api/data/rdk7542/786/b49665h/entservices-infra-786/helpers/UtilssyncPersistFile.h (ext=.h, size=1541)
2025-11-28 08:25:28,220 - Knowledge - INFO - Worker kw12 processing /Users/veera/Documents/kavia-backend/graphnode-backend-api/data/rdk7542/786/b49665h/entservices-infra-786/helpers/UtilsController.h
2025-11-28 08:25:28,220 - Knowledge - INFO - Processing batch of 10 files
2025-11-28 08:25:28,289 - Knowledge - INFO - process ingested knowledge for /Users/veera/Documents/kavia-backend/graphnode-backend-api/data/rdk7542/786/b49665h/entservices-infra-786/helpers/UtilsThreadRAII.h
2025-11-28 08:25:28,333 - Knowledge - INFO - process ingested knowledge for /Users/veera/Documents/kavia-backend/graphnode-backend-api/data/rdk7542/786/b49665h/entservices-infra-786/OCIContainer/CMakeLists.txt
2025-11-28 08:25:28,371 - Knowledge - INFO - [LLM_CALL] Completed: LifecycleManagerTelemetryReporting.cpp:chunk1, Duration: 87962ms, PromptTokens: 4080, CompletionTokens: 563, Cost: $0.00063
2025-11-28 08:25:28,371 - Knowledge - INFO - done ingest for /Users/veera/Documents/kavia-backend/graphnode-backend-api/data/rdk7542/786/b49665h/entservices-infra-786/LifecycleManager/LifecycleManagerTelemetryReporting.cpp
2025-11-28 08:25:28,748 - Knowledge - INFO - [LLM_CALL] Completed: UtilsgetFileContent.h:chunk1, Duration: 9978ms, PromptTokens: 5212, CompletionTokens: 475, Cost: $0.00071
2025-11-28 08:25:28,748 - Knowledge - INFO - done ingest for /Users/veera/Documents/kavia-backend/graphnode-backend-api/data/rdk7542/786/b49665h/entservices-infra-786/helpers/UtilsgetFileContent.h
2025-11-28 08:25:28,783 - Knowledge - INFO - [LLM_CALL] Completed: ApplicationContext.h:chunk1, Duration: 88386ms, PromptTokens: 2548, CompletionTokens: 932, Cost: $0.00063
2025-11-28 08:25:28,783 - Knowledge - INFO - done ingest for /Users/veera/Documents/kavia-backend/graphnode-backend-api/data/rdk7542/786/b49665h/entservices-infra-786/LifecycleManager/ApplicationContext.h
2025-11-28 08:25:28,817 - Knowledge - INFO - [LLM_CALL] Completed: ObjectUtils.h:chunk1, Duration: 11768ms, PromptTokens: 2284, CompletionTokens: 450, Cost: $0.00041
2025-11-28 08:25:28,818 - Knowledge - INFO - done ingest for /Users/veera/Documents/kavia-backend/graphnode-backend-api/data/rdk7542/786/b49665h/entservices-infra-786/helpers/ObjectUtils.h
2025-11-28 08:25:28,818 - Knowledge - INFO - process ingested knowledge for /Users/veera/Documents/kavia-backend/graphnode-backend-api/data/rdk7542/786/b49665h/entservices-infra-786/helpers/UtilsCStr.h
2025-11-28 08:25:29,049 - Knowledge - INFO - [LLM_CALL] Completed: ApplicationContext.cpp:chunk1, Duration: 88576ms, PromptTokens: 3344, CompletionTokens: 1021, Cost: $0.00074
2025-11-28 08:25:29,058 - Knowledge - INFO - done ingest for /Users/veera/Documents/kavia-backend/graphnode-backend-api/data/rdk7542/786/b49665h/entservices-infra-786/LifecycleManager/ApplicationContext.cpp
2025-11-28 08:25:29,154 - Knowledge - INFO - process ingested knowledge for /Users/veera/Documents/kavia-backend/graphnode-backend-api/data/rdk7542/786/b49665h/entservices-infra-786/helpers/WebSockets/CommunicationInterface/CommandInterface.h
2025-11-28 08:25:29,166 - Knowledge - INFO - [LLM_CALL] Completed: RuntimeManagerHandler.cpp:chunk1, Duration: 88751ms, PromptTokens: 5014, CompletionTokens: 770, Cost: $0.00081
2025-11-28 08:25:29,166 - Knowledge - INFO - done ingest for /Users/veera/Documents/kavia-backend/graphnode-backend-api/data/rdk7542/786/b49665h/entservices-infra-786/LifecycleManager/RuntimeManagerHandler.cpp
2025-11-28 08:25:29,208 - Knowledge - INFO - [LLM_CALL] Completed: State.h:chunk1, Duration: 88762ms, PromptTokens: 2366, CompletionTokens: 737, Cost: $0.00053
2025-11-28 08:25:29,209 - Knowledge - INFO - done ingest for /Users/veera/Documents/kavia-backend/graphnode-backend-api/data/rdk7542/786/b49665h/entservices-infra-786/LifecycleManager/State.h
2025-11-28 08:25:29,453 - Knowledge - INFO - [LLM_CALL] Completed: LifecycleManagerImplementation.cpp:chunk1, Duration: 88949ms, PromptTokens: 13534, CompletionTokens: 1294, Cost: $0.00187
2025-11-28 08:25:29,453 - Knowledge - INFO - done ingest for /Users/veera/Documents/kavia-backend/graphnode-backend-api/data/rdk7542/786/b49665h/entservices-infra-786/LifecycleManager/LifecycleManagerImplementation.cpp
2025-11-28 08:25:29,537 - Knowledge - INFO - process ingested knowledge for /Users/veera/Documents/kavia-backend/graphnode-backend-api/data/rdk7542/786/b49665h/entservices-infra-786/helpers/WebSockets/CommunicationInterface/JsonRpcInterface.h
2025-11-28 08:25:29,661 - Knowledge - INFO - process ingested knowledge for /Users/veera/Documents/kavia-backend/graphnode-backend-api/data/rdk7542/786/b49665h/entservices-infra-786/OCIContainer/DobbyInterface.h
2025-11-28 08:25:29,763 - Knowledge - INFO - process ingested knowledge for /Users/veera/Documents/kavia-backend/graphnode-backend-api/data/rdk7542/786/b49665h/entservices-infra-786/OCIContainer/test/thunder-ocicontainer-test.js
2025-11-28 08:25:29,861 - Knowledge - INFO - process ingested knowledge for /Users/veera/Documents/kavia-backend/graphnode-backend-api/data/rdk7542/786/b49665h/entservices-infra-786/helpers/WebSockets/CommunicationInterface/BinaryInterface.h
2025-11-28 08:25:29,882 - Knowledge - INFO - Async storage completed for 15 embeddings
2025-11-28 08:25:29,935 - Knowledge - INFO - process ingested knowledge for /Users/veera/Documents/kavia-backend/graphnode-backend-api/data/rdk7542/786/b49665h/entservices-infra-786/helpers/WebSockets/Encryption/NoEncryption.h
2025-11-28 08:25:29,976 - Knowledge - INFO - process ingested knowledge for /Users/veera/Documents/kavia-backend/graphnode-backend-api/data/rdk7542/786/b49665h/entservices-infra-786/OCIContainer/test/DobbySpecs/helloworld.json
2025-11-28 08:25:30,236 - Knowledge - INFO - process ingested knowledge for /Users/veera/Documents/kavia-backend/graphnode-backend-api/data/rdk7542/786/b49665h/entservices-infra-786/helpers/WebSockets/Encryption/TlsEnabled.h
2025-11-28 08:25:30,383 - Knowledge - INFO - [LLM_CALL] Completed: RuntimeManagerImplementation.h:chunk1, Duration: 35008ms, PromptTokens: 4916, CompletionTokens: 1334, Cost: $0.00103
2025-11-28 08:25:30,384 - Knowledge - INFO - done ingest for /Users/veera/Documents/kavia-backend/graphnode-backend-api/data/rdk7542/786/b49665h/entservices-infra-786/RuntimeManager/RuntimeManagerImplementation.h
2025-11-28 08:25:30,686 - Knowledge - INFO - process ingested knowledge for /Users/veera/Documents/kavia-backend/graphnode-backend-api/data/rdk7542/786/b49665h/entservices-infra-786/helpers/WebSockets/JsonRpc/Notification.h
2025-11-28 08:25:30,760 - Knowledge - INFO - [LLM_CALL] Completed: DobbySpecGenerator.cpp:chunk1, Duration: 36248ms, PromptTokens: 19538, CompletionTokens: 1520, Cost: $0.00256
2025-11-28 08:25:30,837 - Knowledge - INFO - done ingest for /Users/veera/Documents/kavia-backend/graphnode-backend-api/data/rdk7542/786/b49665h/entservices-infra-786/RuntimeManager/DobbySpecGenerator.cpp
2025-11-28 08:25:30,956 - Knowledge - INFO - [LLM_CALL] Completed: RuntimeManagerImplementation.cpp:chunk1, Duration: 35440ms, PromptTokens: 19872, CompletionTokens: 1382, Cost: $0.00254
2025-11-28 08:25:30,958 - Knowledge - INFO - done ingest for /Users/veera/Documents/kavia-backend/graphnode-backend-api/data/rdk7542/786/b49665h/entservices-infra-786/RuntimeManager/RuntimeManagerImplementation.cpp
2025-11-28 08:25:31,451 - Knowledge - INFO - process ingested knowledge for /Users/veera/Documents/kavia-backend/graphnode-backend-api/data/rdk7542/786/b49665h/entservices-infra-786/helpers/WebSockets/JsonRpc/Response.h
2025-11-28 08:25:31,715 - Knowledge - INFO - Processing batch of 12 files
2025-11-28 08:25:31,715 - Knowledge - INFO - process ingested knowledge for /Users/veera/Documents/kavia-backend/graphnode-backend-api/data/rdk7542/786/b49665h/entservices-infra-786/RDKWindowManager/Module.cpp
2025-11-28 08:25:31,722 - Knowledge - INFO - process ingested knowledge for /Users/veera/Documents/kavia-backend/graphnode-backend-api/data/rdk7542/786/b49665h/entservices-infra-786/helpers/WebSockets/JsonRpc/Notification.cpp
2025-11-28 08:25:31,826 - Knowledge - INFO - [LLM_CALL] Completed: FbSettings.cpp:chunk1, Duration: 91279ms, PromptTokens: 15416, CompletionTokens: 2331, Cost: $0.00247
2025-11-28 08:25:31,860 - Knowledge - INFO - done ingest for /Users/veera/Documents/kavia-backend/graphnode-backend-api/data/rdk7542/786/b49665h/entservices-infra-786/FbSettings/FbSettings.cpp
2025-11-28 08:25:32,286 - Knowledge - INFO - process ingested knowledge for /Users/veera/Documents/kavia-backend/graphnode-backend-api/data/rdk7542/786/b49665h/entservices-infra-786/RDKWindowManager/RDKWindowManager.cpp
2025-11-28 08:25:32,303 - Knowledge - INFO - [WEBSOCKET] Sent: Type=progress_update, Size: 293, Duration: 0ms
2025-11-28 08:25:32,336 - Knowledge - INFO - [LLM_CALL] Completed: Monitor.h:chunk1, Duration: 91887ms, PromptTokens: 16176, CompletionTokens: 1365, Cost: $0.00216
2025-11-28 08:25:32,336 - Knowledge - INFO - done ingest for /Users/veera/Documents/kavia-backend/graphnode-backend-api/data/rdk7542/786/b49665h/entservices-infra-786/Monitor/Monitor.h
2025-11-28 08:25:32,336 - Knowledge - INFO - [WEBSOCKET] Sent: Type=unknown, Size: ?, Duration: 34ms
2025-11-28 08:25:32,339 - Knowledge - INFO - Progress: 61.6% | Files: 292/474 | Rate: 3.13 files/sec | Queue: 30
2025-11-28 08:25:32,485 - Knowledge - INFO - process ingested knowledge for /Users/veera/Documents/kavia-backend/graphnode-backend-api/data/rdk7542/786/b49665h/entservices-infra-786/RDKWindowManager/README.md
2025-11-28 08:25:33,048 - Knowledge - INFO - [LLM_CALL] Completed: WSEndpoint.cpp:chunk1, Duration: 18407ms, PromptTokens: 5230, CompletionTokens: 897, Cost: $0.00088
2025-11-28 08:25:33,052 - Knowledge - INFO - process ingested knowledge for /Users/veera/Documents/kavia-backend/graphnode-backend-api/data/rdk7542/786/b49665h/entservices-infra-786/RDKWindowManager/RDKWindowManagerImplementation.cpp
2025-11-28 08:25:33,052 - Knowledge - INFO - done ingest for /Users/veera/Documents/kavia-backend/graphnode-backend-api/data/rdk7542/786/b49665h/entservices-infra-786/helpers/WebSockets/WSEndpoint.cpp
2025-11-28 08:25:33,058 - Knowledge - INFO - [LLM_CALL] Completed: frontpanel.h:chunk1, Duration: 32766ms, PromptTokens: 2522, CompletionTokens: 856, Cost: $0.00059
2025-11-28 08:25:33,087 - Knowledge - INFO - done ingest for /Users/veera/Documents/kavia-backend/graphnode-backend-api/data/rdk7542/786/b49665h/entservices-infra-786/helpers/frontpanel.h
2025-11-28 08:25:33,366 - Knowledge - INFO - Processing batch of 15 files
2025-11-28 08:25:33,406 - Knowledge - INFO - process ingested knowledge for /Users/veera/Documents/kavia-backend/graphnode-backend-api/data/rdk7542/786/b49665h/entservices-infra-786/Tests/L1Tests/tests/test_PreinstallManager.cpp
2025-11-28 08:25:33,463 - Knowledge - INFO - Processing batch of 15 files
2025-11-28 08:25:33,469 - Knowledge - INFO - process ingested knowledge for /Users/veera/Documents/kavia-backend/graphnode-backend-api/data/rdk7542/786/b49665h/entservices-infra-786/USBDevice/USBDeviceImplementation.cpp
2025-11-28 08:25:33,485 - Knowledge - INFO - [LLM_CALL] Completed: WebSocketLink.h:chunk1, Duration: 33317ms, PromptTokens: 16584, CompletionTokens: 1339, Cost: $0.00219
2025-11-28 08:25:33,489 - Knowledge - INFO - done ingest for /Users/veera/Documents/kavia-backend/graphnode-backend-api/data/rdk7542/786/b49665h/entservices-infra-786/helpers/WebSocketLink.h
2025-11-28 08:25:33,638 - Knowledge - INFO - [kw11] Queue=30, InProgress=0, PendingWorkers=20/20, Completed=303/474 (63.9%)
2025-11-28 08:25:33,640 - Knowledge - INFO - [LLM_CALL] Completed: UtilsFirebolt.h:chunk1, Duration: 33135ms, PromptTokens: 3408, CompletionTokens: 970, Cost: $0.00073
2025-11-28 08:25:33,712 - Knowledge - INFO - process ingested knowledge for /Users/veera/Documents/kavia-backend/graphnode-backend-api/data/rdk7542/786/b49665h/entservices-infra-786/RDKWindowManager/RDKWindowManager.h
2025-11-28 08:25:33,714 - Knowledge - INFO - Batch sizing: calculated=10, max_allowed=25, queue=30, active_workers=20/20
2025-11-28 08:25:33,715 - Knowledge - ERROR - Timeout processing /Users/veera/Documents/kavia-backend/graphnode-backend-api/data/rdk7542/786/b49665h/entservices-infra-786/AppManager/LifecycleInterfaceConnector.cpp after 90s
2025-11-28 08:25:33,715 - Knowledge - INFO - done ingest for /Users/veera/Documents/kavia-backend/graphnode-backend-api/data/rdk7542/786/b49665h/entservices-infra-786/helpers/UtilsFirebolt.h
2025-11-28 08:25:33,789 - Knowledge - INFO - [LLM_CALL] Completed: RialtoConnector.cpp:chunk1, Duration: 35695ms, PromptTokens: 3102, CompletionTokens: 563, Cost: $0.00054
2025-11-28 08:25:33,790 - Knowledge - INFO - done ingest for /Users/veera/Documents/kavia-backend/graphnode-backend-api/data/rdk7542/786/b49665h/entservices-infra-786/RuntimeManager/RialtoConnector.cpp
2025-11-28 08:25:33,876 - Knowledge - INFO - process ingested knowledge for /Users/veera/Documents/kavia-backend/graphnode-backend-api/data/rdk7542/786/b49665h/entservices-infra-786/Tests/L1Tests/tests/test_USBDevice.cpp
2025-11-28 08:25:33,881 - Knowledge - INFO - [LLM_CALL] Completed: DobbyEventListener.cpp:chunk1, Duration: 35223ms, PromptTokens: 3514, CompletionTokens: 636, Cost: $0.00061
2025-11-28 08:25:33,881 - Knowledge - INFO - done ingest for /Users/veera/Documents/kavia-backend/graphnode-backend-api/data/rdk7542/786/b49665h/entservices-infra-786/RuntimeManager/DobbyEventListener.cpp
2025-11-28 08:25:34,080 - Knowledge - INFO - process ingested knowledge for /Users/veera/Documents/kavia-backend/graphnode-backend-api/data/rdk7542/786/b49665h/entservices-infra-786/RDKWindowManager/RDKWindowManagerImplementation.h
2025-11-28 08:25:34,092 - Knowledge - INFO - [LLM_CALL] Completed: StreamJSONOneShot.h:chunk1, Duration: 31039ms, PromptTokens: 4654, CompletionTokens: 1021, Cost: $0.00087
2025-11-28 08:25:34,092 - Knowledge - INFO - done ingest for /Users/veera/Documents/kavia-backend/graphnode-backend-api/data/rdk7542/786/b49665h/entservices-infra-786/helpers/StreamJSONOneShot.h
2025-11-28 08:25:34,143 - Knowledge - INFO - process ingested knowledge for /Users/veera/Documents/kavia-backend/graphnode-backend-api/data/rdk7542/786/b49665h/entservices-infra-786/Tests/L1Tests/tests/test_UtilsFile.cpp
2025-11-28 08:25:34,202 - Knowledge - INFO - [kw19] Queue=30, InProgress=0, PendingWorkers=20/20, Completed=312/474 (65.8%)
2025-11-28 08:25:34,206 - Knowledge - INFO - Batch sizing: calculated=10, max_allowed=25, queue=30, active_workers=20/20
2025-11-28 08:25:34,213 - Knowledge - INFO - process ingested knowledge for /Users/veera/Documents/kavia-backend/graphnode-backend-api/data/rdk7542/786/b49665h/entservices-infra-786/RDKWindowManager/Module.h
2025-11-28 08:25:34,214 - Knowledge - INFO - Async storing batch of 12 embeddings
2025-11-28 08:25:34,261 - Knowledge - INFO - process ingested knowledge for /Users/veera/Documents/kavia-backend/graphnode-backend-api/data/rdk7542/786/b49665h/entservices-infra-786/AppGateway/CMakeLists.txt
2025-11-28 08:25:34,270 - Knowledge - INFO - Worker kw11 processing /Users/veera/Documents/kavia-backend/graphnode-backend-api/data/rdk7542/786/b49665h/entservices-infra-786/helpers/UtilsUnused.h
2025-11-28 08:25:34,271 - Knowledge - INFO - Fast-tracked /Users/veera/Documents/kavia-backend/graphnode-backend-api/data/rdk7542/786/b49665h/entservices-infra-786/helpers/UtilsUnused.h (ext=.h, size=750)
2025-11-28 08:25:34,271 - Knowledge - INFO - Worker kw11 processing /Users/veera/Documents/kavia-backend/graphnode-backend-api/data/rdk7542/786/b49665h/entservices-infra-786/helpers/UtilsfileExists.h
2025-11-28 08:25:34,272 - Knowledge - INFO - Fast-tracked /Users/veera/Documents/kavia-backend/graphnode-backend-api/data/rdk7542/786/b49665h/entservices-infra-786/helpers/UtilsfileExists.h (ext=.h, size=880)
2025-11-28 08:25:34,272 - Knowledge - INFO - Worker kw11 processing /Users/veera/Documents/kavia-backend/graphnode-backend-api/data/rdk7542/786/b49665h/entservices-infra-786/helpers/UtilsFile.h
2025-11-28 08:25:34,272 - Knowledge - INFO - Worker kw11 processing /Users/veera/Documents/kavia-backend/graphnode-backend-api/data/rdk7542/786/b49665h/entservices-infra-786/helpers/UtilsSynchroIarm.hpp
2025-11-28 08:25:34,272 - Knowledge - INFO - Worker kw11 processing /Users/veera/Documents/kavia-backend/graphnode-backend-api/data/rdk7542/786/b49665h/entservices-infra-786/cov_build.sh
2025-11-28 08:25:34,273 - Knowledge - INFO - Worker kw11 processing /Users/veera/Documents/kavia-backend/graphnode-backend-api/data/rdk7542/786/b49665h/entservices-infra-786/Analytics/CMakeLists.txt
2025-11-28 08:25:34,273 - Knowledge - INFO - Fast-tracked /Users/veera/Documents/kavia-backend/graphnode-backend-api/data/rdk7542/786/b49665h/entservices-infra-786/Analytics/CMakeLists.txt (ext=.txt, size=4486)
2025-11-28 08:25:34,273 - Knowledge - INFO - Worker kw11 processing /Users/veera/Documents/kavia-backend/graphnode-backend-api/data/rdk7542/786/b49665h/entservices-infra-786/Analytics/CHANGELOG.md
2025-11-28 08:25:34,274 - Knowledge - INFO - Fast-tracked /Users/veera/Documents/kavia-backend/graphnode-backend-api/data/rdk7542/786/b49665h/entservices-infra-786/Analytics/CHANGELOG.md (ext=.md, size=1274)
2025-11-28 08:25:34,274 - Knowledge - INFO - Worker kw11 processing /Users/veera/Documents/kavia-backend/graphnode-backend-api/data/rdk7542/786/b49665h/entservices-infra-786/Analytics/Module.cpp
2025-11-28 08:25:34,274 - Knowledge - INFO - Fast-tracked /Users/veera/Documents/kavia-backend/graphnode-backend-api/data/rdk7542/786/b49665h/entservices-infra-786/Analytics/Module.cpp (ext=.cpp, size=765)
2025-11-28 08:25:34,274 - Knowledge - INFO - Worker kw11 processing /Users/veera/Documents/kavia-backend/graphnode-backend-api/data/rdk7542/786/b49665h/entservices-infra-786/Analytics/Tests/AnalyticsBackendMock/CMakeLists.txt
2025-11-28 08:25:34,274 - Knowledge - INFO - Fast-tracked /Users/veera/Documents/kavia-backend/graphnode-backend-api/data/rdk7542/786/b49665h/entservices-infra-786/Analytics/Tests/AnalyticsBackendMock/CMakeLists.txt (ext=.txt, size=2434)
2025-11-28 08:25:34,274 - Knowledge - INFO - Worker kw11 processing /Users/veera/Documents/kavia-backend/graphnode-backend-api/data/rdk7542/786/b49665h/entservices-infra-786/Analytics/Tests/AnalyticsBackendMock/AnalyticsBackendMock.cpp
2025-11-28 08:25:34,275 - Knowledge - INFO - Fast-tracked /Users/veera/Documents/kavia-backend/graphnode-backend-api/data/rdk7542/786/b49665h/entservices-infra-786/Analytics/Tests/AnalyticsBackendMock/AnalyticsBackendMock.cpp (ext=.cpp, size=8507)
2025-11-28 08:25:34,283 - Knowledge - INFO - Fast-tracked /Users/veera/Documents/kavia-backend/graphnode-backend-api/data/rdk7542/786/b49665h/entservices-infra-786/helpers/UtilsFile.h (small file (2625 bytes))
2025-11-28 08:25:34,319 - Knowledge - INFO - process ingested knowledge for /Users/veera/Documents/kavia-backend/graphnode-backend-api/data/rdk7542/786/b49665h/entservices-infra-786/Telemetry/TelemetryImplementation.cpp
2025-11-28 08:25:34,611 - Knowledge - INFO - Async storage completed for 12 embeddings
2025-11-28 08:25:34,623 - Knowledge - INFO - process ingested knowledge for /Users/veera/Documents/kavia-backend/graphnode-backend-api/data/rdk7542/786/b49665h/entservices-infra-786/USBDevice/USBDevice.cpp
2025-11-28 08:25:34,750 - Knowledge - INFO - process ingested knowledge for /Users/veera/Documents/kavia-backend/graphnode-backend-api/data/rdk7542/786/b49665h/entservices-infra-786/AppGateway/Module.cpp
2025-11-28 08:25:34,773 - Knowledge - INFO - [LLM_CALL] Completed: PluginInterfaceBuilder.h:chunk1, Duration: 5192ms, PromptTokens: 3268, CompletionTokens: 398, Cost: $0.00049
2025-11-28 08:25:34,773 - Knowledge - INFO - done ingest for /Users/veera/Documents/kavia-backend/graphnode-backend-api/data/rdk7542/786/b49665h/entservices-infra-786/helpers/PluginInterfaceBuilder.h
2025-11-28 08:25:34,810 - Knowledge - INFO - process ingested knowledge for /Users/veera/Documents/kavia-backend/graphnode-backend-api/data/rdk7542/786/b49665h/entservices-infra-786/Telemetry/CMakeLists.txt
2025-11-28 08:25:34,810 - Knowledge - INFO - Async storing batch of 15 embeddings
2025-11-28 08:25:34,811 - Knowledge - INFO - process ingested knowledge for /Users/veera/Documents/kavia-backend/graphnode-backend-api/data/rdk7542/786/b49665h/entservices-infra-786/USBDevice/CMakeLists.txt
2025-11-28 08:25:34,819 - Knowledge - INFO - Worker kw19 processing /Users/veera/Documents/kavia-backend/graphnode-backend-api/data/rdk7542/786/b49665h/entservices-infra-786/Analytics/Analytics.cpp
2025-11-28 08:25:34,967 - Knowledge - INFO - Worker kw19 processing /Users/veera/Documents/kavia-backend/graphnode-backend-api/data/rdk7542/786/b49665h/entservices-infra-786/Analytics/Analytics.h
2025-11-28 08:25:35,066 - Knowledge - INFO - Worker kw19 processing /Users/veera/Documents/kavia-backend/graphnode-backend-api/data/rdk7542/786/b49665h/entservices-infra-786/Analytics/Implementation/AnalyticsImplementation.h
2025-11-28 08:25:35,066 - Knowledge - INFO - Worker kw19 processing /Users/veera/Documents/kavia-backend/graphnode-backend-api/data/rdk7542/786/b49665h/entservices-infra-786/Analytics/Implementation/Backend/CMakeLists.txt
2025-11-28 08:25:35,075 - Knowledge - INFO - Fast-tracked /Users/veera/Documents/kavia-backend/graphnode-backend-api/data/rdk7542/786/b49665h/entservices-infra-786/Analytics/Implementation/Backend/CMakeLists.txt (ext=.txt, size=1595)
2025-11-28 08:25:35,075 - Knowledge - INFO - Worker kw19 processing /Users/veera/Documents/kavia-backend/graphnode-backend-api/data/rdk7542/786/b49665h/entservices-infra-786/Analytics/Implementation/Backend/AnalyticsBackendLoader.h
2025-11-28 08:25:35,075 - Knowledge - INFO - Fast-tracked /Users/veera/Documents/kavia-backend/graphnode-backend-api/data/rdk7542/786/b49665h/entservices-infra-786/Analytics/Implementation/Backend/AnalyticsBackendLoader.h (ext=.h, size=1336)
2025-11-28 08:25:35,076 - Knowledge - INFO - Worker kw19 processing /Users/veera/Documents/kavia-backend/graphnode-backend-api/data/rdk7542/786/b49665h/entservices-infra-786/Analytics/Implementation/Backend/AnalyticsBackendLoader.cpp
2025-11-28 08:25:35,235 - Knowledge - INFO - Fast-tracked /Users/veera/Documents/kavia-backend/graphnode-backend-api/data/rdk7542/786/b49665h/entservices-infra-786/Analytics/Implementation/Backend/AnalyticsBackendLoader.cpp (ext=.cpp, size=1583)
2025-11-28 08:25:35,236 - Knowledge - INFO - Worker kw19 processing /Users/veera/Documents/kavia-backend/graphnode-backend-api/data/rdk7542/786/b49665h/entservices-infra-786/Analytics/Implementation/SystemTime/CMakeLists.txt
2025-11-28 08:25:35,236 - Knowledge - INFO - Fast-tracked /Users/veera/Documents/kavia-backend/graphnode-backend-api/data/rdk7542/786/b49665h/entservices-infra-786/Analytics/Implementation/SystemTime/CMakeLists.txt (ext=.txt, size=1475)
2025-11-28 08:25:35,236 - Knowledge - INFO - Worker kw19 processing /Users/veera/Documents/kavia-backend/graphnode-backend-api/data/rdk7542/786/b49665h/entservices-infra-786/Analytics/Implementation/SystemTime/SystemTime.cpp
2025-11-28 08:25:35,236 - Knowledge - INFO - Worker kw19 processing /Users/veera/Documents/kavia-backend/graphnode-backend-api/data/rdk7542/786/b49665h/entservices-infra-786/Analytics/Implementation/SystemTime/SystemTime.h
2025-11-28 08:25:35,236 - Knowledge - INFO - Worker kw19 processing /Users/veera/Documents/kavia-backend/graphnode-backend-api/data/rdk7542/786/b49665h/entservices-infra-786/Analytics/Implementation/AnalyticsImplementation.cpp
2025-11-28 08:25:35,270 - Knowledge - INFO - Fast-tracked /Users/veera/Documents/kavia-backend/graphnode-backend-api/data/rdk7542/786/b49665h/entservices-infra-786/Analytics/Analytics.h (small file (2916 bytes))
2025-11-28 08:25:35,273 - Knowledge - INFO - process ingested knowledge for /Users/veera/Documents/kavia-backend/graphnode-backend-api/data/rdk7542/786/b49665h/entservices-infra-786/AppGateway/AppGatewayResponderImplementation.h
2025-11-28 08:25:35,275 - Knowledge - INFO - Processing batch of 12 files
2025-11-28 08:25:35,275 - Knowledge - INFO - process ingested knowledge for /Users/veera/Documents/kavia-backend/graphnode-backend-api/data/rdk7542/786/b49665h/entservices-infra-786/WebBridge/Module.cpp
2025-11-28 08:25:35,391 - Knowledge - INFO - process ingested knowledge for /Users/veera/Documents/kavia-backend/graphnode-backend-api/data/rdk7542/786/b49665h/entservices-infra-786/USBDevice/USBDeviceImplementation.h
2025-11-28 08:25:35,397 - Knowledge - INFO - process ingested knowledge for /Users/veera/Documents/kavia-backend/graphnode-backend-api/data/rdk7542/786/b49665h/entservices-infra-786/AppGateway/AppGatewayResponderImplementation.cpp
2025-11-28 08:25:35,422 - Knowledge - INFO - process ingested knowledge for /Users/veera/Documents/kavia-backend/graphnode-backend-api/data/rdk7542/786/b49665h/entservices-infra-786/Telemetry/CHANGELOG.md
2025-11-28 08:25:35,439 - Knowledge - INFO - Processing batch of 12 files
2025-11-28 08:25:35,454 - Knowledge - INFO - process ingested knowledge for /Users/veera/Documents/kavia-backend/graphnode-backend-api/data/rdk7542/786/b49665h/entservices-infra-786/Migration/Module.cpp
2025-11-28 08:25:35,486 - Knowledge - INFO - Fast-tracked /Users/veera/Documents/kavia-backend/graphnode-backend-api/data/rdk7542/786/b49665h/entservices-infra-786/Analytics/Implementation/SystemTime/SystemTime.h (small file (2685 bytes))
2025-11-28 08:25:35,610 - Knowledge - INFO - process ingested knowledge for /Users/veera/Documents/kavia-backend/graphnode-backend-api/data/rdk7542/786/b49665h/entservices-infra-786/USBDevice/CHANGELOG.md
2025-11-28 08:25:35,616 - Knowledge - INFO - Async storage completed for 15 embeddings
2025-11-28 08:25:35,623 - Knowledge - INFO - process ingested knowledge for /Users/veera/Documents/kavia-backend/graphnode-backend-api/data/rdk7542/786/b49665h/entservices-infra-786/WebBridge/js/WebBridgeServer.js
2025-11-28 08:25:35,636 - Knowledge - INFO - process ingested knowledge for /Users/veera/Documents/kavia-backend/graphnode-backend-api/data/rdk7542/786/b49665h/entservices-infra-786/Telemetry/Module.cpp
2025-11-28 08:25:35,637 - Knowledge - INFO - process ingested knowledge for /Users/veera/Documents/kavia-backend/graphnode-backend-api/data/rdk7542/786/b49665h/entservices-infra-786/Telemetry/README.md
2025-11-28 08:25:35,672 - Knowledge - INFO - process ingested knowledge for /Users/veera/Documents/kavia-backend/graphnode-backend-api/data/rdk7542/786/b49665h/entservices-infra-786/Migration/Migration.h
2025-11-28 08:25:35,815 - Knowledge - INFO - process ingested knowledge for /Users/veera/Documents/kavia-backend/graphnode-backend-api/data/rdk7542/786/b49665h/entservices-infra-786/USBDevice/Module.cpp
2025-11-28 08:25:35,817 - Knowledge - INFO - process ingested knowledge for /Users/veera/Documents/kavia-backend/graphnode-backend-api/data/rdk7542/786/b49665h/entservices-infra-786/WebBridge/js/WebBridgeSDK.js
2025-11-28 08:25:36,045 - Knowledge - INFO - [LLM_CALL] Completed: UtilsSynchro.hpp:chunk1, Duration: 6383ms, PromptTokens: 2920, CompletionTokens: 529, Cost: $0.00050
2025-11-28 08:25:36,058 - Knowledge - INFO - done ingest for /Users/veera/Documents/kavia-backend/graphnode-backend-api/data/rdk7542/786/b49665h/entservices-infra-786/helpers/UtilsSynchro.hpp
2025-11-28 08:25:36,071 - Knowledge - INFO - process ingested knowledge for /Users/veera/Documents/kavia-backend/graphnode-backend-api/data/rdk7542/786/b49665h/entservices-infra-786/USBDevice/Module.h
2025-11-28 08:25:36,072 - Knowledge - INFO - process ingested knowledge for /Users/veera/Documents/kavia-backend/graphnode-backend-api/data/rdk7542/786/b49665h/entservices-infra-786/WebBridge/js/WebBridgeClient.js
2025-11-28 08:25:36,183 - Knowledge - INFO - process ingested knowledge for /Users/veera/Documents/kavia-backend/graphnode-backend-api/data/rdk7542/786/b49665h/entservices-infra-786/Migration/README.md
2025-11-28 08:25:36,200 - Knowledge - INFO - [LLM_CALL] Completed: UtilsController.h:chunk1, Duration: 6379ms, PromptTokens: 4068, CompletionTokens: 611, Cost: $0.00065
2025-11-28 08:25:36,201 - Knowledge - INFO - done ingest for /Users/veera/Documents/kavia-backend/graphnode-backend-api/data/rdk7542/786/b49665h/entservices-infra-786/helpers/UtilsController.h
2025-11-28 08:25:36,312 - Knowledge - INFO - process ingested knowledge for /Users/veera/Documents/kavia-backend/graphnode-backend-api/data/rdk7542/786/b49665h/entservices-infra-786/USBDevice/USBDevice.h
2025-11-28 08:25:36,370 - Knowledge - INFO - process ingested knowledge for /Users/veera/Documents/kavia-backend/graphnode-backend-api/data/rdk7542/786/b49665h/entservices-infra-786/AppGateway/tests/CurlCmds.md
2025-11-28 08:25:36,428 - Knowledge - INFO - process ingested knowledge for /Users/veera/Documents/kavia-backend/graphnode-backend-api/data/rdk7542/786/b49665h/entservices-infra-786/Migration/MigrationImplementation.cpp
2025-11-28 08:25:36,508 - Knowledge - INFO - process ingested knowledge for /Users/veera/Documents/kavia-backend/graphnode-backend-api/data/rdk7542/786/b49665h/entservices-infra-786/README.md
2025-11-28 08:25:36,509 - Knowledge - INFO - process ingested knowledge for /Users/veera/Documents/kavia-backend/graphnode-backend-api/data/rdk7542/786/b49665h/entservices-infra-786/WebBridge/js/calc_server.html
2025-11-28 08:25:36,509 - Knowledge - INFO - process ingested knowledge for /Users/veera/Documents/kavia-backend/graphnode-backend-api/data/rdk7542/786/b49665h/entservices-infra-786/AppGateway/AppGateway.h
2025-11-28 08:25:36,629 - Knowledge - INFO - process ingested knowledge for /Users/veera/Documents/kavia-backend/graphnode-backend-api/data/rdk7542/786/b49665h/entservices-infra-786/WebBridge/Module.h
2025-11-28 08:25:36,630 - Knowledge - INFO - process ingested knowledge for /Users/veera/Documents/kavia-backend/graphnode-backend-api/data/rdk7542/786/b49665h/entservices-infra-786/AppGateway/AppGateway.cpp
2025-11-28 08:25:36,632 - Knowledge - INFO - process ingested knowledge for /Users/veera/Documents/kavia-backend/graphnode-backend-api/data/rdk7542/786/b49665h/entservices-infra-786/Migration/MigrationImplementation.h
2025-11-28 08:25:36,636 - Knowledge - INFO - process ingested knowledge for /Users/veera/Documents/kavia-backend/graphnode-backend-api/data/rdk7542/786/b49665h/entservices-infra-786/services.cmake
2025-11-28 08:25:36,707 - Knowledge - INFO - process ingested knowledge for /Users/veera/Documents/kavia-backend/graphnode-backend-api/data/rdk7542/786/b49665h/entservices-infra-786/WebBridge/WebBridge.h
2025-11-28 08:25:36,743 - Knowledge - INFO - [LLM_CALL] Completed: cov_build.sh:chunk1, Duration: 2163ms, PromptTokens: 2824, CompletionTokens: 59, Cost: $0.00031
2025-11-28 08:25:36,743 - Knowledge - INFO - done ingest for /Users/veera/Documents/kavia-backend/graphnode-backend-api/data/rdk7542/786/b49665h/entservices-infra-786/cov_build.sh
2025-11-28 08:25:36,773 - Knowledge - INFO - process ingested knowledge for /Users/veera/Documents/kavia-backend/graphnode-backend-api/data/rdk7542/786/b49665h/entservices-infra-786/AppGateway/Resolver.h
2025-11-28 08:25:36,774 - Knowledge - INFO - process ingested knowledge for /Users/veera/Documents/kavia-backend/graphnode-backend-api/data/rdk7542/786/b49665h/entservices-infra-786/Migration/Module.h
2025-11-28 08:25:36,831 - Knowledge - INFO - Processing batch of 10 files
2025-11-28 08:25:36,832 - Knowledge - INFO - process ingested knowledge for /Users/veera/Documents/kavia-backend/graphnode-backend-api/data/rdk7542/786/b49665h/entservices-infra-786/helpers/ObjectUtils.h
2025-11-28 08:25:36,963 - Knowledge - INFO - process ingested knowledge for /Users/veera/Documents/kavia-backend/graphnode-backend-api/data/rdk7542/786/b49665h/entservices-infra-786/build_dependencies.sh
2025-11-28 08:25:36,970 - Knowledge - INFO - process ingested knowledge for /Users/veera/Documents/kavia-backend/graphnode-backend-api/data/rdk7542/786/b49665h/entservices-infra-786/AppGateway/AppGatewayImplementation.h
2025-11-28 08:25:37,043 - Knowledge - INFO - process ingested knowledge for /Users/veera/Documents/kavia-backend/graphnode-backend-api/data/rdk7542/786/b49665h/entservices-infra-786/RuntimeManager/AIConfiguration.h
2025-11-28 08:25:37,044 - Knowledge - INFO - process ingested knowledge for /Users/veera/Documents/kavia-backend/graphnode-backend-api/data/rdk7542/786/b49665h/entservices-infra-786/UserSettings/UserSettingsImplementation.h
2025-11-28 08:25:37,124 - Knowledge - INFO - process ingested knowledge for /Users/veera/Documents/kavia-backend/graphnode-backend-api/data/rdk7542/786/b49665h/entservices-infra-786/helpers/UtilsisValidInt.h
2025-11-28 08:25:37,165 - Knowledge - WARNING - File /Users/veera/Documents/kavia-backend/graphnode-backend-api/data/rdk7542/786/b49665h/entservices-infra-786/AppManager/LifecycleInterfaceConnector.cpp not successfully processed
2025-11-28 08:25:37,166 - Knowledge - INFO - process ingested knowledge for /Users/veera/Documents/kavia-backend/graphnode-backend-api/data/rdk7542/786/b49665h/entservices-infra-786/RDKWindowManager/CMakeLists.txt
2025-11-28 08:25:37,278 - Knowledge - INFO - process ingested knowledge for /Users/veera/Documents/kavia-backend/graphnode-backend-api/data/rdk7542/786/b49665h/entservices-infra-786/AppGateway/Resolver.cpp
2025-11-28 08:25:37,285 - Knowledge - INFO - process ingested knowledge for /Users/veera/Documents/kavia-backend/graphnode-backend-api/data/rdk7542/786/b49665h/entservices-infra-786/RuntimeManager/AIConfiguration.cpp
2025-11-28 08:25:37,289 - Knowledge - INFO - process ingested knowledge for /Users/veera/Documents/kavia-backend/graphnode-backend-api/data/rdk7542/786/b49665h/entservices-infra-786/helpers/UtilsTelemetry.h
2025-11-28 08:25:37,303 - Knowledge - INFO - process ingested knowledge for /Users/veera/Documents/kavia-backend/graphnode-backend-api/data/rdk7542/786/b49665h/entservices-infra-786/RDKWindowManager/test/RDKWMJsonL3Test.sh
2025-11-28 08:25:37,655 - Knowledge - INFO - [LLM_CALL] Completed: UtilsInputValidator.h:chunk1, Duration: 8559ms, PromptTokens: 4896, CompletionTokens: 585, Cost: $0.00072
2025-11-28 08:25:37,690 - Knowledge - INFO - done ingest for /Users/veera/Documents/kavia-backend/graphnode-backend-api/data/rdk7542/786/b49665h/entservices-infra-786/helpers/UtilsInputValidator.h
2025-11-28 08:25:37,752 - Knowledge - INFO - process ingested knowledge for /Users/veera/Documents/kavia-backend/graphnode-backend-api/data/rdk7542/786/b49665h/entservices-infra-786/AppGateway/Module.h
2025-11-28 08:25:37,753 - Knowledge - INFO - Processing batch of 15 files
2025-11-28 08:25:37,758 - Knowledge - INFO - process ingested knowledge for /Users/veera/Documents/kavia-backend/graphnode-backend-api/data/rdk7542/786/b49665h/entservices-infra-786/DownloadManager/DownloadManagerImplementation.cpp
2025-11-28 08:25:37,760 - Knowledge - INFO - process ingested knowledge for /Users/veera/Documents/kavia-backend/graphnode-backend-api/data/rdk7542/786/b49665h/entservices-infra-786/UserSettings/CMakeLists.txt
2025-11-28 08:25:37,762 - Knowledge - INFO - process ingested knowledge for /Users/veera/Documents/kavia-backend/graphnode-backend-api/data/rdk7542/786/b49665h/entservices-infra-786/helpers/UtilsCallsign.h
2025-11-28 08:25:37,778 - Knowledge - INFO - [WEBSOCKET] Sent: Type=progress_update, Size: 290, Duration: 0ms
2025-11-28 08:25:37,781 - Knowledge - INFO - [WEBSOCKET] Sent: Type=unknown, Size: ?, Duration: 4ms
2025-11-28 08:25:37,782 - Knowledge - INFO - Progress: 82.5% | Files: 393/474 | Rate: 3.99 files/sec | Queue: 10
2025-11-28 08:25:37,809 - Knowledge - INFO - Processing batch of 10 files
2025-11-28 08:25:37,810 - Knowledge - INFO - process ingested knowledge for /Users/veera/Documents/kavia-backend/graphnode-backend-api/data/rdk7542/786/b49665h/entservices-infra-786/helpers/WebSockets/JsonRpc/Request.cpp
2025-11-28 08:25:37,821 - Knowledge - INFO - process ingested knowledge for /Users/veera/Documents/kavia-backend/graphnode-backend-api/data/rdk7542/786/b49665h/entservices-infra-786/RuntimeManager/CMakeLists.txt
2025-11-28 08:25:37,853 - Knowledge - INFO - process ingested knowledge for /Users/veera/Documents/kavia-backend/graphnode-backend-api/data/rdk7542/786/b49665h/entservices-infra-786/UserSettings/CHANGELOG.md
2025-11-28 08:25:37,855 - Knowledge - INFO - process ingested knowledge for /Users/veera/Documents/kavia-backend/graphnode-backend-api/data/rdk7542/786/b49665h/entservices-infra-786/helpers/ContextUtils.h
2025-11-28 08:25:37,860 - Knowledge - INFO - process ingested knowledge for /Users/veera/Documents/kavia-backend/graphnode-backend-api/data/rdk7542/786/b49665h/entservices-infra-786/RDKWindowManager/test/README.md
2025-11-28 08:25:37,860 - Knowledge - INFO - [kw10] Queue=10, InProgress=0, PendingWorkers=20/20, Completed=396/474 (83.5%)
2025-11-28 08:25:37,860 - Knowledge - INFO - Batch sizing: calculated=10, max_allowed=25, queue=10, active_workers=20/20
2025-11-28 08:25:37,860 - Knowledge - INFO - process ingested knowledge for /Users/veera/Documents/kavia-backend/graphnode-backend-api/data/rdk7542/786/b49665h/entservices-infra-786/helpers/WebSockets/JsonRpc/Response.cpp
2025-11-28 08:25:37,861 - Knowledge - INFO - process ingested knowledge for /Users/veera/Documents/kavia-backend/graphnode-backend-api/data/rdk7542/786/b49665h/entservices-infra-786/RuntimeManager/CHANGELOG.md
2025-11-28 08:25:37,866 - Knowledge - INFO - process ingested knowledge for /Users/veera/Documents/kavia-backend/graphnode-backend-api/data/rdk7542/786/b49665h/entservices-infra-786/DownloadManager/DownloadManagerImplementation.h
2025-11-28 08:25:38,089 - Knowledge - INFO - process ingested knowledge for /Users/veera/Documents/kavia-backend/graphnode-backend-api/data/rdk7542/786/b49665h/entservices-infra-786/UserSettings/Module.cpp
2025-11-28 08:25:38,090 - Knowledge - INFO - process ingested knowledge for /Users/veera/Documents/kavia-backend/graphnode-backend-api/data/rdk7542/786/b49665h/entservices-infra-786/helpers/UtilsgetFileContent.h
2025-11-28 08:25:38,188 - Knowledge - INFO - process ingested knowledge for /Users/veera/Documents/kavia-backend/graphnode-backend-api/data/rdk7542/786/b49665h/entservices-infra-786/RDKWindowManager/CHANGELOG.md
2025-11-28 08:25:38,191 - Knowledge - INFO - process ingested knowledge for /Users/veera/Documents/kavia-backend/graphnode-backend-api/data/rdk7542/786/b49665h/entservices-infra-786/RuntimeManager/Module.cpp
2025-11-28 08:25:38,193 - Knowledge - INFO - process ingested knowledge for /Users/veera/Documents/kavia-backend/graphnode-backend-api/data/rdk7542/786/b49665h/entservices-infra-786/AppGateway/AppGatewayImplementation.cpp
2025-11-28 08:25:38,194 - Knowledge - INFO - process ingested knowledge for /Users/veera/Documents/kavia-backend/graphnode-backend-api/data/rdk7542/786/b49665h/entservices-infra-786/DownloadManager/DownloadManagerHttpClient.h
2025-11-28 08:25:38,194 - Knowledge - INFO - process ingested knowledge for /Users/veera/Documents/kavia-backend/graphnode-backend-api/data/rdk7542/786/b49665h/entservices-infra-786/UserSettings/UserSettingsImplementation.cpp
2025-11-28 08:25:38,298 - Knowledge - INFO - process ingested knowledge for /Users/veera/Documents/kavia-backend/graphnode-backend-api/data/rdk7542/786/b49665h/entservices-infra-786/RuntimeManager/DobbyEventListener.h
2025-11-28 08:25:38,298 - Knowledge - INFO - Async storing batch of 10 embeddings
2025-11-28 08:25:38,329 - Knowledge - INFO - process ingested knowledge for /Users/veera/Documents/kavia-backend/graphnode-backend-api/data/rdk7542/786/b49665h/entservices-infra-786/helpers/UtilsLogging.h
2025-11-28 08:25:38,355 - Knowledge - INFO - Worker kw10 processing /Users/veera/Documents/kavia-backend/graphnode-backend-api/data/rdk7542/786/b49665h/entservices-infra-786/Analytics/Implementation/Interfaces/ISystemTime.h
2025-11-28 08:25:38,355 - Knowledge - INFO - Fast-tracked /Users/veera/Documents/kavia-backend/graphnode-backend-api/data/rdk7542/786/b49665h/entservices-infra-786/Analytics/Implementation/Interfaces/ISystemTime.h (ext=.h, size=1316)
2025-11-28 08:25:38,356 - Knowledge - INFO - Worker kw10 processing /Users/veera/Documents/kavia-backend/graphnode-backend-api/data/rdk7542/786/b49665h/entservices-infra-786/Analytics/Implementation/Interfaces/IAnalyticsBackend.h
2025-11-28 08:25:38,356 - Knowledge - INFO - Fast-tracked /Users/veera/Documents/kavia-backend/graphnode-backend-api/data/rdk7542/786/b49665h/entservices-infra-786/Analytics/Implementation/Interfaces/IAnalyticsBackend.h (ext=.h, size=1660)
2025-11-28 08:25:38,357 - Knowledge - INFO - Worker kw10 processing /Users/veera/Documents/kavia-backend/graphnode-backend-api/data/rdk7542/786/b49665h/entservices-infra-786/Analytics/Implementation/Interfaces/ILocalStore.h
2025-11-28 08:25:38,399 - Knowledge - INFO - Fast-tracked /Users/veera/Documents/kavia-backend/graphnode-backend-api/data/rdk7542/786/b49665h/entservices-infra-786/Analytics/Implementation/Interfaces/ILocalStore.h (ext=.h, size=1665)
2025-11-28 08:25:38,399 - Knowledge - INFO - Worker kw10 processing /Users/veera/Documents/kavia-backend/graphnode-backend-api/data/rdk7542/786/b49665h/entservices-infra-786/Analytics/Implementation/LocalStore/LocalStore.h
2025-11-28 08:25:38,401 - Knowledge - INFO - Fast-tracked /Users/veera/Documents/kavia-backend/graphnode-backend-api/data/rdk7542/786/b49665h/entservices-infra-786/Analytics/Implementation/LocalStore/LocalStore.h (ext=.h, size=1944)
2025-11-28 08:25:38,408 - Knowledge - INFO - Worker kw10 processing /Users/veera/Documents/kavia-backend/graphnode-backend-api/data/rdk7542/786/b49665h/entservices-infra-786/Analytics/Implementation/LocalStore/CMakeLists.txt
2025-11-28 08:25:38,415 - Knowledge - INFO - Fast-tracked /Users/veera/Documents/kavia-backend/graphnode-backend-api/data/rdk7542/786/b49665h/entservices-infra-786/Analytics/Implementation/LocalStore/CMakeLists.txt (ext=.txt, size=1742)
2025-11-28 08:25:38,423 - Knowledge - INFO - Worker kw10 processing /Users/veera/Documents/kavia-backend/graphnode-backend-api/data/rdk7542/786/b49665h/entservices-infra-786/Analytics/Implementation/LocalStore/DatabaseConnection.h
2025-11-28 08:25:38,425 - Knowledge - INFO - Worker kw10 processing /Users/veera/Documents/kavia-backend/graphnode-backend-api/data/rdk7542/786/b49665h/entservices-infra-786/Analytics/Implementation/LocalStore/DatabaseInterface.h
2025-11-28 08:25:38,430 - Knowledge - INFO - Worker kw10 processing /Users/veera/Documents/kavia-backend/graphnode-backend-api/data/rdk7542/786/b49665h/entservices-infra-786/Analytics/Implementation/LocalStore/DatabaseConnection.cpp
2025-11-28 08:25:38,445 - Knowledge - INFO - Worker kw10 processing /Users/veera/Documents/kavia-backend/graphnode-backend-api/data/rdk7542/786/b49665h/entservices-infra-786/Analytics/Implementation/LocalStore/LocalStore.cpp
2025-11-28 08:25:38,455 - Knowledge - INFO - Worker kw10 processing /Users/veera/Documents/kavia-backend/graphnode-backend-api/data/rdk7542/786/b49665h/entservices-infra-786/Analytics/Module.h
2025-11-28 08:25:38,468 - Knowledge - INFO - Fast-tracked /Users/veera/Documents/kavia-backend/graphnode-backend-api/data/rdk7542/786/b49665h/entservices-infra-786/Analytics/Module.h (ext=.h, size=873)
2025-11-28 08:25:38,526 - Knowledge - INFO - Processing batch of 14 files
2025-11-28 08:25:38,530 - Knowledge - INFO - process ingested knowledge for /Users/veera/Documents/kavia-backend/graphnode-backend-api/data/rdk7542/786/b49665h/entservices-infra-786/AppManager/AppManager.h
2025-11-28 08:25:38,591 - Knowledge - INFO - Processing batch of 12 files
2025-11-28 08:25:38,610 - Knowledge - INFO - process ingested knowledge for /Users/veera/Documents/kavia-backend/graphnode-backend-api/data/rdk7542/786/b49665h/entservices-infra-786/RuntimeManager/DobbySpecGenerator.h
2025-11-28 08:25:38,642 - Knowledge - INFO - process ingested knowledge for /Users/veera/Documents/kavia-backend/graphnode-backend-api/data/rdk7542/786/b49665h/entservices-infra-786/helpers/WebSockets/JsonRpc/Request.h
2025-11-28 08:25:38,678 - Knowledge - INFO - [LLM_CALL] Completed: UtilsSynchroIarm.hpp:chunk1, Duration: 4389ms, PromptTokens: 2538, CompletionTokens: 393, Cost: $0.00041
2025-11-28 08:25:38,678 - Knowledge - INFO - done ingest for /Users/veera/Documents/kavia-backend/graphnode-backend-api/data/rdk7542/786/b49665h/entservices-infra-786/helpers/UtilsSynchroIarm.hpp
2025-11-28 08:25:38,688 - Knowledge - INFO - process ingested knowledge for /Users/veera/Documents/kavia-backend/graphnode-backend-api/data/rdk7542/786/b49665h/entservices-infra-786/helpers/UtilsIarm.h
2025-11-28 08:25:38,744 - Knowledge - INFO - Fast-tracked /Users/veera/Documents/kavia-backend/graphnode-backend-api/data/rdk7542/786/b49665h/entservices-infra-786/Analytics/Implementation/LocalStore/DatabaseInterface.h (small file (2632 bytes))
2025-11-28 08:25:38,837 - Knowledge - INFO - Processing batch of 15 files
2025-11-28 08:25:38,838 - Knowledge - INFO - process ingested knowledge for /Users/veera/Documents/kavia-backend/graphnode-backend-api/data/rdk7542/786/b49665h/entservices-infra-786/FbSettings/FbSettings.cpp
2025-11-28 08:25:38,839 - Knowledge - INFO - process ingested knowledge for /Users/veera/Documents/kavia-backend/graphnode-backend-api/data/rdk7542/786/b49665h/entservices-infra-786/RuntimeManager/WindowManagerConnector.cpp
2025-11-28 08:25:38,839 - Knowledge - INFO - process ingested knowledge for /Users/veera/Documents/kavia-backend/graphnode-backend-api/data/rdk7542/786/b49665h/entservices-infra-786/helpers/WebSockets/Roles/Client.h
2025-11-28 08:25:38,968 - Knowledge - INFO - Async storage completed for 10 embeddings
2025-11-28 08:25:39,359 - Knowledge - INFO - process ingested knowledge for /Users/veera/Documents/kavia-backend/graphnode-backend-api/data/rdk7542/786/b49665h/entservices-infra-786/AppManager/LifecycleInterfaceConnector.h
2025-11-28 08:25:39,727 - Knowledge - INFO - process ingested knowledge for /Users/veera/Documents/kavia-backend/graphnode-backend-api/data/rdk7542/786/b49665h/entservices-infra-786/RuntimeManager/README.md
2025-11-28 08:25:39,747 - Knowledge - INFO - process ingested knowledge for /Users/veera/Documents/kavia-backend/graphnode-backend-api/data/rdk7542/786/b49665h/entservices-infra-786/DownloadManager/Module.h
2025-11-28 08:25:39,995 - Knowledge - INFO - process ingested knowledge for /Users/veera/Documents/kavia-backend/graphnode-backend-api/data/rdk7542/786/b49665h/entservices-infra-786/helpers/UtilsUUID.h
2025-11-28 08:25:40,071 - Knowledge - INFO - process ingested knowledge for /Users/veera/Documents/kavia-backend/graphnode-backend-api/data/rdk7542/786/b49665h/entservices-infra-786/AppManager/AppManager.cpp
2025-11-28 08:25:40,071 - Knowledge - INFO - process ingested knowledge for /Users/veera/Documents/kavia-backend/graphnode-backend-api/data/rdk7542/786/b49665h/entservices-infra-786/FbSettings/Module.cpp
2025-11-28 08:25:40,182 - Knowledge - INFO - process ingested knowledge for /Users/veera/Documents/kavia-backend/graphnode-backend-api/data/rdk7542/786/b49665h/entservices-infra-786/DownloadManager/DownloadManager.cpp
2025-11-28 08:25:40,231 - Knowledge - INFO - [LLM_CALL] Completed: frontpanel.cpp:chunk1, Duration: 11492ms, PromptTokens: 10986, CompletionTokens: 1235, Cost: $0.00159
2025-11-28 08:25:40,231 - Knowledge - INFO - done ingest for /Users/veera/Documents/kavia-backend/graphnode-backend-api/data/rdk7542/786/b49665h/entservices-infra-786/helpers/frontpanel.cpp
2025-11-28 08:25:40,232 - Knowledge - INFO - Processing batch of 10 files
2025-11-28 08:25:40,243 - Knowledge - INFO - process ingested knowledge for /Users/veera/Documents/kavia-backend/graphnode-backend-api/data/rdk7542/786/b49665h/entservices-infra-786/RuntimeManager/Module.h
2025-11-28 08:25:40,353 - Knowledge - INFO - process ingested knowledge for /Users/veera/Documents/kavia-backend/graphnode-backend-api/data/rdk7542/786/b49665h/entservices-infra-786/helpers/UtilsLibraryLoader.h
2025-11-28 08:25:40,359 - Knowledge - INFO - process ingested knowledge for /Users/veera/Documents/kavia-backend/graphnode-backend-api/data/rdk7542/786/b49665h/entservices-infra-786/FbSettings/tests/CurlCmds.md
2025-11-28 08:25:40,406 - Knowledge - INFO - process ingested knowledge for /Users/veera/Documents/kavia-backend/graphnode-backend-api/data/rdk7542/786/b49665h/entservices-infra-786/RuntimeManager/DobbySpecGenerator.cpp
2025-11-28 08:25:40,407 - Knowledge - INFO - process ingested knowledge for /Users/veera/Documents/kavia-backend/graphnode-backend-api/data/rdk7542/786/b49665h/entservices-infra-786/USBMassStorage/USBMassStorageImplementation.h
2025-11-28 08:25:40,575 - Knowledge - INFO - [LLM_CALL] Completed: WsManager.h:chunk1, Duration: 12280ms, PromptTokens: 10482, CompletionTokens: 1392, Cost: $0.00161
2025-11-28 08:25:40,576 - Knowledge - INFO - done ingest for /Users/veera/Documents/kavia-backend/graphnode-backend-api/data/rdk7542/786/b49665h/entservices-infra-786/helpers/WsManager.h
2025-11-28 08:25:40,635 - Knowledge - INFO - [LLM_CALL] Completed: AnalyticsImplementation.h:chunk1, Duration: 5354ms, PromptTokens: 3096, CompletionTokens: 675, Cost: $0.00058
2025-11-28 08:25:40,636 - Knowledge - INFO - process ingested knowledge for /Users/veera/Documents/kavia-backend/graphnode-backend-api/data/rdk7542/786/b49665h/entservices-infra-786/AppManager/CMakeLists.txt
2025-11-28 08:25:40,636 - Knowledge - INFO - done ingest for /Users/veera/Documents/kavia-backend/graphnode-backend-api/data/rdk7542/786/b49665h/entservices-infra-786/Analytics/Implementation/AnalyticsImplementation.h
2025-11-28 08:25:40,637 - Knowledge - INFO - process ingested knowledge for /Users/veera/Documents/kavia-backend/graphnode-backend-api/data/rdk7542/786/b49665h/entservices-infra-786/FbSettings/delegate/UserSettingsDelegate.h
2025-11-28 08:25:40,724 - Knowledge - INFO - process ingested knowledge for /Users/veera/Documents/kavia-backend/graphnode-backend-api/data/rdk7542/786/b49665h/entservices-infra-786/RuntimeManager/UserIdManager.h
2025-11-28 08:25:40,813 - Knowledge - INFO - process ingested knowledge for /Users/veera/Documents/kavia-backend/graphnode-backend-api/data/rdk7542/786/b49665h/entservices-infra-786/AppManager/Module.cpp
2025-11-28 08:25:40,816 - Knowledge - INFO - process ingested knowledge for /Users/veera/Documents/kavia-backend/graphnode-backend-api/data/rdk7542/786/b49665h/entservices-infra-786/FbSettings/delegate/SettingsDelegate.h
2025-11-28 08:25:40,816 - Knowledge - INFO - process ingested knowledge for /Users/veera/Documents/kavia-backend/graphnode-backend-api/data/rdk7542/786/b49665h/entservices-infra-786/USBMassStorage/USBMassStorage.h
2025-11-28 08:25:40,817 - Knowledge - INFO - process ingested knowledge for /Users/veera/Documents/kavia-backend/graphnode-backend-api/data/rdk7542/786/b49665h/entservices-infra-786/RuntimeManager/RuntimeManager.h
2025-11-28 08:25:41,071 - Knowledge - INFO - process ingested knowledge for /Users/veera/Documents/kavia-backend/graphnode-backend-api/data/rdk7542/786/b49665h/entservices-infra-786/RuntimeManager/RialtoConnector.h
2025-11-28 08:25:41,143 - Knowledge - INFO - process ingested knowledge for /Users/veera/Documents/kavia-backend/graphnode-backend-api/data/rdk7542/786/b49665h/entservices-infra-786/FbSettings/delegate/NetworkDelegate.h
2025-11-28 08:25:41,143 - Knowledge - INFO - process ingested knowledge for /Users/veera/Documents/kavia-backend/graphnode-backend-api/data/rdk7542/786/b49665h/entservices-infra-786/USBMassStorage/CMakeLists.txt
2025-11-28 08:25:41,170 - Knowledge - INFO - process ingested knowledge for /Users/veera/Documents/kavia-backend/graphnode-backend-api/data/rdk7542/786/b49665h/entservices-infra-786/FbSettings/delegate/SystemDelegate.h
2025-11-28 08:25:41,175 - Knowledge - INFO - Processing batch of 15 files
2025-11-28 08:25:41,175 - Knowledge - INFO - process ingested knowledge for /Users/veera/Documents/kavia-backend/graphnode-backend-api/data/rdk7542/786/b49665h/entservices-infra-786/Monitor/Monitor.h
2025-11-28 08:25:41,209 - Knowledge - INFO - [LLM_CALL] Completed: Analytics.cpp:chunk1, Duration: 5965ms, PromptTokens: 2694, CompletionTokens: 579, Cost: $0.00050
2025-11-28 08:25:41,210 - Knowledge - INFO - done ingest for /Users/veera/Documents/kavia-backend/graphnode-backend-api/data/rdk7542/786/b49665h/entservices-infra-786/Analytics/Analytics.cpp
2025-11-28 08:25:41,231 - Knowledge - INFO - process ingested knowledge for /Users/veera/Documents/kavia-backend/graphnode-backend-api/data/rdk7542/786/b49665h/entservices-infra-786/helpers/WebSockets/Roles/SingleClientServer.h
2025-11-28 08:25:41,237 - Knowledge - INFO - process ingested knowledge for /Users/veera/Documents/kavia-backend/graphnode-backend-api/data/rdk7542/786/b49665h/entservices-infra-786/AppManager/AppManagerImplementation.h
2025-11-28 08:25:41,238 - Knowledge - INFO - process ingested knowledge for /Users/veera/Documents/kavia-backend/graphnode-backend-api/data/rdk7542/786/b49665h/entservices-infra-786/RuntimeManager/RialtoConnector.cpp
2025-11-28 08:25:41,242 - Knowledge - INFO - process ingested knowledge for /Users/veera/Documents/kavia-backend/graphnode-backend-api/data/rdk7542/786/b49665h/entservices-infra-786/RuntimeManager/RuntimeManager.cpp
2025-11-28 08:25:41,583 - Knowledge - INFO - process ingested knowledge for /Users/veera/Documents/kavia-backend/graphnode-backend-api/data/rdk7542/786/b49665h/entservices-infra-786/AppManager/AppManagerImplementation.cpp
2025-11-28 08:25:41,629 - Knowledge - INFO - Processing batch of 10 files
2025-11-28 08:25:41,637 - Knowledge - INFO - process ingested knowledge for /Users/veera/Documents/kavia-backend/graphnode-backend-api/data/rdk7542/786/b49665h/entservices-infra-786/helpers/PowerManagerInterface.h
2025-11-28 08:25:41,875 - Knowledge - INFO - process ingested knowledge for /Users/veera/Documents/kavia-backend/graphnode-backend-api/data/rdk7542/786/b49665h/entservices-infra-786/FbSettings/Module.h
2025-11-28 08:25:42,163 - Knowledge - INFO - [WEBSOCKET] Sent: Type=progress_update, Size: 273, Duration: 0ms
2025-11-28 08:25:42,164 - Knowledge - INFO - process ingested knowledge for /Users/veera/Documents/kavia-backend/graphnode-backend-api/data/rdk7542/786/b49665h/entservices-infra-786/helpers/WebSockets/PingPong/PingPongEnabled.h
2025-11-28 08:25:42,165 - Knowledge - INFO - process ingested knowledge for /Users/veera/Documents/kavia-backend/graphnode-backend-api/data/rdk7542/786/b49665h/entservices-infra-786/RuntimeManager/ApplicationConfiguration.h
2025-11-28 08:25:42,165 - Knowledge - INFO - [WEBSOCKET] Sent: Type=unknown, Size: ?, Duration: 1ms
2025-11-28 08:25:42,165 - Knowledge - INFO - process ingested knowledge for /Users/veera/Documents/kavia-backend/graphnode-backend-api/data/rdk7542/786/b49665h/entservices-infra-786/RuntimeManager/DobbyEventListener.cpp
2025-11-28 08:25:42,175 - Knowledge - INFO - process ingested knowledge for /Users/veera/Documents/kavia-backend/graphnode-backend-api/data/rdk7542/786/b49665h/entservices-infra-786/USBMassStorage/CHANGELOG.md
2025-11-28 08:25:42,177 - Knowledge - INFO - Progress: 91.8% | Files: 436/474 | Rate: 4.24 files/sec | Queue: 0
2025-11-28 08:25:42,249 - Knowledge - INFO - process ingested knowledge for /Users/veera/Documents/kavia-backend/graphnode-backend-api/data/rdk7542/786/b49665h/entservices-infra-786/helpers/UtilsBIT.h
2025-11-28 08:25:42,519 - Knowledge - INFO - process ingested knowledge for /Users/veera/Documents/kavia-backend/graphnode-backend-api/data/rdk7542/786/b49665h/entservices-infra-786/USBMassStorage/Module.cpp
2025-11-28 08:25:42,522 - Knowledge - INFO - process ingested knowledge for /Users/veera/Documents/kavia-backend/graphnode-backend-api/data/rdk7542/786/b49665h/entservices-infra-786/Monitor/doc/MonitorPlugin.md
2025-11-28 08:25:42,522 - Knowledge - INFO - process ingested knowledge for /Users/veera/Documents/kavia-backend/graphnode-backend-api/data/rdk7542/786/b49665h/entservices-infra-786/helpers/BaseEventDelegate.h
2025-11-28 08:25:42,523 - Knowledge - INFO - process ingested knowledge for /Users/veera/Documents/kavia-backend/graphnode-backend-api/data/rdk7542/786/b49665h/entservices-infra-786/RuntimeManager/IEventHandler.h
2025-11-28 08:25:42,524 - Knowledge - INFO - process ingested knowledge for /Users/veera/Documents/kavia-backend/graphnode-backend-api/data/rdk7542/786/b49665h/entservices-infra-786/Monitor/Module.h
2025-11-28 08:25:42,525 - Knowledge - INFO - process ingested knowledge for /Users/veera/Documents/kavia-backend/graphnode-backend-api/data/rdk7542/786/b49665h/entservices-infra-786/helpers/StreamJSONOneShot.h
2025-11-28 08:25:42,640 - Knowledge - INFO - process ingested knowledge for /Users/veera/Documents/kavia-backend/graphnode-backend-api/data/rdk7542/786/b49665h/entservices-infra-786/AppManager/AppManagerTelemetryReporting.cpp
2025-11-28 08:25:42,681 - Knowledge - INFO - process ingested knowledge for /Users/veera/Documents/kavia-backend/graphnode-backend-api/data/rdk7542/786/b49665h/entservices-infra-786/Monitor/MonitorJsonRpc.cpp
2025-11-28 08:25:42,765 - Knowledge - INFO - [LLM_CALL] Completed: SystemTime.cpp:chunk1, Duration: 7394ms, PromptTokens: 7580, CompletionTokens: 865, Cost: $0.00110
2025-11-28 08:25:42,766 - Knowledge - INFO - done ingest for /Users/veera/Documents/kavia-backend/graphnode-backend-api/data/rdk7542/786/b49665h/entservices-infra-786/Analytics/Implementation/SystemTime/SystemTime.cpp
2025-11-28 08:25:42,892 - Knowledge - INFO - process ingested knowledge for /Users/veera/Documents/kavia-backend/graphnode-backend-api/data/rdk7542/786/b49665h/entservices-infra-786/helpers/UtilsJsonrpcDirectLink.h
2025-11-28 08:25:42,893 - Knowledge - INFO - process ingested knowledge for /Users/veera/Documents/kavia-backend/graphnode-backend-api/data/rdk7542/786/b49665h/entservices-infra-786/AppManager/Module.h
2025-11-28 08:25:42,955 - Knowledge - INFO - process ingested knowledge for /Users/veera/Documents/kavia-backend/graphnode-backend-api/data/rdk7542/786/b49665h/entservices-infra-786/helpers/UtilsString.h
2025-11-28 08:25:42,960 - Knowledge - INFO - process ingested knowledge for /Users/veera/Documents/kavia-backend/graphnode-backend-api/data/rdk7542/786/b49665h/entservices-infra-786/USBMassStorage/USBMassStorageImplementation.cpp
2025-11-28 08:25:42,961 - Knowledge - INFO - process ingested knowledge for /Users/veera/Documents/kavia-backend/graphnode-backend-api/data/rdk7542/786/b49665h/entservices-infra-786/PackageManager/PackageManager.h
2025-11-28 08:25:42,961 - Knowledge - INFO - process ingested knowledge for /Users/veera/Documents/kavia-backend/graphnode-backend-api/data/rdk7542/786/b49665h/entservices-infra-786/RuntimeManager/RuntimeManagerImplementation.h
2025-11-28 08:25:43,099 - Knowledge - INFO - [LLM_CALL] Completed: AnalyticsImplementation.cpp:chunk1, Duration: 7605ms, PromptTokens: 7602, CompletionTokens: 929, Cost: $0.00113
2025-11-28 08:25:43,100 - Knowledge - INFO - done ingest for /Users/veera/Documents/kavia-backend/graphnode-backend-api/data/rdk7542/786/b49665h/entservices-infra-786/Analytics/Implementation/AnalyticsImplementation.cpp
2025-11-28 08:25:43,203 - Knowledge - INFO - process ingested knowledge for /Users/veera/Documents/kavia-backend/graphnode-backend-api/data/rdk7542/786/b49665h/entservices-infra-786/helpers/UtilsJsonRpc.h
2025-11-28 08:25:43,256 - Knowledge - INFO - Processing batch of 10 files
2025-11-28 08:25:43,258 - Knowledge - INFO - process ingested knowledge for /Users/veera/Documents/kavia-backend/graphnode-backend-api/data/rdk7542/786/b49665h/entservices-infra-786/helpers/UtilsUnused.h
2025-11-28 08:25:43,305 - Knowledge - INFO - process ingested knowledge for /Users/veera/Documents/kavia-backend/graphnode-backend-api/data/rdk7542/786/b49665h/entservices-infra-786/helpers/cSettings.h
2025-11-28 08:25:43,305 - Knowledge - INFO - process ingested knowledge for /Users/veera/Documents/kavia-backend/graphnode-backend-api/data/rdk7542/786/b49665h/entservices-infra-786/USBMassStorage/Module.h
2025-11-28 08:25:43,311 - Knowledge - INFO - process ingested knowledge for /Users/veera/Documents/kavia-backend/graphnode-backend-api/data/rdk7542/786/b49665h/entservices-infra-786/PackageManager/CMakeLists.txt
2025-11-28 08:25:43,357 - Knowledge - INFO - process ingested knowledge for /Users/veera/Documents/kavia-backend/graphnode-backend-api/data/rdk7542/786/b49665h/entservices-infra-786/helpers/WebSockets/PingPong/PingPongDisabled.h
2025-11-28 08:25:43,426 - Knowledge - INFO - process ingested knowledge for /Users/veera/Documents/kavia-backend/graphnode-backend-api/data/rdk7542/786/b49665h/entservices-infra-786/helpers/WebSocketLink.h
2025-11-28 08:25:43,426 - Knowledge - INFO - process ingested knowledge for /Users/veera/Documents/kavia-backend/graphnode-backend-api/data/rdk7542/786/b49665h/entservices-infra-786/helpers/UtilsfileExists.h
2025-11-28 08:25:43,467 - Knowledge - INFO - process ingested knowledge for /Users/veera/Documents/kavia-backend/graphnode-backend-api/data/rdk7542/786/b49665h/entservices-infra-786/USBMassStorage/USBMassStorage.cpp
2025-11-28 08:25:43,511 - Knowledge - INFO - process ingested knowledge for /Users/veera/Documents/kavia-backend/graphnode-backend-api/data/rdk7542/786/b49665h/entservices-infra-786/helpers/UtilsFile.h
2025-11-28 08:25:43,513 - Knowledge - INFO - process ingested knowledge for /Users/veera/Documents/kavia-backend/graphnode-backend-api/data/rdk7542/786/b49665h/entservices-infra-786/helpers/UtilsProcess.h
2025-11-28 08:25:43,589 - Knowledge - INFO - process ingested knowledge for /Users/veera/Documents/kavia-backend/graphnode-backend-api/data/rdk7542/786/b49665h/entservices-infra-786/FbSettings/FbSettings.h
2025-11-28 08:25:43,742 - Knowledge - INFO - process ingested knowledge for /Users/veera/Documents/kavia-backend/graphnode-backend-api/data/rdk7542/786/b49665h/entservices-infra-786/helpers/UtilsSynchroIarm.hpp
2025-11-28 08:25:43,745 - Knowledge - INFO - process ingested knowledge for /Users/veera/Documents/kavia-backend/graphnode-backend-api/data/rdk7542/786/b49665h/entservices-infra-786/FbSettings/CMakeLists.txt
2025-11-28 08:25:43,895 - Knowledge - INFO - process ingested knowledge for /Users/veera/Documents/kavia-backend/graphnode-backend-api/data/rdk7542/786/b49665h/entservices-infra-786/RuntimeManager/UserIdManager.cpp
2025-11-28 08:25:43,940 - Knowledge - INFO - process ingested knowledge for /Users/veera/Documents/kavia-backend/graphnode-backend-api/data/rdk7542/786/b49665h/entservices-infra-786/helpers/frontpanel.h
2025-11-28 08:25:43,941 - Knowledge - INFO - process ingested knowledge for /Users/veera/Documents/kavia-backend/graphnode-backend-api/data/rdk7542/786/b49665h/entservices-infra-786/PackageManager/PackageManagerImplementation.cpp
2025-11-28 08:25:44,039 - Knowledge - INFO - process ingested knowledge for /Users/veera/Documents/kavia-backend/graphnode-backend-api/data/rdk7542/786/b49665h/entservices-infra-786/helpers/WebSockets/ConnectionInitializationResult.h
2025-11-28 08:25:44,040 - Knowledge - INFO - process ingested knowledge for /Users/veera/Documents/kavia-backend/graphnode-backend-api/data/rdk7542/786/b49665h/entservices-infra-786/CMakeLists.txt
2025-11-28 08:25:44,041 - Knowledge - INFO - process ingested knowledge for /Users/veera/Documents/kavia-backend/graphnode-backend-api/data/rdk7542/786/b49665h/entservices-infra-786/helpers/UtilsSearchRDKProfile.h
2025-11-28 08:25:44,043 - Knowledge - INFO - process ingested knowledge for /Users/veera/Documents/kavia-backend/graphnode-backend-api/data/rdk7542/786/b49665h/entservices-infra-786/helpers/UtilsFirebolt.h
2025-11-28 08:25:44,044 - Knowledge - INFO - process ingested knowledge for /Users/veera/Documents/kavia-backend/graphnode-backend-api/data/rdk7542/786/b49665h/entservices-infra-786/helpers/WebSockets/WSEndpoint.h
2025-11-28 08:25:44,103 - Knowledge - INFO - process ingested knowledge for /Users/veera/Documents/kavia-backend/graphnode-backend-api/data/rdk7542/786/b49665h/entservices-infra-786/helpers/StringUtils.h
2025-11-28 08:25:44,104 - Knowledge - INFO - process ingested knowledge for /Users/veera/Documents/kavia-backend/graphnode-backend-api/data/rdk7542/786/b49665h/entservices-infra-786/AppManager/AppManagerTelemetryReporting.h
2025-11-28 08:25:44,107 - Knowledge - INFO - process ingested knowledge for /Users/veera/Documents/kavia-backend/graphnode-backend-api/data/rdk7542/786/b49665h/entservices-infra-786/RuntimeManager/WindowManagerConnector.h
2025-11-28 08:25:44,132 - Knowledge - INFO - Processing batch of 15 files
2025-11-28 08:25:44,136 - Knowledge - INFO - process ingested knowledge for /Users/veera/Documents/kavia-backend/graphnode-backend-api/data/rdk7542/786/b49665h/entservices-infra-786/LifecycleManager/ApplicationContext.h
2025-11-28 08:25:44,144 - Knowledge - INFO - process ingested knowledge for /Users/veera/Documents/kavia-backend/graphnode-backend-api/data/rdk7542/786/b49665h/entservices-infra-786/Monitor/CMakeLists.txt
2025-11-28 08:25:44,183 - Knowledge - INFO - process ingested knowledge for /Users/veera/Documents/kavia-backend/graphnode-backend-api/data/rdk7542/786/b49665h/entservices-infra-786/PackageManager/cmake/FindCurl.cmake
2025-11-28 08:25:44,184 - Knowledge - INFO - process ingested knowledge for /Users/veera/Documents/kavia-backend/graphnode-backend-api/data/rdk7542/786/b49665h/entservices-infra-786/cov_build.sh
2025-11-28 08:25:44,185 - Knowledge - INFO - process ingested knowledge for /Users/veera/Documents/kavia-backend/graphnode-backend-api/data/rdk7542/786/b49665h/entservices-infra-786/Monitor/CHANGELOG.md
2025-11-28 08:25:44,186 - Knowledge - INFO - process ingested knowledge for /Users/veera/Documents/kavia-backend/graphnode-backend-api/data/rdk7542/786/b49665h/entservices-infra-786/helpers/WebSockets/WSEndpoint.cpp
2025-11-28 08:25:44,186 - Knowledge - INFO - process ingested knowledge for /Users/veera/Documents/kavia-backend/graphnode-backend-api/data/rdk7542/786/b49665h/entservices-infra-786/helpers/tptimer.h
2025-11-28 08:25:44,240 - Knowledge - INFO - process ingested knowledge for /Users/veera/Documents/kavia-backend/graphnode-backend-api/data/rdk7542/786/b49665h/entservices-infra-786/TelemetryMetrics/TelemetryMetrics.h
2025-11-28 08:25:44,373 - Knowledge - INFO - [LLM_CALL] Completed: DatabaseConnection.cpp:chunk1, Duration: 5538ms, PromptTokens: 4256, CompletionTokens: 489, Cost: $0.00062
2025-11-28 08:25:44,373 - Knowledge - INFO - done ingest for /Users/veera/Documents/kavia-backend/graphnode-backend-api/data/rdk7542/786/b49665h/entservices-infra-786/Analytics/Implementation/LocalStore/DatabaseConnection.cpp
2025-11-28 08:25:44,463 - Knowledge - INFO - process ingested knowledge for /Users/veera/Documents/kavia-backend/graphnode-backend-api/data/rdk7542/786/b49665h/entservices-infra-786/PackageManager/Module.cpp
2025-11-28 08:25:44,475 - Knowledge - INFO - process ingested knowledge for /Users/veera/Documents/kavia-backend/graphnode-backend-api/data/rdk7542/786/b49665h/entservices-infra-786/TelemetryMetrics/CMakeLists.txt
2025-11-28 08:25:44,533 - Knowledge - INFO - process ingested knowledge for /Users/veera/Documents/kavia-backend/graphnode-backend-api/data/rdk7542/786/b49665h/entservices-infra-786/Monitor/Module.cpp
2025-11-28 08:25:44,606 - Knowledge - INFO - process ingested knowledge for /Users/veera/Documents/kavia-backend/graphnode-backend-api/data/rdk7542/786/b49665h/entservices-infra-786/LifecycleManager/README.md
2025-11-28 08:25:44,609 - Knowledge - INFO - process ingested knowledge for /Users/veera/Documents/kavia-backend/graphnode-backend-api/data/rdk7542/786/b49665h/entservices-infra-786/RuntimeManager/RuntimeManagerImplementation.cpp
2025-11-28 08:25:44,660 - Knowledge - INFO - Processing batch of 10 files
2025-11-28 08:25:44,660 - Knowledge - INFO - process ingested knowledge for /Users/veera/Documents/kavia-backend/graphnode-backend-api/data/rdk7542/786/b49665h/entservices-infra-786/helpers/UtilsLOG_MILESTONE.h
2025-11-28 08:25:44,751 - Knowledge - INFO - process ingested knowledge for /Users/veera/Documents/kavia-backend/graphnode-backend-api/data/rdk7542/786/b49665h/entservices-infra-786/PackageManager/HttpClient.h
2025-11-28 08:25:44,756 - Knowledge - INFO - process ingested knowledge for /Users/veera/Documents/kavia-backend/graphnode-backend-api/data/rdk7542/786/b49665h/entservices-infra-786/TelemetryMetrics/TelemetryFilters.h
2025-11-28 08:25:44,789 - Knowledge - INFO - process ingested knowledge for /Users/veera/Documents/kavia-backend/graphnode-backend-api/data/rdk7542/786/b49665h/entservices-infra-786/helpers/WsManager.h
2025-11-28 08:25:44,790 - Knowledge - INFO - process ingested knowledge for /Users/veera/Documents/kavia-backend/graphnode-backend-api/data/rdk7542/786/b49665h/entservices-infra-786/Analytics/CMakeLists.txt
2025-11-28 08:25:44,791 - Knowledge - INFO - process ingested knowledge for /Users/veera/Documents/kavia-backend/graphnode-backend-api/data/rdk7542/786/b49665h/entservices-infra-786/LifecycleManager/WindowManagerHandler.cpp
2025-11-28 08:25:44,855 - Knowledge - INFO - process ingested knowledge for /Users/veera/Documents/kavia-backend/graphnode-backend-api/data/rdk7542/786/b49665h/entservices-infra-786/Monitor/Monitor.cpp
2025-11-28 08:25:44,946 - Knowledge - INFO - process ingested knowledge for /Users/veera/Documents/kavia-backend/graphnode-backend-api/data/rdk7542/786/b49665h/entservices-infra-786/LifecycleManager/LifecycleManagerTelemetryReporting.cpp
2025-11-28 08:25:44,978 - Knowledge - INFO - process ingested knowledge for /Users/veera/Documents/kavia-backend/graphnode-backend-api/data/rdk7542/786/b49665h/entservices-infra-786/Analytics/CHANGELOG.md
2025-11-28 08:25:45,028 - Knowledge - INFO - process ingested knowledge for /Users/veera/Documents/kavia-backend/graphnode-backend-api/data/rdk7542/786/b49665h/entservices-infra-786/helpers/UtilsConnections.h
2025-11-28 08:25:45,091 - Knowledge - INFO - [LLM_CALL] Completed: DatabaseConnection.h:chunk1, Duration: 6552ms, PromptTokens: 2296, CompletionTokens: 793, Cost: $0.00055
2025-11-28 08:25:45,091 - Knowledge - INFO - done ingest for /Users/veera/Documents/kavia-backend/graphnode-backend-api/data/rdk7542/786/b49665h/entservices-infra-786/Analytics/Implementation/LocalStore/DatabaseConnection.h
2025-11-28 08:25:45,295 - Knowledge - INFO - process ingested knowledge for /Users/veera/Documents/kavia-backend/graphnode-backend-api/data/rdk7542/786/b49665h/entservices-infra-786/PackageManager/PackageManagerImplementation.h
2025-11-28 08:25:45,394 - Knowledge - INFO - process ingested knowledge for /Users/veera/Documents/kavia-backend/graphnode-backend-api/data/rdk7542/786/b49665h/entservices-infra-786/Analytics/Module.cpp
2025-11-28 08:25:45,508 - Knowledge - INFO - process ingested knowledge for /Users/veera/Documents/kavia-backend/graphnode-backend-api/data/rdk7542/786/b49665h/entservices-infra-786/Analytics/Tests/AnalyticsBackendMock/CMakeLists.txt
2025-11-28 08:25:45,510 - Knowledge - INFO - [WEBSOCKET] Sent: Type=progress_update, Size: 274, Duration: 0ms
2025-11-28 08:25:45,513 - Knowledge - INFO - [WEBSOCKET] Sent: Type=unknown, Size: ?, Duration: 4ms
2025-11-28 08:25:45,514 - Knowledge - INFO - Progress: 97.3% | Files: 461/474 | Rate: 4.32 files/sec | Queue: 0
2025-11-28 08:25:45,631 - Knowledge - INFO - process ingested knowledge for /Users/veera/Documents/kavia-backend/graphnode-backend-api/data/rdk7542/786/b49665h/entservices-infra-786/TelemetryMetrics/Module.cpp
2025-11-28 08:25:45,690 - Knowledge - INFO - process ingested knowledge for /Users/veera/Documents/kavia-backend/graphnode-backend-api/data/rdk7542/786/b49665h/entservices-infra-786/LifecycleManager/RuntimeManagerHandler.cpp
2025-11-28 08:25:45,797 - Knowledge - INFO - process ingested knowledge for /Users/veera/Documents/kavia-backend/graphnode-backend-api/data/rdk7542/786/b49665h/entservices-infra-786/Analytics/Tests/AnalyticsBackendMock/AnalyticsBackendMock.cpp
2025-11-28 08:25:45,800 - Knowledge - INFO - process ingested knowledge for /Users/veera/Documents/kavia-backend/graphnode-backend-api/data/rdk7542/786/b49665h/entservices-infra-786/LifecycleManager/WindowManagerHandler.h
2025-11-28 08:25:45,800 - Knowledge - INFO - process ingested knowledge for /Users/veera/Documents/kavia-backend/graphnode-backend-api/data/rdk7542/786/b49665h/entservices-infra-786/helpers/frontpanel.cpp
2025-11-28 08:25:45,836 - Knowledge - INFO - Processing batch of 10 files
2025-11-28 08:25:45,837 - Knowledge - INFO - process ingested knowledge for /Users/veera/Documents/kavia-backend/graphnode-backend-api/data/rdk7542/786/b49665h/entservices-infra-786/Analytics/Analytics.cpp
2025-11-28 08:25:46,018 - Knowledge - INFO - process ingested knowledge for /Users/veera/Documents/kavia-backend/graphnode-backend-api/data/rdk7542/786/b49665h/entservices-infra-786/LifecycleManager/RuntimeManagerHandler.h
2025-11-28 08:25:46,036 - Knowledge - INFO - process ingested knowledge for /Users/veera/Documents/kavia-backend/graphnode-backend-api/data/rdk7542/786/b49665h/entservices-infra-786/TelemetryMetrics/TelemetryMetricsImplementation.cpp
2025-11-28 08:25:46,040 - Knowledge - INFO - [LLM_CALL] Completed: LocalStore.cpp:chunk1, Duration: 7139ms, PromptTokens: 4254, CompletionTokens: 674, Cost: $0.00069
2025-11-28 08:25:46,040 - Knowledge - INFO - done ingest for /Users/veera/Documents/kavia-backend/graphnode-backend-api/data/rdk7542/786/b49665h/entservices-infra-786/Analytics/Implementation/LocalStore/LocalStore.cpp
2025-11-28 08:25:46,171 - Knowledge - INFO - process ingested knowledge for /Users/veera/Documents/kavia-backend/graphnode-backend-api/data/rdk7542/786/b49665h/entservices-infra-786/TelemetryMetrics/TelemetryMetricsImplementation.h
2025-11-28 08:25:46,246 - Knowledge - INFO - process ingested knowledge for /Users/veera/Documents/kavia-backend/graphnode-backend-api/data/rdk7542/786/b49665h/entservices-infra-786/LifecycleManager/StateHandler.h
2025-11-28 08:25:46,252 - Knowledge - INFO - process ingested knowledge for /Users/veera/Documents/kavia-backend/graphnode-backend-api/data/rdk7542/786/b49665h/entservices-infra-786/Analytics/Analytics.h
2025-11-28 08:25:46,422 - Knowledge - INFO - process ingested knowledge for /Users/veera/Documents/kavia-backend/graphnode-backend-api/data/rdk7542/786/b49665h/entservices-infra-786/helpers/UtilsInputValidator.h
2025-11-28 08:25:46,569 - Knowledge - INFO - process ingested knowledge for /Users/veera/Documents/kavia-backend/graphnode-backend-api/data/rdk7542/786/b49665h/entservices-infra-786/LifecycleManager/Module.h
2025-11-28 08:25:46,646 - Knowledge - INFO - process ingested knowledge for /Users/veera/Documents/kavia-backend/graphnode-backend-api/data/rdk7542/786/b49665h/entservices-infra-786/LifecycleManager/State.h
2025-11-28 08:25:46,647 - Knowledge - INFO - process ingested knowledge for /Users/veera/Documents/kavia-backend/graphnode-backend-api/data/rdk7542/786/b49665h/entservices-infra-786/Analytics/Implementation/AnalyticsImplementation.h
2025-11-28 08:25:46,897 - Knowledge - INFO - process ingested knowledge for /Users/veera/Documents/kavia-backend/graphnode-backend-api/data/rdk7542/786/b49665h/entservices-infra-786/helpers/PluginInterfaceBuilder.h
2025-11-28 08:25:46,962 - Knowledge - INFO - process ingested knowledge for /Users/veera/Documents/kavia-backend/graphnode-backend-api/data/rdk7542/786/b49665h/entservices-infra-786/TelemetryMetrics/TelemetryMetrics.cpp
2025-11-28 08:25:47,040 - Knowledge - INFO - process ingested knowledge for /Users/veera/Documents/kavia-backend/graphnode-backend-api/data/rdk7542/786/b49665h/entservices-infra-786/Analytics/Implementation/Backend/CMakeLists.txt
2025-11-28 08:25:47,088 - Knowledge - INFO - process ingested knowledge for /Users/veera/Documents/kavia-backend/graphnode-backend-api/data/rdk7542/786/b49665h/entservices-infra-786/helpers/UtilsSynchro.hpp
2025-11-28 08:25:47,194 - Knowledge - INFO - process ingested knowledge for /Users/veera/Documents/kavia-backend/graphnode-backend-api/data/rdk7542/786/b49665h/entservices-infra-786/TelemetryMetrics/Module.h
2025-11-28 08:25:47,231 - Knowledge - INFO - process ingested knowledge for /Users/veera/Documents/kavia-backend/graphnode-backend-api/data/rdk7542/786/b49665h/entservices-infra-786/RustAdapter/RustAdapter.cpp
2025-11-28 08:25:47,306 - Knowledge - INFO - process ingested knowledge for /Users/veera/Documents/kavia-backend/graphnode-backend-api/data/rdk7542/786/b49665h/entservices-infra-786/LifecycleManager/LifecycleManager.cpp
2025-11-28 08:25:47,345 - Knowledge - INFO - process ingested knowledge for /Users/veera/Documents/kavia-backend/graphnode-backend-api/data/rdk7542/786/b49665h/entservices-infra-786/LifecycleManager/IEventHandler.h
2025-11-28 08:25:47,395 - Knowledge - INFO - process ingested knowledge for /Users/veera/Documents/kavia-backend/graphnode-backend-api/data/rdk7542/786/b49665h/entservices-infra-786/Analytics/Implementation/Backend/AnalyticsBackendLoader.h
2025-11-28 08:25:47,554 - Knowledge - INFO - process ingested knowledge for /Users/veera/Documents/kavia-backend/graphnode-backend-api/data/rdk7542/786/b49665h/entservices-infra-786/RustAdapter/RustAdapter.h
2025-11-28 08:25:47,554 - Knowledge - INFO - process ingested knowledge for /Users/veera/Documents/kavia-backend/graphnode-backend-api/data/rdk7542/786/b49665h/entservices-infra-786/Analytics/Implementation/Backend/AnalyticsBackendLoader.cpp
2025-11-28 08:25:47,646 - Knowledge - INFO - process ingested knowledge for /Users/veera/Documents/kavia-backend/graphnode-backend-api/data/rdk7542/786/b49665h/entservices-infra-786/helpers/UtilsgetRFCConfig.h
2025-11-28 08:25:47,646 - Knowledge - INFO - process ingested knowledge for /Users/veera/Documents/kavia-backend/graphnode-backend-api/data/rdk7542/786/b49665h/entservices-infra-786/LifecycleManager/LifecycleManagerTelemetryReporting.h
2025-11-28 08:25:47,900 - Knowledge - INFO - process ingested knowledge for /Users/veera/Documents/kavia-backend/graphnode-backend-api/data/rdk7542/786/b49665h/entservices-infra-786/helpers/UtilssyncPersistFile.h
2025-11-28 08:25:47,991 - Knowledge - INFO - process ingested knowledge for /Users/veera/Documents/kavia-backend/graphnode-backend-api/data/rdk7542/786/b49665h/entservices-infra-786/helpers/UtilsController.h
2025-11-28 08:25:48,204 - Knowledge - INFO - process ingested knowledge for /Users/veera/Documents/kavia-backend/graphnode-backend-api/data/rdk7542/786/b49665h/entservices-infra-786/Analytics/Implementation/SystemTime/CMakeLists.txt
2025-11-28 08:25:48,470 - Knowledge - INFO - process ingested knowledge for /Users/veera/Documents/kavia-backend/graphnode-backend-api/data/rdk7542/786/b49665h/entservices-infra-786/Analytics/Implementation/SystemTime/SystemTime.cpp
2025-11-28 08:25:48,602 - Knowledge - INFO - process ingested knowledge for /Users/veera/Documents/kavia-backend/graphnode-backend-api/data/rdk7542/786/b49665h/entservices-infra-786/LifecycleManager/ApplicationContext.cpp
2025-11-28 08:25:48,882 - Knowledge - INFO - [WEBSOCKET] Sent: Type=progress_update, Size: 274, Duration: 0ms
2025-11-28 08:25:48,883 - Knowledge - INFO - Processing batch of 10 files
2025-11-28 08:25:48,883 - Knowledge - INFO - process ingested knowledge for /Users/veera/Documents/kavia-backend/graphnode-backend-api/data/rdk7542/786/b49665h/entservices-infra-786/Analytics/Implementation/Interfaces/ISystemTime.h
2025-11-28 08:25:48,884 - Knowledge - INFO - [WEBSOCKET] Sent: Type=unknown, Size: ?, Duration: 2ms
2025-11-28 08:25:48,884 - Knowledge - INFO - Progress: 99.8% | Files: 473/474 | Rate: 4.30 files/sec | Queue: 0
2025-11-28 08:25:49,047 - Knowledge - INFO - process ingested knowledge for /Users/veera/Documents/kavia-backend/graphnode-backend-api/data/rdk7542/786/b49665h/entservices-infra-786/LifecycleManager/LifecycleManagerImplementation.cpp
2025-11-28 08:25:49,106 - Knowledge - INFO - process ingested knowledge for /Users/veera/Documents/kavia-backend/graphnode-backend-api/data/rdk7542/786/b49665h/entservices-infra-786/Analytics/Implementation/SystemTime/SystemTime.h
2025-11-28 08:25:49,202 - Knowledge - INFO - process ingested knowledge for /Users/veera/Documents/kavia-backend/graphnode-backend-api/data/rdk7542/786/b49665h/entservices-infra-786/Analytics/Implementation/Interfaces/IAnalyticsBackend.h
2025-11-28 08:25:49,253 - Knowledge - INFO - process ingested knowledge for /Users/veera/Documents/kavia-backend/graphnode-backend-api/data/rdk7542/786/b49665h/entservices-infra-786/Analytics/Implementation/AnalyticsImplementation.cpp
2025-11-28 08:25:49,340 - Knowledge - INFO - process ingested knowledge for /Users/veera/Documents/kavia-backend/graphnode-backend-api/data/rdk7542/786/b49665h/entservices-infra-786/Analytics/Implementation/Interfaces/ILocalStore.h
2025-11-28 08:25:49,342 - Knowledge - INFO - process ingested knowledge for /Users/veera/Documents/kavia-backend/graphnode-backend-api/data/rdk7542/786/b49665h/entservices-infra-786/Analytics/Implementation/LocalStore/LocalStore.h
2025-11-28 08:25:49,543 - Knowledge - INFO - process ingested knowledge for /Users/veera/Documents/kavia-backend/graphnode-backend-api/data/rdk7542/786/b49665h/entservices-infra-786/Analytics/Implementation/LocalStore/CMakeLists.txt
2025-11-28 08:25:49,701 - Knowledge - INFO - process ingested knowledge for /Users/veera/Documents/kavia-backend/graphnode-backend-api/data/rdk7542/786/b49665h/entservices-infra-786/Analytics/Implementation/LocalStore/DatabaseConnection.h
2025-11-28 08:25:50,224 - Knowledge - INFO - process ingested knowledge for /Users/veera/Documents/kavia-backend/graphnode-backend-api/data/rdk7542/786/b49665h/entservices-infra-786/Analytics/Implementation/LocalStore/DatabaseInterface.h
2025-11-28 08:25:50,470 - Knowledge - INFO - process ingested knowledge for /Users/veera/Documents/kavia-backend/graphnode-backend-api/data/rdk7542/786/b49665h/entservices-infra-786/Analytics/Implementation/LocalStore/DatabaseConnection.cpp
2025-11-28 08:25:50,718 - Knowledge - INFO - process ingested knowledge for /Users/veera/Documents/kavia-backend/graphnode-backend-api/data/rdk7542/786/b49665h/entservices-infra-786/Analytics/Implementation/LocalStore/LocalStore.cpp
2025-11-28 08:25:50,720 - Knowledge - INFO - process ingested knowledge for /Users/veera/Documents/kavia-backend/graphnode-backend-api/data/rdk7542/786/b49665h/entservices-infra-786/Analytics/Module.h
2025-11-28 08:25:52,299 - Knowledge - INFO - Knowledge creation complete
2025-11-28 08:25:52,301 - Knowledge - INFO - ==================================================
2025-11-28 08:25:52,301 - Knowledge - INFO - KNOWLEDGE GRAPH GENERATION PERFORMANCE SUMMARY
2025-11-28 08:25:52,301 - Knowledge - INFO - ==================================================
2025-11-28 08:25:52,301 - Knowledge - INFO - Total processing time: 113.56 seconds (1.89 minutes)
2025-11-28 08:25:52,301 - Knowledge - INFO - Files processed: 0
2025-11-28 08:25:52,301 - Knowledge - INFO - Processing rate: 0.00 files/second
2025-11-28 08:25:52,301 - Knowledge - INFO - 
[TIME_BREAKDOWN]
2025-11-28 08:25:52,301 - Knowledge - INFO - File Reading: 0.00s (0.0%)
2025-11-28 08:25:52,301 - Knowledge - INFO - LLM Processing: 6010.65s (5292.8%)
2025-11-28 08:25:52,301 - Knowledge - INFO - MongoDB Operations: 0.00s (0.0%)
2025-11-28 08:25:52,301 - Knowledge - INFO - Redis Operations: 0.00s (0.0%)
2025-11-28 08:25:52,301 - Knowledge - INFO - WebSocket Communication: 0.43s (0.4%)
2025-11-28 08:25:52,301 - Knowledge - INFO - 
[LLM_STATS]
2025-11-28 08:25:52,301 - Knowledge - INFO - Total LLM calls: 175
2025-11-28 08:25:52,301 - Knowledge - INFO - Average LLM response time: 34347ms
2025-11-28 08:25:52,301 - Knowledge - INFO - Average prompt tokens: 5352.2
2025-11-28 08:25:52,301 - Knowledge - INFO - Average completion tokens: 898.1
2025-11-28 08:25:52,301 - Knowledge - INFO - Total prompt tokens: 936628
2025-11-28 08:25:52,301 - Knowledge - INFO - Total completion tokens: 157166
2025-11-28 08:25:52,301 - Knowledge - INFO - Total LLM cost: $0.1565
2025-11-28 08:25:52,301 - Knowledge - INFO - 
[DATABASE_STATS]
2025-11-28 08:25:52,301 - Knowledge - INFO - MongoDB operations: 0
2025-11-28 08:25:52,301 - Knowledge - INFO - Redis operations: 0
2025-11-28 08:25:52,301 - Knowledge - INFO - 
[COMMUNICATION_STATS]
2025-11-28 08:25:52,301 - Knowledge - INFO - WebSocket messages sent: 24
2025-11-28 08:25:52,301 - Knowledge - INFO - Average message size: 142.6 bytes
2025-11-28 08:25:52,301 - Knowledge - INFO - 
[WORKER_STATS]
2025-11-28 08:25:52,302 - Knowledge - INFO - 
[FILE_TYPE_STATS]
2025-11-28 08:25:52,302 - Knowledge - INFO - 
[SLOWEST_FILES]
2025-11-28 08:25:52,302 - Knowledge - INFO - ==================================================
2025-11-28 08:25:52,302 - Knowledge - INFO - ==================================================
2025-11-28 08:25:52,302 - Knowledge - INFO - KNOWLEDGE GRAPH GENERATION PERFORMANCE SUMMARY
2025-11-28 08:25:52,302 - Knowledge - INFO - ==================================================
2025-11-28 08:25:52,302 - Knowledge - INFO - Total processing time: 113.59 seconds (1.89 minutes)
2025-11-28 08:25:52,302 - Knowledge - INFO - Files processed: 473 of 474
2025-11-28 08:25:52,302 - Knowledge - INFO - Processing rate: 4.16 files/second
2025-11-28 08:25:52,302 - Knowledge - INFO - WebSocket messages sent: 12
2025-11-28 08:25:52,302 - Knowledge - INFO - MongoDB operations: 473
2025-11-28 08:25:52,302 - Knowledge - INFO - Average MongoDB ops per file: 1.00
2025-11-28 08:25:52,302 - Knowledge - INFO - LLM costs: $0.1632
2025-11-28 08:25:52,302 - Knowledge - INFO - Prompt tokens: 980002
2025-11-28 08:25:52,302 - Knowledge - INFO - Completion tokens: 162951
2025-11-28 08:25:52,302 - Knowledge - INFO - Updating org costs, total cost: 0.1631805999999999
2025-11-28 08:25:56,357 - Knowledge - INFO - [WEBSOCKET] Sent: Type=progress_update, Size: 268, Duration: 0ms
2025-11-28 08:25:56,358 - Knowledge - INFO - 💾 SAVING TO REDIS - Prefix: knowledge:b49665h:
2025-11-28 08:25:56,358 - Knowledge - INFO - 💾 Files to save: source_files=473, file_info=474, docs=0, code_bases=1
2025-11-28 08:25:56,358 - Knowledge - INFO - 💾 Source files list: ['/Users/veera/Documents/kavia-backend/graphnode-backend-api/data/rdk7542/786/b49665h/entservices-infra-786/cmake/FindSqliteSee.cmake', '/Users/veera/Documents/kavia-backend/graphnode-backend-api/data/rdk7542/786/b49665h/entservices-infra-786/cmake/FindGStreamerVideo.cmake', '/Users/veera/Documents/kavia-backend/graphnode-backend-api/data/rdk7542/786/b49665h/entservices-infra-786/cmake/FindSqlite.cmake', '/Users/veera/Documents/kavia-backend/graphnode-backend-api/data/rdk7542/786/b49665h/entservices-infra-786/cmake/FindBCM_HOST.cmake', '/Users/veera/Documents/kavia-backend/graphnode-backend-api/data/rdk7542/786/b49665h/entservices-infra-786/cmake/FindDL.cmake']...
2025-11-28 08:25:56,358 - Knowledge - INFO - 💾 Code bases: ['https://github.com/kavia-common/entservices-infra-786.git:kavia-main']
2025-11-28 08:25:56,420 - Knowledge - INFO - ✅ Knowledge saved to Redis successfully - Prefix: knowledge:b49665h:, Files: 473
2025-11-28 08:25:58,421 - Knowledge - INFO - 🔍 GETTING FROM REDIS - Requested IDs: ['b49665h']
2025-11-28 08:25:58,422 - Knowledge - INFO - 🔍 GETTING FROM REDIS - ID: b49665h, Prefix: knowledge:b49665h:
2025-11-28 08:25:58,425 - Knowledge - INFO - 🔍 FOUND source_files: 473 files
2025-11-28 08:25:58,426 - Knowledge - INFO - 🔍 FOUND source_code_bases: ['https://github.com/kavia-common/entservices-infra-786.git:kavia-main']
2025-11-28 08:25:58,466 - Knowledge - INFO - ✅ RETRIEVED FROM REDIS - source_files: 473, file_info: 474, code_bases: ['https://github.com/kavia-common/entservices-infra-786.git:kavia-main']
2025-11-28 08:25:58,468 - Knowledge - INFO - 🔍 GETTING FROM REDIS - Requested IDs: ['5yDSRc', 'b49665h']
2025-11-28 08:25:58,468 - Knowledge - INFO - 🔍 GETTING FROM REDIS - ID: 5yDSRc, Prefix: knowledge:5yDSRc:
2025-11-28 08:25:58,472 - Knowledge - INFO - 🔍 GETTING FROM REDIS - ID: b49665h, Prefix: knowledge:b49665h:
2025-11-28 08:25:58,472 - Knowledge - INFO - 🔍 FOUND source_files: 473 files
2025-11-28 08:25:58,472 - Knowledge - INFO - 🔍 FOUND source_code_bases: ['https://github.com/kavia-common/entservices-infra-786.git:kavia-main']
2025-11-28 08:25:58,495 - Knowledge - INFO - ✅ RETRIEVED FROM REDIS - source_files: 473, file_info: 474, code_bases: ['https://github.com/kavia-common/entservices-infra-786.git:kavia-main']
